ISO-10303-21;
HEADER;
FILE_DESCRIPTION(('Open CASCADE Model'),'2;1');
FILE_NAME('Open CASCADE Shape Model','2026-09-24T17:16:40',('Author'),(
    'Open CASCADE'),'Open CASCADE STEP processor 7.9','Open CASCADE 7.9'
  ,'Unknown');
FILE_SCHEMA(('AUTOMOTIVE_DESIGN { 1 0 10303 214 1 1 1 1 }'));
ENDSEC;
DATA;
#1 = APPLICATION_PROTOCOL_DEFINITION('international standard',
  'automotive_design',2000,#2);
#2 = APPLICATION_CONTEXT(
  'core data for automotive mechanical design processes');
#3 = SHAPE_DEFINITION_REPRESENTATION(#4,#10);
#4 = PRODUCT_DEFINITION_SHAPE('','',#5);
#5 = PRODUCT_DEFINITION('design','',#6,#9);
#6 = PRODUCT_DEFINITION_FORMATION('','',#7);
#7 = PRODUCT('TCM25-BBER-10R_KF','TCM25-BBER-10R_KF','',(#8));
#8 = PRODUCT_CONTEXT('',#2,'mechanical');
#9 = PRODUCT_DEFINITION_CONTEXT('part definition',#2,'design');
#10 = SHAPE_REPRESENTATION('',(#11,#15,#19,#23),#27);
#11 = AXIS2_PLACEMENT_3D('',#12,#13,#14);
#12 = CARTESIAN_POINT('',(0.,0.,0.));
#13 = DIRECTION('',(0.,0.,1.));
#14 = DIRECTION('',(1.,0.,-0.));
#15 = AXIS2_PLACEMENT_3D('',#16,#17,#18);
#16 = CARTESIAN_POINT('',(0.,0.,0.));
#17 = DIRECTION('',(0.,0.,1.));
#18 = DIRECTION('',(1.,0.,-0.));
#19 = AXIS2_PLACEMENT_3D('',#20,#21,#22);
#20 = CARTESIAN_POINT('',(0.,0.,0.));
#21 = DIRECTION('',(0.,0.,1.));
#22 = DIRECTION('',(1.,0.,-0.));
#23 = AXIS2_PLACEMENT_3D('',#24,#25,#26);
#24 = CARTESIAN_POINT('',(0.,0.,0.));
#25 = DIRECTION('',(0.,0.,1.));
#26 = DIRECTION('',(1.,0.,-0.));
#27 = ( GEOMETRIC_REPRESENTATION_CONTEXT(3) 
GLOBAL_UNCERTAINTY_ASSIGNED_CONTEXT((#31)) GLOBAL_UNIT_ASSIGNED_CONTEXT(
(#28,#29,#30)) REPRESENTATION_CONTEXT('Context #1',
  '3D Context with UNIT and UNCERTAINTY') );
#28 = ( LENGTH_UNIT() NAMED_UNIT(*) SI_UNIT(.MILLI.,.METRE.) );
#29 = ( NAMED_UNIT(*) PLANE_ANGLE_UNIT() SI_UNIT($,.RADIAN.) );
#30 = ( NAMED_UNIT(*) SI_UNIT($,.STERADIAN.) SOLID_ANGLE_UNIT() );
#31 = UNCERTAINTY_MEASURE_WITH_UNIT(LENGTH_MEASURE(1.E-07),#28,
  'distance_accuracy_value','confusion accuracy');
#32 = PRODUCT_RELATED_PRODUCT_CATEGORY('part',$,(#7));
#33 = SHAPE_DEFINITION_REPRESENTATION(#34,#40);
#34 = PRODUCT_DEFINITION_SHAPE('','',#35);
#35 = PRODUCT_DEFINITION('design','',#36,#39);
#36 = PRODUCT_DEFINITION_FORMATION('','',#37);
#37 = PRODUCT('corpo','corpo','',(#38));
#38 = PRODUCT_CONTEXT('',#2,'mechanical');
#39 = PRODUCT_DEFINITION_CONTEXT('part definition',#2,'design');
#40 = ADVANCED_BREP_SHAPE_REPRESENTATION('',(#11,#41),#6991);
#41 = MANIFOLD_SOLID_BREP('',#42);
#42 = CLOSED_SHELL('',(#43,#1660,#1732,#1781,#1807,#1903,#1929,#1988,
    #2013,#2066,#2091,#2144,#2169,#2222,#2247,#2300,#2325,#2373,#2398,
    #2404,#2430,#2437,#2496,#2521,#2574,#2599,#2652,#2677,#2730,#2755,
    #2808,#2833,#2881,#2906,#2961,#3039,#3090,#3141,#3192,#3243,#3272,
    #3350,#3401,#3452,#3503,#3554,#3583,#3587,#3627,#3667,#3726,#3785,
    #3820,#3855,#3910,#3965,#4004,#4043,#4102,#4161,#4196,#4231,#4286,
    #4341,#4380,#4419,#4478,#4537,#4572,#4607,#4662,#4717,#4756,#4795,
    #4854,#4913,#4948,#4983,#5038,#5093,#5132,#5171,#5230,#5289,#5324,
    #5359,#5414,#5469,#5508,#5547,#5606,#5665,#5700,#5735,#5790,#5845,
    #5884,#5923,#5982,#6041,#6076,#6111,#6166,#6221,#6260,#6299,#6358,
    #6417,#6452,#6487,#6542,#6597,#6636,#6675,#6730,#6785,#6838,#6891,
    #6930,#6964));
#43 = ADVANCED_FACE('',(#44,#1129),#58,.T.);
#44 = FACE_BOUND('',#45,.F.);
#45 = EDGE_LOOP('',(#46,#76,#105,#134,#163,#192,#221,#250,#279,#308,#337
    ,#366,#395,#424,#446,#447,#480,#506,#539,#565,#597,#620,#649,#678,
    #707,#736,#765,#794,#823,#852,#881,#910,#939,#968,#990,#991,#1023,
    #1044,#1077,#1103));
#46 = ORIENTED_EDGE('',*,*,#47,.F.);
#47 = EDGE_CURVE('',#48,#50,#52,.T.);
#48 = VERTEX_POINT('',#49);
#49 = CARTESIAN_POINT('',(-41.,26.,0.));
#50 = VERTEX_POINT('',#51);
#51 = CARTESIAN_POINT('',(-20.,26.,0.));
#52 = SEAM_CURVE('',#53,(#57,#69),.PCURVE_S1.);
#53 = LINE('',#54,#55);
#54 = CARTESIAN_POINT('',(-41.,26.,0.));
#55 = VECTOR('',#56,1.);
#56 = DIRECTION('',(1.,0.,0.));
#57 = PCURVE('',#58,#63);
#58 = CYLINDRICAL_SURFACE('',#59,26.);
#59 = AXIS2_PLACEMENT_3D('',#60,#61,#62);
#60 = CARTESIAN_POINT('',(-41.,0.,0.));
#61 = DIRECTION('',(-1.,-0.,-0.));
#62 = DIRECTION('',(0.,1.,0.));
#63 = DEFINITIONAL_REPRESENTATION('',(#64),#68);
#64 = LINE('',#65,#66);
#65 = CARTESIAN_POINT('',(-6.28318530718,0.));
#66 = VECTOR('',#67,1.);
#67 = DIRECTION('',(-0.,-1.));
#68 = ( GEOMETRIC_REPRESENTATION_CONTEXT(2) 
PARAMETRIC_REPRESENTATION_CONTEXT() REPRESENTATION_CONTEXT('2D SPACE',''
  ) );
#69 = PCURVE('',#58,#70);
#70 = DEFINITIONAL_REPRESENTATION('',(#71),#75);
#71 = LINE('',#72,#73);
#72 = CARTESIAN_POINT('',(-0.,0.));
#73 = VECTOR('',#74,1.);
#74 = DIRECTION('',(-0.,-1.));
#75 = ( GEOMETRIC_REPRESENTATION_CONTEXT(2) 
PARAMETRIC_REPRESENTATION_CONTEXT() REPRESENTATION_CONTEXT('2D SPACE',''
  ) );
#76 = ORIENTED_EDGE('',*,*,#77,.F.);
#77 = EDGE_CURVE('',#78,#48,#80,.T.);
#78 = VERTEX_POINT('',#79);
#79 = CARTESIAN_POINT('',(-41.,25.221349308882,-6.315341561574));
#80 = SURFACE_CURVE('',#81,(#86,#93),.PCURVE_S1.);
#81 = CIRCLE('',#82,26.);
#82 = AXIS2_PLACEMENT_3D('',#83,#84,#85);
#83 = CARTESIAN_POINT('',(-41.,0.,0.));
#84 = DIRECTION('',(1.,0.,0.));
#85 = DIRECTION('',(0.,1.,0.));
#86 = PCURVE('',#58,#87);
#87 = DEFINITIONAL_REPRESENTATION('',(#88),#92);
#88 = LINE('',#89,#90);
#89 = CARTESIAN_POINT('',(-0.,0.));
#90 = VECTOR('',#91,1.);
#91 = DIRECTION('',(-1.,0.));
#92 = ( GEOMETRIC_REPRESENTATION_CONTEXT(2) 
PARAMETRIC_REPRESENTATION_CONTEXT() REPRESENTATION_CONTEXT('2D SPACE',''
  ) );
#93 = PCURVE('',#94,#99);
#94 = PLANE('',#95);
#95 = AXIS2_PLACEMENT_3D('',#96,#97,#98);
#96 = CARTESIAN_POINT('',(-41.,-1.640928159047E-15,-9.845568954284E-16)
  );
#97 = DIRECTION('',(1.,0.,0.));
#98 = DIRECTION('',(-0.,0.,1.));
#99 = DEFINITIONAL_REPRESENTATION('',(#100),#104);
#100 = CIRCLE('',#101,26.);
#101 = AXIS2_PLACEMENT_2D('',#102,#103);
#102 = CARTESIAN_POINT('',(9.845568954284E-16,-1.640928159047E-15));
#103 = DIRECTION('',(0.,-1.));
#104 = ( GEOMETRIC_REPRESENTATION_CONTEXT(2) 
PARAMETRIC_REPRESENTATION_CONTEXT() REPRESENTATION_CONTEXT('2D SPACE',''
  ) );
#105 = ORIENTED_EDGE('',*,*,#106,.F.);
#106 = EDGE_CURVE('',#107,#78,#109,.T.);
#107 = VERTEX_POINT('',#108);
#108 = CARTESIAN_POINT('',(-41.,18.07992088034,-18.68465843842));
#109 = SURFACE_CURVE('',#110,(#115,#122),.PCURVE_S1.);
#110 = CIRCLE('',#111,26.);
#111 = AXIS2_PLACEMENT_3D('',#112,#113,#114);
#112 = CARTESIAN_POINT('',(-41.,0.,0.));
#113 = DIRECTION('',(1.,0.,0.));
#114 = DIRECTION('',(0.,1.,0.));
#115 = PCURVE('',#58,#116);
#116 = DEFINITIONAL_REPRESENTATION('',(#117),#121);
#117 = LINE('',#118,#119);
#118 = CARTESIAN_POINT('',(-0.,0.));
#119 = VECTOR('',#120,1.);
#120 = DIRECTION('',(-1.,0.));
#121 = ( GEOMETRIC_REPRESENTATION_CONTEXT(2) 
PARAMETRIC_REPRESENTATION_CONTEXT() REPRESENTATION_CONTEXT('2D SPACE',''
  ) );
#122 = PCURVE('',#123,#128);
#123 = PLANE('',#124);
#124 = AXIS2_PLACEMENT_3D('',#125,#126,#127);
#125 = CARTESIAN_POINT('',(-41.,-8.415016200243E-16,2.304645920836E-15)
  );
#126 = DIRECTION('',(1.,0.,0.));
#127 = DIRECTION('',(-0.,0.,1.));
#128 = DEFINITIONAL_REPRESENTATION('',(#129),#133);
#129 = CIRCLE('',#130,26.);
#130 = AXIS2_PLACEMENT_2D('',#131,#132);
#131 = CARTESIAN_POINT('',(-2.304645920836E-15,-8.415016200243E-16));
#132 = DIRECTION('',(0.,-1.));
#133 = ( GEOMETRIC_REPRESENTATION_CONTEXT(2) 
PARAMETRIC_REPRESENTATION_CONTEXT() REPRESENTATION_CONTEXT('2D SPACE',''
  ) );
#134 = ORIENTED_EDGE('',*,*,#135,.F.);
#135 = EDGE_CURVE('',#136,#107,#138,.T.);
#136 = VERTEX_POINT('',#137);
#137 = CARTESIAN_POINT('',(-41.,7.141428428544,-25.));
#138 = SURFACE_CURVE('',#139,(#144,#151),.PCURVE_S1.);
#139 = CIRCLE('',#140,26.);
#140 = AXIS2_PLACEMENT_3D('',#141,#142,#143);
#141 = CARTESIAN_POINT('',(-41.,0.,0.));
#142 = DIRECTION('',(1.,0.,0.));
#143 = DIRECTION('',(0.,1.,0.));
#144 = PCURVE('',#58,#145);
#145 = DEFINITIONAL_REPRESENTATION('',(#146),#150);
#146 = LINE('',#147,#148);
#147 = CARTESIAN_POINT('',(-0.,0.));
#148 = VECTOR('',#149,1.);
#149 = DIRECTION('',(-1.,0.));
#150 = ( GEOMETRIC_REPRESENTATION_CONTEXT(2) 
PARAMETRIC_REPRESENTATION_CONTEXT() REPRESENTATION_CONTEXT('2D SPACE',''
  ) );
#151 = PCURVE('',#152,#157);
#152 = PLANE('',#153);
#153 = AXIS2_PLACEMENT_3D('',#154,#155,#156);
#154 = CARTESIAN_POINT('',(-41.,-1.640928159047E-15,-9.845568954284E-16)
  );
#155 = DIRECTION('',(1.,0.,0.));
#156 = DIRECTION('',(-0.,0.,1.));
#157 = DEFINITIONAL_REPRESENTATION('',(#158),#162);
#158 = CIRCLE('',#159,26.);
#159 = AXIS2_PLACEMENT_2D('',#160,#161);
#160 = CARTESIAN_POINT('',(9.845568954284E-16,-1.640928159047E-15));
#161 = DIRECTION('',(0.,-1.));
#162 = ( GEOMETRIC_REPRESENTATION_CONTEXT(2) 
PARAMETRIC_REPRESENTATION_CONTEXT() REPRESENTATION_CONTEXT('2D SPACE',''
  ) );
#163 = ORIENTED_EDGE('',*,*,#164,.F.);
#164 = EDGE_CURVE('',#165,#136,#167,.T.);
#165 = VERTEX_POINT('',#166);
#166 = CARTESIAN_POINT('',(-41.,-7.141428428542,-25.));
#167 = SURFACE_CURVE('',#168,(#173,#180),.PCURVE_S1.);
#168 = CIRCLE('',#169,26.);
#169 = AXIS2_PLACEMENT_3D('',#170,#171,#172);
#170 = CARTESIAN_POINT('',(-41.,0.,0.));
#171 = DIRECTION('',(1.,0.,0.));
#172 = DIRECTION('',(0.,1.,0.));
#173 = PCURVE('',#58,#174);
#174 = DEFINITIONAL_REPRESENTATION('',(#175),#179);
#175 = LINE('',#176,#177);
#176 = CARTESIAN_POINT('',(-0.,0.));
#177 = VECTOR('',#178,1.);
#178 = DIRECTION('',(-1.,0.));
#179 = ( GEOMETRIC_REPRESENTATION_CONTEXT(2) 
PARAMETRIC_REPRESENTATION_CONTEXT() REPRESENTATION_CONTEXT('2D SPACE',''
  ) );
#180 = PCURVE('',#181,#186);
#181 = PLANE('',#182);
#182 = AXIS2_PLACEMENT_3D('',#183,#184,#185);
#183 = CARTESIAN_POINT('',(-41.,-8.415016200243E-16,2.304645920836E-15)
  );
#184 = DIRECTION('',(1.,0.,0.));
#185 = DIRECTION('',(-0.,0.,1.));
#186 = DEFINITIONAL_REPRESENTATION('',(#187),#191);
#187 = CIRCLE('',#188,26.);
#188 = AXIS2_PLACEMENT_2D('',#189,#190);
#189 = CARTESIAN_POINT('',(-2.304645920836E-15,-8.415016200243E-16));
#190 = DIRECTION('',(0.,-1.));
#191 = ( GEOMETRIC_REPRESENTATION_CONTEXT(2) 
PARAMETRIC_REPRESENTATION_CONTEXT() REPRESENTATION_CONTEXT('2D SPACE',''
  ) );
#192 = ORIENTED_EDGE('',*,*,#193,.F.);
#193 = EDGE_CURVE('',#194,#165,#196,.T.);
#194 = VERTEX_POINT('',#195);
#195 = CARTESIAN_POINT('',(-41.,-18.07992088034,-18.68465843842));
#196 = SURFACE_CURVE('',#197,(#202,#209),.PCURVE_S1.);
#197 = CIRCLE('',#198,26.);
#198 = AXIS2_PLACEMENT_3D('',#199,#200,#201);
#199 = CARTESIAN_POINT('',(-41.,0.,0.));
#200 = DIRECTION('',(1.,0.,0.));
#201 = DIRECTION('',(0.,1.,0.));
#202 = PCURVE('',#58,#203);
#203 = DEFINITIONAL_REPRESENTATION('',(#204),#208);
#204 = LINE('',#205,#206);
#205 = CARTESIAN_POINT('',(-0.,0.));
#206 = VECTOR('',#207,1.);
#207 = DIRECTION('',(-1.,0.));
#208 = ( GEOMETRIC_REPRESENTATION_CONTEXT(2) 
PARAMETRIC_REPRESENTATION_CONTEXT() REPRESENTATION_CONTEXT('2D SPACE',''
  ) );
#209 = PCURVE('',#210,#215);
#210 = PLANE('',#211);
#211 = AXIS2_PLACEMENT_3D('',#212,#213,#214);
#212 = CARTESIAN_POINT('',(-41.,-1.640928159047E-15,-9.845568954284E-16)
  );
#213 = DIRECTION('',(1.,0.,0.));
#214 = DIRECTION('',(-0.,0.,1.));
#215 = DEFINITIONAL_REPRESENTATION('',(#216),#220);
#216 = CIRCLE('',#217,26.);
#217 = AXIS2_PLACEMENT_2D('',#218,#219);
#218 = CARTESIAN_POINT('',(9.845568954284E-16,-1.640928159047E-15));
#219 = DIRECTION('',(0.,-1.));
#220 = ( GEOMETRIC_REPRESENTATION_CONTEXT(2) 
PARAMETRIC_REPRESENTATION_CONTEXT() REPRESENTATION_CONTEXT('2D SPACE',''
  ) );
#221 = ORIENTED_EDGE('',*,*,#222,.F.);
#222 = EDGE_CURVE('',#223,#194,#225,.T.);
#223 = VERTEX_POINT('',#224);
#224 = CARTESIAN_POINT('',(-41.,-25.22134930888,-6.315341561574));
#225 = SURFACE_CURVE('',#226,(#231,#238),.PCURVE_S1.);
#226 = CIRCLE('',#227,26.);
#227 = AXIS2_PLACEMENT_3D('',#228,#229,#230);
#228 = CARTESIAN_POINT('',(-41.,0.,0.));
#229 = DIRECTION('',(1.,0.,0.));
#230 = DIRECTION('',(0.,1.,0.));
#231 = PCURVE('',#58,#232);
#232 = DEFINITIONAL_REPRESENTATION('',(#233),#237);
#233 = LINE('',#234,#235);
#234 = CARTESIAN_POINT('',(-0.,0.));
#235 = VECTOR('',#236,1.);
#236 = DIRECTION('',(-1.,0.));
#237 = ( GEOMETRIC_REPRESENTATION_CONTEXT(2) 
PARAMETRIC_REPRESENTATION_CONTEXT() REPRESENTATION_CONTEXT('2D SPACE',''
  ) );
#238 = PCURVE('',#239,#244);
#239 = PLANE('',#240);
#240 = AXIS2_PLACEMENT_3D('',#241,#242,#243);
#241 = CARTESIAN_POINT('',(-41.,-8.415016200243E-16,2.304645920836E-15)
  );
#242 = DIRECTION('',(1.,0.,0.));
#243 = DIRECTION('',(-0.,0.,1.));
#244 = DEFINITIONAL_REPRESENTATION('',(#245),#249);
#245 = CIRCLE('',#246,26.);
#246 = AXIS2_PLACEMENT_2D('',#247,#248);
#247 = CARTESIAN_POINT('',(-2.304645920836E-15,-8.415016200243E-16));
#248 = DIRECTION('',(0.,-1.));
#249 = ( GEOMETRIC_REPRESENTATION_CONTEXT(2) 
PARAMETRIC_REPRESENTATION_CONTEXT() REPRESENTATION_CONTEXT('2D SPACE',''
  ) );
#250 = ORIENTED_EDGE('',*,*,#251,.F.);
#251 = EDGE_CURVE('',#252,#223,#254,.T.);
#252 = VERTEX_POINT('',#253);
#253 = CARTESIAN_POINT('',(-41.,-25.22134930888,6.315341561574));
#254 = SURFACE_CURVE('',#255,(#260,#267),.PCURVE_S1.);
#255 = CIRCLE('',#256,26.);
#256 = AXIS2_PLACEMENT_3D('',#257,#258,#259);
#257 = CARTESIAN_POINT('',(-41.,0.,0.));
#258 = DIRECTION('',(1.,0.,0.));
#259 = DIRECTION('',(0.,1.,0.));
#260 = PCURVE('',#58,#261);
#261 = DEFINITIONAL_REPRESENTATION('',(#262),#266);
#262 = LINE('',#263,#264);
#263 = CARTESIAN_POINT('',(-0.,0.));
#264 = VECTOR('',#265,1.);
#265 = DIRECTION('',(-1.,0.));
#266 = ( GEOMETRIC_REPRESENTATION_CONTEXT(2) 
PARAMETRIC_REPRESENTATION_CONTEXT() REPRESENTATION_CONTEXT('2D SPACE',''
  ) );
#267 = PCURVE('',#268,#273);
#268 = PLANE('',#269);
#269 = AXIS2_PLACEMENT_3D('',#270,#271,#272);
#270 = CARTESIAN_POINT('',(-41.,-1.640928159047E-15,-9.845568954284E-16)
  );
#271 = DIRECTION('',(1.,0.,0.));
#272 = DIRECTION('',(-0.,0.,1.));
#273 = DEFINITIONAL_REPRESENTATION('',(#274),#278);
#274 = CIRCLE('',#275,26.);
#275 = AXIS2_PLACEMENT_2D('',#276,#277);
#276 = CARTESIAN_POINT('',(9.845568954284E-16,-1.640928159047E-15));
#277 = DIRECTION('',(0.,-1.));
#278 = ( GEOMETRIC_REPRESENTATION_CONTEXT(2) 
PARAMETRIC_REPRESENTATION_CONTEXT() REPRESENTATION_CONTEXT('2D SPACE',''
  ) );
#279 = ORIENTED_EDGE('',*,*,#280,.F.);
#280 = EDGE_CURVE('',#281,#252,#283,.T.);
#281 = VERTEX_POINT('',#282);
#282 = CARTESIAN_POINT('',(-41.,-18.07992088034,18.684658438426));
#283 = SURFACE_CURVE('',#284,(#289,#296),.PCURVE_S1.);
#284 = CIRCLE('',#285,26.);
#285 = AXIS2_PLACEMENT_3D('',#286,#287,#288);
#286 = CARTESIAN_POINT('',(-41.,0.,0.));
#287 = DIRECTION('',(1.,0.,0.));
#288 = DIRECTION('',(0.,1.,0.));
#289 = PCURVE('',#58,#290);
#290 = DEFINITIONAL_REPRESENTATION('',(#291),#295);
#291 = LINE('',#292,#293);
#292 = CARTESIAN_POINT('',(-0.,0.));
#293 = VECTOR('',#294,1.);
#294 = DIRECTION('',(-1.,0.));
#295 = ( GEOMETRIC_REPRESENTATION_CONTEXT(2) 
PARAMETRIC_REPRESENTATION_CONTEXT() REPRESENTATION_CONTEXT('2D SPACE',''
  ) );
#296 = PCURVE('',#297,#302);
#297 = PLANE('',#298);
#298 = AXIS2_PLACEMENT_3D('',#299,#300,#301);
#299 = CARTESIAN_POINT('',(-41.,-8.415016200243E-16,2.304645920836E-15)
  );
#300 = DIRECTION('',(1.,0.,0.));
#301 = DIRECTION('',(-0.,0.,1.));
#302 = DEFINITIONAL_REPRESENTATION('',(#303),#307);
#303 = CIRCLE('',#304,26.);
#304 = AXIS2_PLACEMENT_2D('',#305,#306);
#305 = CARTESIAN_POINT('',(-2.304645920836E-15,-8.415016200243E-16));
#306 = DIRECTION('',(0.,-1.));
#307 = ( GEOMETRIC_REPRESENTATION_CONTEXT(2) 
PARAMETRIC_REPRESENTATION_CONTEXT() REPRESENTATION_CONTEXT('2D SPACE',''
  ) );
#308 = ORIENTED_EDGE('',*,*,#309,.F.);
#309 = EDGE_CURVE('',#310,#281,#312,.T.);
#310 = VERTEX_POINT('',#311);
#311 = CARTESIAN_POINT('',(-41.,-7.141428428542,25.));
#312 = SURFACE_CURVE('',#313,(#318,#325),.PCURVE_S1.);
#313 = CIRCLE('',#314,26.);
#314 = AXIS2_PLACEMENT_3D('',#315,#316,#317);
#315 = CARTESIAN_POINT('',(-41.,0.,0.));
#316 = DIRECTION('',(1.,0.,0.));
#317 = DIRECTION('',(0.,1.,0.));
#318 = PCURVE('',#58,#319);
#319 = DEFINITIONAL_REPRESENTATION('',(#320),#324);
#320 = LINE('',#321,#322);
#321 = CARTESIAN_POINT('',(-0.,0.));
#322 = VECTOR('',#323,1.);
#323 = DIRECTION('',(-1.,0.));
#324 = ( GEOMETRIC_REPRESENTATION_CONTEXT(2) 
PARAMETRIC_REPRESENTATION_CONTEXT() REPRESENTATION_CONTEXT('2D SPACE',''
  ) );
#325 = PCURVE('',#326,#331);
#326 = PLANE('',#327);
#327 = AXIS2_PLACEMENT_3D('',#328,#329,#330);
#328 = CARTESIAN_POINT('',(-41.,-1.640928159047E-15,-9.845568954284E-16)
  );
#329 = DIRECTION('',(1.,0.,0.));
#330 = DIRECTION('',(-0.,0.,1.));
#331 = DEFINITIONAL_REPRESENTATION('',(#332),#336);
#332 = CIRCLE('',#333,26.);
#333 = AXIS2_PLACEMENT_2D('',#334,#335);
#334 = CARTESIAN_POINT('',(9.845568954284E-16,-1.640928159047E-15));
#335 = DIRECTION('',(0.,-1.));
#336 = ( GEOMETRIC_REPRESENTATION_CONTEXT(2) 
PARAMETRIC_REPRESENTATION_CONTEXT() REPRESENTATION_CONTEXT('2D SPACE',''
  ) );
#337 = ORIENTED_EDGE('',*,*,#338,.F.);
#338 = EDGE_CURVE('',#339,#310,#341,.T.);
#339 = VERTEX_POINT('',#340);
#340 = CARTESIAN_POINT('',(-41.,7.141428428544,25.));
#341 = SURFACE_CURVE('',#342,(#347,#354),.PCURVE_S1.);
#342 = CIRCLE('',#343,26.);
#343 = AXIS2_PLACEMENT_3D('',#344,#345,#346);
#344 = CARTESIAN_POINT('',(-41.,0.,0.));
#345 = DIRECTION('',(1.,0.,0.));
#346 = DIRECTION('',(0.,1.,0.));
#347 = PCURVE('',#58,#348);
#348 = DEFINITIONAL_REPRESENTATION('',(#349),#353);
#349 = LINE('',#350,#351);
#350 = CARTESIAN_POINT('',(-0.,0.));
#351 = VECTOR('',#352,1.);
#352 = DIRECTION('',(-1.,0.));
#353 = ( GEOMETRIC_REPRESENTATION_CONTEXT(2) 
PARAMETRIC_REPRESENTATION_CONTEXT() REPRESENTATION_CONTEXT('2D SPACE',''
  ) );
#354 = PCURVE('',#355,#360);
#355 = PLANE('',#356);
#356 = AXIS2_PLACEMENT_3D('',#357,#358,#359);
#357 = CARTESIAN_POINT('',(-41.,-8.415016200243E-16,2.304645920836E-15)
  );
#358 = DIRECTION('',(1.,0.,0.));
#359 = DIRECTION('',(-0.,0.,1.));
#360 = DEFINITIONAL_REPRESENTATION('',(#361),#365);
#361 = CIRCLE('',#362,26.);
#362 = AXIS2_PLACEMENT_2D('',#363,#364);
#363 = CARTESIAN_POINT('',(-2.304645920836E-15,-8.415016200243E-16));
#364 = DIRECTION('',(0.,-1.));
#365 = ( GEOMETRIC_REPRESENTATION_CONTEXT(2) 
PARAMETRIC_REPRESENTATION_CONTEXT() REPRESENTATION_CONTEXT('2D SPACE',''
  ) );
#366 = ORIENTED_EDGE('',*,*,#367,.F.);
#367 = EDGE_CURVE('',#368,#339,#370,.T.);
#368 = VERTEX_POINT('',#369);
#369 = CARTESIAN_POINT('',(-41.,18.07992088034,18.684658438426));
#370 = SURFACE_CURVE('',#371,(#376,#383),.PCURVE_S1.);
#371 = CIRCLE('',#372,26.);
#372 = AXIS2_PLACEMENT_3D('',#373,#374,#375);
#373 = CARTESIAN_POINT('',(-41.,0.,0.));
#374 = DIRECTION('',(1.,0.,0.));
#375 = DIRECTION('',(0.,1.,0.));
#376 = PCURVE('',#58,#377);
#377 = DEFINITIONAL_REPRESENTATION('',(#378),#382);
#378 = LINE('',#379,#380);
#379 = CARTESIAN_POINT('',(-0.,0.));
#380 = VECTOR('',#381,1.);
#381 = DIRECTION('',(-1.,0.));
#382 = ( GEOMETRIC_REPRESENTATION_CONTEXT(2) 
PARAMETRIC_REPRESENTATION_CONTEXT() REPRESENTATION_CONTEXT('2D SPACE',''
  ) );
#383 = PCURVE('',#384,#389);
#384 = PLANE('',#385);
#385 = AXIS2_PLACEMENT_3D('',#386,#387,#388);
#386 = CARTESIAN_POINT('',(-41.,-1.640928159047E-15,-9.845568954284E-16)
  );
#387 = DIRECTION('',(1.,0.,0.));
#388 = DIRECTION('',(-0.,0.,1.));
#389 = DEFINITIONAL_REPRESENTATION('',(#390),#394);
#390 = CIRCLE('',#391,26.);
#391 = AXIS2_PLACEMENT_2D('',#392,#393);
#392 = CARTESIAN_POINT('',(9.845568954284E-16,-1.640928159047E-15));
#393 = DIRECTION('',(0.,-1.));
#394 = ( GEOMETRIC_REPRESENTATION_CONTEXT(2) 
PARAMETRIC_REPRESENTATION_CONTEXT() REPRESENTATION_CONTEXT('2D SPACE',''
  ) );
#395 = ORIENTED_EDGE('',*,*,#396,.F.);
#396 = EDGE_CURVE('',#397,#368,#399,.T.);
#397 = VERTEX_POINT('',#398);
#398 = CARTESIAN_POINT('',(-41.,25.221349308882,6.315341561574));
#399 = SURFACE_CURVE('',#400,(#405,#412),.PCURVE_S1.);
#400 = CIRCLE('',#401,26.);
#401 = AXIS2_PLACEMENT_3D('',#402,#403,#404);
#402 = CARTESIAN_POINT('',(-41.,0.,0.));
#403 = DIRECTION('',(1.,0.,0.));
#404 = DIRECTION('',(0.,1.,0.));
#405 = PCURVE('',#58,#406);
#406 = DEFINITIONAL_REPRESENTATION('',(#407),#411);
#407 = LINE('',#408,#409);
#408 = CARTESIAN_POINT('',(-0.,0.));
#409 = VECTOR('',#410,1.);
#410 = DIRECTION('',(-1.,0.));
#411 = ( GEOMETRIC_REPRESENTATION_CONTEXT(2) 
PARAMETRIC_REPRESENTATION_CONTEXT() REPRESENTATION_CONTEXT('2D SPACE',''
  ) );
#412 = PCURVE('',#413,#418);
#413 = PLANE('',#414);
#414 = AXIS2_PLACEMENT_3D('',#415,#416,#417);
#415 = CARTESIAN_POINT('',(-41.,-8.415016200243E-16,2.304645920836E-15)
  );
#416 = DIRECTION('',(1.,0.,0.));
#417 = DIRECTION('',(-0.,0.,1.));
#418 = DEFINITIONAL_REPRESENTATION('',(#419),#423);
#419 = CIRCLE('',#420,26.);
#420 = AXIS2_PLACEMENT_2D('',#421,#422);
#421 = CARTESIAN_POINT('',(-2.304645920836E-15,-8.415016200243E-16));
#422 = DIRECTION('',(0.,-1.));
#423 = ( GEOMETRIC_REPRESENTATION_CONTEXT(2) 
PARAMETRIC_REPRESENTATION_CONTEXT() REPRESENTATION_CONTEXT('2D SPACE',''
  ) );
#424 = ORIENTED_EDGE('',*,*,#425,.F.);
#425 = EDGE_CURVE('',#48,#397,#426,.T.);
#426 = SURFACE_CURVE('',#427,(#432,#439),.PCURVE_S1.);
#427 = CIRCLE('',#428,26.);
#428 = AXIS2_PLACEMENT_3D('',#429,#430,#431);
#429 = CARTESIAN_POINT('',(-41.,0.,0.));
#430 = DIRECTION('',(1.,0.,0.));
#431 = DIRECTION('',(0.,1.,0.));
#432 = PCURVE('',#58,#433);
#433 = DEFINITIONAL_REPRESENTATION('',(#434),#438);
#434 = LINE('',#435,#436);
#435 = CARTESIAN_POINT('',(-0.,0.));
#436 = VECTOR('',#437,1.);
#437 = DIRECTION('',(-1.,0.));
#438 = ( GEOMETRIC_REPRESENTATION_CONTEXT(2) 
PARAMETRIC_REPRESENTATION_CONTEXT() REPRESENTATION_CONTEXT('2D SPACE',''
  ) );
#439 = PCURVE('',#94,#440);
#440 = DEFINITIONAL_REPRESENTATION('',(#441),#445);
#441 = CIRCLE('',#442,26.);
#442 = AXIS2_PLACEMENT_2D('',#443,#444);
#443 = CARTESIAN_POINT('',(9.845568954284E-16,-1.640928159047E-15));
#444 = DIRECTION('',(0.,-1.));
#445 = ( GEOMETRIC_REPRESENTATION_CONTEXT(2) 
PARAMETRIC_REPRESENTATION_CONTEXT() REPRESENTATION_CONTEXT('2D SPACE',''
  ) );
#446 = ORIENTED_EDGE('',*,*,#47,.T.);
#447 = ORIENTED_EDGE('',*,*,#448,.F.);
#448 = EDGE_CURVE('',#449,#50,#451,.T.);
#449 = VERTEX_POINT('',#450);
#450 = CARTESIAN_POINT('',(-20.,25.922962793631,2.));
#451 = SURFACE_CURVE('',#452,(#457,#464),.PCURVE_S1.);
#452 = CIRCLE('',#453,26.);
#453 = AXIS2_PLACEMENT_3D('',#454,#455,#456);
#454 = CARTESIAN_POINT('',(-20.,0.,0.));
#455 = DIRECTION('',(-1.,0.,0.));
#456 = DIRECTION('',(0.,1.,0.));
#457 = PCURVE('',#58,#458);
#458 = DEFINITIONAL_REPRESENTATION('',(#459),#463);
#459 = LINE('',#460,#461);
#460 = CARTESIAN_POINT('',(-6.28318530718,-21.));
#461 = VECTOR('',#462,1.);
#462 = DIRECTION('',(1.,-0.));
#463 = ( GEOMETRIC_REPRESENTATION_CONTEXT(2) 
PARAMETRIC_REPRESENTATION_CONTEXT() REPRESENTATION_CONTEXT('2D SPACE',''
  ) );
#464 = PCURVE('',#465,#470);
#465 = PLANE('',#466);
#466 = AXIS2_PLACEMENT_3D('',#467,#468,#469);
#467 = CARTESIAN_POINT('',(-20.,27.,2.));
#468 = DIRECTION('',(1.,0.,0.));
#469 = DIRECTION('',(0.,0.,-1.));
#470 = DEFINITIONAL_REPRESENTATION('',(#471),#479);
#471 = ( BOUNDED_CURVE() B_SPLINE_CURVE(2,(#472,#473,#474,#475,#476,#477
,#478),.UNSPECIFIED.,.T.,.F.) B_SPLINE_CURVE_WITH_KNOTS((1,2,2,2,2,1),(
    -2.094395102393,0.,2.094395102393,4.188790204786,6.28318530718,
8.377580409573),.UNSPECIFIED.) CURVE() GEOMETRIC_REPRESENTATION_ITEM() 
RATIONAL_B_SPLINE_CURVE((1.,0.5,1.,0.5,1.,0.5,1.)) REPRESENTATION_ITEM(
  '') );
#472 = CARTESIAN_POINT('',(2.,-1.));
#473 = CARTESIAN_POINT('',(47.033320996791,-1.));
#474 = CARTESIAN_POINT('',(24.516660498395,-40.));
#475 = CARTESIAN_POINT('',(2.,-79.));
#476 = CARTESIAN_POINT('',(-20.51666049839,-40.));
#477 = CARTESIAN_POINT('',(-43.03332099679,-1.));
#478 = CARTESIAN_POINT('',(2.,-1.));
#479 = ( GEOMETRIC_REPRESENTATION_CONTEXT(2) 
PARAMETRIC_REPRESENTATION_CONTEXT() REPRESENTATION_CONTEXT('2D SPACE',''
  ) );
#480 = ORIENTED_EDGE('',*,*,#481,.F.);
#481 = EDGE_CURVE('',#482,#449,#484,.T.);
#482 = VERTEX_POINT('',#483);
#483 = CARTESIAN_POINT('',(8.,25.922962793631,2.));
#484 = SURFACE_CURVE('',#485,(#489,#495),.PCURVE_S1.);
#485 = LINE('',#486,#487);
#486 = CARTESIAN_POINT('',(-41.,25.922962793631,2.));
#487 = VECTOR('',#488,1.);
#488 = DIRECTION('',(-1.,-0.,-0.));
#489 = PCURVE('',#58,#490);
#490 = DEFINITIONAL_REPRESENTATION('',(#491),#494);
#491 = B_SPLINE_CURVE_WITH_KNOTS('',1,(#492,#493),.UNSPECIFIED.,.F.,.F.,
  (2,2),(-51.8,-18.2),.PIECEWISE_BEZIER_KNOTS.);
#492 = CARTESIAN_POINT('',(-7.699914065682E-02,-51.8));
#493 = CARTESIAN_POINT('',(-7.699914065682E-02,-18.2));
#494 = ( GEOMETRIC_REPRESENTATION_CONTEXT(2) 
PARAMETRIC_REPRESENTATION_CONTEXT() REPRESENTATION_CONTEXT('2D SPACE',''
  ) );
#495 = PCURVE('',#496,#501);
#496 = PLANE('',#497);
#497 = AXIS2_PLACEMENT_3D('',#498,#499,#500);
#498 = CARTESIAN_POINT('',(8.,27.,2.));
#499 = DIRECTION('',(-0.,-0.,-1.));
#500 = DIRECTION('',(-1.,0.,0.));
#501 = DEFINITIONAL_REPRESENTATION('',(#502),#505);
#502 = B_SPLINE_CURVE_WITH_KNOTS('',1,(#503,#504),.UNSPECIFIED.,.F.,.F.,
  (2,2),(-51.8,-18.2),.PIECEWISE_BEZIER_KNOTS.);
#503 = CARTESIAN_POINT('',(-2.8,-1.077037206369));
#504 = CARTESIAN_POINT('',(30.8,-1.077037206369));
#505 = ( GEOMETRIC_REPRESENTATION_CONTEXT(2) 
PARAMETRIC_REPRESENTATION_CONTEXT() REPRESENTATION_CONTEXT('2D SPACE',''
  ) );
#506 = ORIENTED_EDGE('',*,*,#507,.F.);
#507 = EDGE_CURVE('',#508,#482,#510,.T.);
#508 = VERTEX_POINT('',#509);
#509 = CARTESIAN_POINT('',(8.,25.4,5.553377350766));
#510 = SURFACE_CURVE('',#511,(#516,#523),.PCURVE_S1.);
#511 = CIRCLE('',#512,26.);
#512 = AXIS2_PLACEMENT_3D('',#513,#514,#515);
#513 = CARTESIAN_POINT('',(8.,0.,0.));
#514 = DIRECTION('',(-1.,0.,0.));
#515 = DIRECTION('',(0.,1.,0.));
#516 = PCURVE('',#58,#517);
#517 = DEFINITIONAL_REPRESENTATION('',(#518),#522);
#518 = LINE('',#519,#520);
#519 = CARTESIAN_POINT('',(-6.28318530718,-49.));
#520 = VECTOR('',#521,1.);
#521 = DIRECTION('',(1.,-0.));
#522 = ( GEOMETRIC_REPRESENTATION_CONTEXT(2) 
PARAMETRIC_REPRESENTATION_CONTEXT() REPRESENTATION_CONTEXT('2D SPACE',''
  ) );
#523 = PCURVE('',#524,#529);
#524 = PLANE('',#525);
#525 = AXIS2_PLACEMENT_3D('',#526,#527,#528);
#526 = CARTESIAN_POINT('',(8.,27.,6.));
#527 = DIRECTION('',(1.,0.,0.));
#528 = DIRECTION('',(0.,0.,-1.));
#529 = DEFINITIONAL_REPRESENTATION('',(#530),#538);
#530 = ( BOUNDED_CURVE() B_SPLINE_CURVE(2,(#531,#532,#533,#534,#535,#536
,#537),.UNSPECIFIED.,.T.,.F.) B_SPLINE_CURVE_WITH_KNOTS((1,2,2,2,2,1),(
    -2.094395102393,0.,2.094395102393,4.188790204786,6.28318530718,
8.377580409573),.UNSPECIFIED.) CURVE() GEOMETRIC_REPRESENTATION_ITEM() 
RATIONAL_B_SPLINE_CURVE((1.,0.5,1.,0.5,1.,0.5,1.)) REPRESENTATION_ITEM(
  '') );
#531 = CARTESIAN_POINT('',(6.,-1.));
#532 = CARTESIAN_POINT('',(51.033320996791,-1.));
#533 = CARTESIAN_POINT('',(28.516660498395,-40.));
#534 = CARTESIAN_POINT('',(6.,-79.));
#535 = CARTESIAN_POINT('',(-16.51666049839,-40.));
#536 = CARTESIAN_POINT('',(-39.03332099679,-1.));
#537 = CARTESIAN_POINT('',(6.,-1.));
#538 = ( GEOMETRIC_REPRESENTATION_CONTEXT(2) 
PARAMETRIC_REPRESENTATION_CONTEXT() REPRESENTATION_CONTEXT('2D SPACE',''
  ) );
#539 = ORIENTED_EDGE('',*,*,#540,.F.);
#540 = EDGE_CURVE('',#541,#508,#543,.T.);
#541 = VERTEX_POINT('',#542);
#542 = CARTESIAN_POINT('',(8.893245298468,25.4,5.553377350766));
#543 = SURFACE_CURVE('',#544,(#548,#554),.PCURVE_S1.);
#544 = LINE('',#545,#546);
#545 = CARTESIAN_POINT('',(-41.,25.4,5.553377350766));
#546 = VECTOR('',#547,1.);
#547 = DIRECTION('',(-1.,-0.,-0.));
#548 = PCURVE('',#58,#549);
#549 = DEFINITIONAL_REPRESENTATION('',(#550),#553);
#550 = B_SPLINE_CURVE_WITH_KNOTS('',1,(#551,#552),.UNSPECIFIED.,.F.,.F.,
  (2,2),(-65.,-17.),.PIECEWISE_BEZIER_KNOTS.);
#551 = CARTESIAN_POINT('',(-0.215249765425,-65.));
#552 = CARTESIAN_POINT('',(-0.215249765425,-17.));
#553 = ( GEOMETRIC_REPRESENTATION_CONTEXT(2) 
PARAMETRIC_REPRESENTATION_CONTEXT() REPRESENTATION_CONTEXT('2D SPACE',''
  ) );
#554 = PCURVE('',#555,#560);
#555 = PLANE('',#556);
#556 = AXIS2_PLACEMENT_3D('',#557,#558,#559);
#557 = CARTESIAN_POINT('',(0.249485581946,25.4,0.));
#558 = DIRECTION('',(-0.,-1.,-0.));
#559 = DIRECTION('',(0.,0.,-1.));
#560 = DEFINITIONAL_REPRESENTATION('',(#561),#564);
#561 = B_SPLINE_CURVE_WITH_KNOTS('',1,(#562,#563),.UNSPECIFIED.,.F.,.F.,
  (2,2),(-65.,-17.),.PIECEWISE_BEZIER_KNOTS.);
#562 = CARTESIAN_POINT('',(-5.553377350766,23.750514418054));
#563 = CARTESIAN_POINT('',(-5.553377350766,-24.24948558194));
#564 = ( GEOMETRIC_REPRESENTATION_CONTEXT(2) 
PARAMETRIC_REPRESENTATION_CONTEXT() REPRESENTATION_CONTEXT('2D SPACE',''
  ) );
#565 = ORIENTED_EDGE('',*,*,#566,.T.);
#566 = EDGE_CURVE('',#541,#567,#569,.T.);
#567 = VERTEX_POINT('',#568);
#568 = CARTESIAN_POINT('',(20.,26.,0.));
#569 = SURFACE_CURVE('',#570,(#575,#585),.PCURVE_S1.);
#570 = ELLIPSE('',#571,58.137767414995,26.);
#571 = AXIS2_PLACEMENT_3D('',#572,#573,#574);
#572 = CARTESIAN_POINT('',(20.,0.,0.));
#573 = DIRECTION('',(-0.4472135955,0.,-0.894427191));
#574 = DIRECTION('',(-0.894427191,0.,0.4472135955));
#575 = PCURVE('',#58,#576);
#576 = DEFINITIONAL_REPRESENTATION('',(#577),#584);
#577 = B_SPLINE_CURVE_WITH_KNOTS('',5,(#578,#579,#580,#581,#582,#583),
  .UNSPECIFIED.,.F.,.F.,(6,6),(1.328415237927,1.570796326795),
  .PIECEWISE_BEZIER_KNOTS.);
#578 = CARTESIAN_POINT('',(-0.242381088868,-48.51923079293));
#579 = CARTESIAN_POINT('',(-0.193904871094,-50.96631026614));
#580 = CARTESIAN_POINT('',(-0.145428653321,-53.45005107735));
#581 = CARTESIAN_POINT('',(-9.695243554724E-02,-55.95847331715));
#582 = CARTESIAN_POINT('',(-4.847621777362E-02,-58.47923667577));
#583 = CARTESIAN_POINT('',(-6.123233995737E-17,-61.));
#584 = ( GEOMETRIC_REPRESENTATION_CONTEXT(2) 
PARAMETRIC_REPRESENTATION_CONTEXT() REPRESENTATION_CONTEXT('2D SPACE',''
  ) );
#585 = PCURVE('',#586,#591);
#586 = PLANE('',#587);
#587 = AXIS2_PLACEMENT_3D('',#588,#589,#590);
#588 = CARTESIAN_POINT('',(20.,27.,0.));
#589 = DIRECTION('',(-0.4472135955,-0.,-0.894427191));
#590 = DIRECTION('',(-0.894427191,0.,0.4472135955));
#591 = DEFINITIONAL_REPRESENTATION('',(#592),#596);
#592 = ELLIPSE('',#593,58.137767414995,26.);
#593 = AXIS2_PLACEMENT_2D('',#594,#595);
#594 = CARTESIAN_POINT('',(0.,-27.));
#595 = DIRECTION('',(1.,0.));
#596 = ( GEOMETRIC_REPRESENTATION_CONTEXT(2) 
PARAMETRIC_REPRESENTATION_CONTEXT() REPRESENTATION_CONTEXT('2D SPACE',''
  ) );
#597 = ORIENTED_EDGE('',*,*,#598,.T.);
#598 = EDGE_CURVE('',#567,#599,#601,.T.);
#599 = VERTEX_POINT('',#600);
#600 = CARTESIAN_POINT('',(41.,26.,0.));
#601 = SEAM_CURVE('',#602,(#606,#613),.PCURVE_S1.);
#602 = LINE('',#603,#604);
#603 = CARTESIAN_POINT('',(-41.,26.,0.));
#604 = VECTOR('',#605,1.);
#605 = DIRECTION('',(1.,0.,0.));
#606 = PCURVE('',#58,#607);
#607 = DEFINITIONAL_REPRESENTATION('',(#608),#612);
#608 = LINE('',#609,#610);
#609 = CARTESIAN_POINT('',(-6.28318530718,0.));
#610 = VECTOR('',#611,1.);
#611 = DIRECTION('',(-0.,-1.));
#612 = ( GEOMETRIC_REPRESENTATION_CONTEXT(2) 
PARAMETRIC_REPRESENTATION_CONTEXT() REPRESENTATION_CONTEXT('2D SPACE',''
  ) );
#613 = PCURVE('',#58,#614);
#614 = DEFINITIONAL_REPRESENTATION('',(#615),#619);
#615 = LINE('',#616,#617);
#616 = CARTESIAN_POINT('',(-0.,0.));
#617 = VECTOR('',#618,1.);
#618 = DIRECTION('',(-0.,-1.));
#619 = ( GEOMETRIC_REPRESENTATION_CONTEXT(2) 
PARAMETRIC_REPRESENTATION_CONTEXT() REPRESENTATION_CONTEXT('2D SPACE',''
  ) );
#620 = ORIENTED_EDGE('',*,*,#621,.T.);
#621 = EDGE_CURVE('',#599,#622,#624,.T.);
#622 = VERTEX_POINT('',#623);
#623 = CARTESIAN_POINT('',(41.,25.221349308882,6.315341561574));
#624 = SURFACE_CURVE('',#625,(#630,#637),.PCURVE_S1.);
#625 = CIRCLE('',#626,26.);
#626 = AXIS2_PLACEMENT_3D('',#627,#628,#629);
#627 = CARTESIAN_POINT('',(41.,0.,0.));
#628 = DIRECTION('',(1.,0.,0.));
#629 = DIRECTION('',(0.,1.,0.));
#630 = PCURVE('',#58,#631);
#631 = DEFINITIONAL_REPRESENTATION('',(#632),#636);
#632 = LINE('',#633,#634);
#633 = CARTESIAN_POINT('',(-0.,-82.));
#634 = VECTOR('',#635,1.);
#635 = DIRECTION('',(-1.,0.));
#636 = ( GEOMETRIC_REPRESENTATION_CONTEXT(2) 
PARAMETRIC_REPRESENTATION_CONTEXT() REPRESENTATION_CONTEXT('2D SPACE',''
  ) );
#637 = PCURVE('',#638,#643);
#638 = PLANE('',#639);
#639 = AXIS2_PLACEMENT_3D('',#640,#641,#642);
#640 = CARTESIAN_POINT('',(41.,-1.640928159047E-15,-9.845568954284E-16)
  );
#641 = DIRECTION('',(1.,0.,0.));
#642 = DIRECTION('',(-0.,0.,1.));
#643 = DEFINITIONAL_REPRESENTATION('',(#644),#648);
#644 = CIRCLE('',#645,26.);
#645 = AXIS2_PLACEMENT_2D('',#646,#647);
#646 = CARTESIAN_POINT('',(9.845568954284E-16,-1.640928159047E-15));
#647 = DIRECTION('',(0.,-1.));
#648 = ( GEOMETRIC_REPRESENTATION_CONTEXT(2) 
PARAMETRIC_REPRESENTATION_CONTEXT() REPRESENTATION_CONTEXT('2D SPACE',''
  ) );
#649 = ORIENTED_EDGE('',*,*,#650,.T.);
#650 = EDGE_CURVE('',#622,#651,#653,.T.);
#651 = VERTEX_POINT('',#652);
#652 = CARTESIAN_POINT('',(41.,18.07992088034,18.684658438426));
#653 = SURFACE_CURVE('',#654,(#659,#666),.PCURVE_S1.);
#654 = CIRCLE('',#655,26.);
#655 = AXIS2_PLACEMENT_3D('',#656,#657,#658);
#656 = CARTESIAN_POINT('',(41.,0.,0.));
#657 = DIRECTION('',(1.,0.,0.));
#658 = DIRECTION('',(0.,1.,0.));
#659 = PCURVE('',#58,#660);
#660 = DEFINITIONAL_REPRESENTATION('',(#661),#665);
#661 = LINE('',#662,#663);
#662 = CARTESIAN_POINT('',(-0.,-82.));
#663 = VECTOR('',#664,1.);
#664 = DIRECTION('',(-1.,0.));
#665 = ( GEOMETRIC_REPRESENTATION_CONTEXT(2) 
PARAMETRIC_REPRESENTATION_CONTEXT() REPRESENTATION_CONTEXT('2D SPACE',''
  ) );
#666 = PCURVE('',#667,#672);
#667 = PLANE('',#668);
#668 = AXIS2_PLACEMENT_3D('',#669,#670,#671);
#669 = CARTESIAN_POINT('',(41.,-8.415016200243E-16,2.304645920836E-15));
#670 = DIRECTION('',(1.,0.,0.));
#671 = DIRECTION('',(-0.,0.,1.));
#672 = DEFINITIONAL_REPRESENTATION('',(#673),#677);
#673 = CIRCLE('',#674,26.);
#674 = AXIS2_PLACEMENT_2D('',#675,#676);
#675 = CARTESIAN_POINT('',(-2.304645920836E-15,-8.415016200243E-16));
#676 = DIRECTION('',(0.,-1.));
#677 = ( GEOMETRIC_REPRESENTATION_CONTEXT(2) 
PARAMETRIC_REPRESENTATION_CONTEXT() REPRESENTATION_CONTEXT('2D SPACE',''
  ) );
#678 = ORIENTED_EDGE('',*,*,#679,.T.);
#679 = EDGE_CURVE('',#651,#680,#682,.T.);
#680 = VERTEX_POINT('',#681);
#681 = CARTESIAN_POINT('',(41.,7.141428428544,25.));
#682 = SURFACE_CURVE('',#683,(#688,#695),.PCURVE_S1.);
#683 = CIRCLE('',#684,26.);
#684 = AXIS2_PLACEMENT_3D('',#685,#686,#687);
#685 = CARTESIAN_POINT('',(41.,0.,0.));
#686 = DIRECTION('',(1.,0.,0.));
#687 = DIRECTION('',(0.,1.,0.));
#688 = PCURVE('',#58,#689);
#689 = DEFINITIONAL_REPRESENTATION('',(#690),#694);
#690 = LINE('',#691,#692);
#691 = CARTESIAN_POINT('',(-0.,-82.));
#692 = VECTOR('',#693,1.);
#693 = DIRECTION('',(-1.,0.));
#694 = ( GEOMETRIC_REPRESENTATION_CONTEXT(2) 
PARAMETRIC_REPRESENTATION_CONTEXT() REPRESENTATION_CONTEXT('2D SPACE',''
  ) );
#695 = PCURVE('',#696,#701);
#696 = PLANE('',#697);
#697 = AXIS2_PLACEMENT_3D('',#698,#699,#700);
#698 = CARTESIAN_POINT('',(41.,-1.640928159047E-15,-9.845568954284E-16)
  );
#699 = DIRECTION('',(1.,0.,0.));
#700 = DIRECTION('',(-0.,0.,1.));
#701 = DEFINITIONAL_REPRESENTATION('',(#702),#706);
#702 = CIRCLE('',#703,26.);
#703 = AXIS2_PLACEMENT_2D('',#704,#705);
#704 = CARTESIAN_POINT('',(9.845568954284E-16,-1.640928159047E-15));
#705 = DIRECTION('',(0.,-1.));
#706 = ( GEOMETRIC_REPRESENTATION_CONTEXT(2) 
PARAMETRIC_REPRESENTATION_CONTEXT() REPRESENTATION_CONTEXT('2D SPACE',''
  ) );
#707 = ORIENTED_EDGE('',*,*,#708,.T.);
#708 = EDGE_CURVE('',#680,#709,#711,.T.);
#709 = VERTEX_POINT('',#710);
#710 = CARTESIAN_POINT('',(41.,-7.141428428542,25.));
#711 = SURFACE_CURVE('',#712,(#717,#724),.PCURVE_S1.);
#712 = CIRCLE('',#713,26.);
#713 = AXIS2_PLACEMENT_3D('',#714,#715,#716);
#714 = CARTESIAN_POINT('',(41.,0.,0.));
#715 = DIRECTION('',(1.,0.,0.));
#716 = DIRECTION('',(0.,1.,0.));
#717 = PCURVE('',#58,#718);
#718 = DEFINITIONAL_REPRESENTATION('',(#719),#723);
#719 = LINE('',#720,#721);
#720 = CARTESIAN_POINT('',(-0.,-82.));
#721 = VECTOR('',#722,1.);
#722 = DIRECTION('',(-1.,0.));
#723 = ( GEOMETRIC_REPRESENTATION_CONTEXT(2) 
PARAMETRIC_REPRESENTATION_CONTEXT() REPRESENTATION_CONTEXT('2D SPACE',''
  ) );
#724 = PCURVE('',#725,#730);
#725 = PLANE('',#726);
#726 = AXIS2_PLACEMENT_3D('',#727,#728,#729);
#727 = CARTESIAN_POINT('',(41.,-8.415016200243E-16,2.304645920836E-15));
#728 = DIRECTION('',(1.,0.,0.));
#729 = DIRECTION('',(-0.,0.,1.));
#730 = DEFINITIONAL_REPRESENTATION('',(#731),#735);
#731 = CIRCLE('',#732,26.);
#732 = AXIS2_PLACEMENT_2D('',#733,#734);
#733 = CARTESIAN_POINT('',(-2.304645920836E-15,-8.415016200243E-16));
#734 = DIRECTION('',(0.,-1.));
#735 = ( GEOMETRIC_REPRESENTATION_CONTEXT(2) 
PARAMETRIC_REPRESENTATION_CONTEXT() REPRESENTATION_CONTEXT('2D SPACE',''
  ) );
#736 = ORIENTED_EDGE('',*,*,#737,.T.);
#737 = EDGE_CURVE('',#709,#738,#740,.T.);
#738 = VERTEX_POINT('',#739);
#739 = CARTESIAN_POINT('',(41.,-18.07992088034,18.684658438426));
#740 = SURFACE_CURVE('',#741,(#746,#753),.PCURVE_S1.);
#741 = CIRCLE('',#742,26.);
#742 = AXIS2_PLACEMENT_3D('',#743,#744,#745);
#743 = CARTESIAN_POINT('',(41.,0.,0.));
#744 = DIRECTION('',(1.,0.,0.));
#745 = DIRECTION('',(0.,1.,0.));
#746 = PCURVE('',#58,#747);
#747 = DEFINITIONAL_REPRESENTATION('',(#748),#752);
#748 = LINE('',#749,#750);
#749 = CARTESIAN_POINT('',(-0.,-82.));
#750 = VECTOR('',#751,1.);
#751 = DIRECTION('',(-1.,0.));
#752 = ( GEOMETRIC_REPRESENTATION_CONTEXT(2) 
PARAMETRIC_REPRESENTATION_CONTEXT() REPRESENTATION_CONTEXT('2D SPACE',''
  ) );
#753 = PCURVE('',#754,#759);
#754 = PLANE('',#755);
#755 = AXIS2_PLACEMENT_3D('',#756,#757,#758);
#756 = CARTESIAN_POINT('',(41.,-1.640928159047E-15,-9.845568954284E-16)
  );
#757 = DIRECTION('',(1.,0.,0.));
#758 = DIRECTION('',(-0.,0.,1.));
#759 = DEFINITIONAL_REPRESENTATION('',(#760),#764);
#760 = CIRCLE('',#761,26.);
#761 = AXIS2_PLACEMENT_2D('',#762,#763);
#762 = CARTESIAN_POINT('',(9.845568954284E-16,-1.640928159047E-15));
#763 = DIRECTION('',(0.,-1.));
#764 = ( GEOMETRIC_REPRESENTATION_CONTEXT(2) 
PARAMETRIC_REPRESENTATION_CONTEXT() REPRESENTATION_CONTEXT('2D SPACE',''
  ) );
#765 = ORIENTED_EDGE('',*,*,#766,.T.);
#766 = EDGE_CURVE('',#738,#767,#769,.T.);
#767 = VERTEX_POINT('',#768);
#768 = CARTESIAN_POINT('',(41.,-25.22134930888,6.315341561574));
#769 = SURFACE_CURVE('',#770,(#775,#782),.PCURVE_S1.);
#770 = CIRCLE('',#771,26.);
#771 = AXIS2_PLACEMENT_3D('',#772,#773,#774);
#772 = CARTESIAN_POINT('',(41.,0.,0.));
#773 = DIRECTION('',(1.,0.,0.));
#774 = DIRECTION('',(0.,1.,0.));
#775 = PCURVE('',#58,#776);
#776 = DEFINITIONAL_REPRESENTATION('',(#777),#781);
#777 = LINE('',#778,#779);
#778 = CARTESIAN_POINT('',(-0.,-82.));
#779 = VECTOR('',#780,1.);
#780 = DIRECTION('',(-1.,0.));
#781 = ( GEOMETRIC_REPRESENTATION_CONTEXT(2) 
PARAMETRIC_REPRESENTATION_CONTEXT() REPRESENTATION_CONTEXT('2D SPACE',''
  ) );
#782 = PCURVE('',#783,#788);
#783 = PLANE('',#784);
#784 = AXIS2_PLACEMENT_3D('',#785,#786,#787);
#785 = CARTESIAN_POINT('',(41.,-8.415016200243E-16,2.304645920836E-15));
#786 = DIRECTION('',(1.,0.,0.));
#787 = DIRECTION('',(-0.,0.,1.));
#788 = DEFINITIONAL_REPRESENTATION('',(#789),#793);
#789 = CIRCLE('',#790,26.);
#790 = AXIS2_PLACEMENT_2D('',#791,#792);
#791 = CARTESIAN_POINT('',(-2.304645920836E-15,-8.415016200243E-16));
#792 = DIRECTION('',(0.,-1.));
#793 = ( GEOMETRIC_REPRESENTATION_CONTEXT(2) 
PARAMETRIC_REPRESENTATION_CONTEXT() REPRESENTATION_CONTEXT('2D SPACE',''
  ) );
#794 = ORIENTED_EDGE('',*,*,#795,.T.);
#795 = EDGE_CURVE('',#767,#796,#798,.T.);
#796 = VERTEX_POINT('',#797);
#797 = CARTESIAN_POINT('',(41.,-25.22134930888,-6.315341561574));
#798 = SURFACE_CURVE('',#799,(#804,#811),.PCURVE_S1.);
#799 = CIRCLE('',#800,26.);
#800 = AXIS2_PLACEMENT_3D('',#801,#802,#803);
#801 = CARTESIAN_POINT('',(41.,0.,0.));
#802 = DIRECTION('',(1.,0.,0.));
#803 = DIRECTION('',(0.,1.,0.));
#804 = PCURVE('',#58,#805);
#805 = DEFINITIONAL_REPRESENTATION('',(#806),#810);
#806 = LINE('',#807,#808);
#807 = CARTESIAN_POINT('',(-0.,-82.));
#808 = VECTOR('',#809,1.);
#809 = DIRECTION('',(-1.,0.));
#810 = ( GEOMETRIC_REPRESENTATION_CONTEXT(2) 
PARAMETRIC_REPRESENTATION_CONTEXT() REPRESENTATION_CONTEXT('2D SPACE',''
  ) );
#811 = PCURVE('',#812,#817);
#812 = PLANE('',#813);
#813 = AXIS2_PLACEMENT_3D('',#814,#815,#816);
#814 = CARTESIAN_POINT('',(41.,-1.640928159047E-15,-9.845568954284E-16)
  );
#815 = DIRECTION('',(1.,0.,0.));
#816 = DIRECTION('',(-0.,0.,1.));
#817 = DEFINITIONAL_REPRESENTATION('',(#818),#822);
#818 = CIRCLE('',#819,26.);
#819 = AXIS2_PLACEMENT_2D('',#820,#821);
#820 = CARTESIAN_POINT('',(9.845568954284E-16,-1.640928159047E-15));
#821 = DIRECTION('',(0.,-1.));
#822 = ( GEOMETRIC_REPRESENTATION_CONTEXT(2) 
PARAMETRIC_REPRESENTATION_CONTEXT() REPRESENTATION_CONTEXT('2D SPACE',''
  ) );
#823 = ORIENTED_EDGE('',*,*,#824,.T.);
#824 = EDGE_CURVE('',#796,#825,#827,.T.);
#825 = VERTEX_POINT('',#826);
#826 = CARTESIAN_POINT('',(41.,-18.07992088034,-18.68465843842));
#827 = SURFACE_CURVE('',#828,(#833,#840),.PCURVE_S1.);
#828 = CIRCLE('',#829,26.);
#829 = AXIS2_PLACEMENT_3D('',#830,#831,#832);
#830 = CARTESIAN_POINT('',(41.,0.,0.));
#831 = DIRECTION('',(1.,0.,0.));
#832 = DIRECTION('',(0.,1.,0.));
#833 = PCURVE('',#58,#834);
#834 = DEFINITIONAL_REPRESENTATION('',(#835),#839);
#835 = LINE('',#836,#837);
#836 = CARTESIAN_POINT('',(-0.,-82.));
#837 = VECTOR('',#838,1.);
#838 = DIRECTION('',(-1.,0.));
#839 = ( GEOMETRIC_REPRESENTATION_CONTEXT(2) 
PARAMETRIC_REPRESENTATION_CONTEXT() REPRESENTATION_CONTEXT('2D SPACE',''
  ) );
#840 = PCURVE('',#841,#846);
#841 = PLANE('',#842);
#842 = AXIS2_PLACEMENT_3D('',#843,#844,#845);
#843 = CARTESIAN_POINT('',(41.,-8.415016200243E-16,2.304645920836E-15));
#844 = DIRECTION('',(1.,0.,0.));
#845 = DIRECTION('',(-0.,0.,1.));
#846 = DEFINITIONAL_REPRESENTATION('',(#847),#851);
#847 = CIRCLE('',#848,26.);
#848 = AXIS2_PLACEMENT_2D('',#849,#850);
#849 = CARTESIAN_POINT('',(-2.304645920836E-15,-8.415016200243E-16));
#850 = DIRECTION('',(0.,-1.));
#851 = ( GEOMETRIC_REPRESENTATION_CONTEXT(2) 
PARAMETRIC_REPRESENTATION_CONTEXT() REPRESENTATION_CONTEXT('2D SPACE',''
  ) );
#852 = ORIENTED_EDGE('',*,*,#853,.T.);
#853 = EDGE_CURVE('',#825,#854,#856,.T.);
#854 = VERTEX_POINT('',#855);
#855 = CARTESIAN_POINT('',(41.,-7.141428428542,-25.));
#856 = SURFACE_CURVE('',#857,(#862,#869),.PCURVE_S1.);
#857 = CIRCLE('',#858,26.);
#858 = AXIS2_PLACEMENT_3D('',#859,#860,#861);
#859 = CARTESIAN_POINT('',(41.,0.,0.));
#860 = DIRECTION('',(1.,0.,0.));
#861 = DIRECTION('',(0.,1.,0.));
#862 = PCURVE('',#58,#863);
#863 = DEFINITIONAL_REPRESENTATION('',(#864),#868);
#864 = LINE('',#865,#866);
#865 = CARTESIAN_POINT('',(-0.,-82.));
#866 = VECTOR('',#867,1.);
#867 = DIRECTION('',(-1.,0.));
#868 = ( GEOMETRIC_REPRESENTATION_CONTEXT(2) 
PARAMETRIC_REPRESENTATION_CONTEXT() REPRESENTATION_CONTEXT('2D SPACE',''
  ) );
#869 = PCURVE('',#870,#875);
#870 = PLANE('',#871);
#871 = AXIS2_PLACEMENT_3D('',#872,#873,#874);
#872 = CARTESIAN_POINT('',(41.,-1.640928159047E-15,-9.845568954284E-16)
  );
#873 = DIRECTION('',(1.,0.,0.));
#874 = DIRECTION('',(-0.,0.,1.));
#875 = DEFINITIONAL_REPRESENTATION('',(#876),#880);
#876 = CIRCLE('',#877,26.);
#877 = AXIS2_PLACEMENT_2D('',#878,#879);
#878 = CARTESIAN_POINT('',(9.845568954284E-16,-1.640928159047E-15));
#879 = DIRECTION('',(0.,-1.));
#880 = ( GEOMETRIC_REPRESENTATION_CONTEXT(2) 
PARAMETRIC_REPRESENTATION_CONTEXT() REPRESENTATION_CONTEXT('2D SPACE',''
  ) );
#881 = ORIENTED_EDGE('',*,*,#882,.T.);
#882 = EDGE_CURVE('',#854,#883,#885,.T.);
#883 = VERTEX_POINT('',#884);
#884 = CARTESIAN_POINT('',(41.,7.141428428544,-25.));
#885 = SURFACE_CURVE('',#886,(#891,#898),.PCURVE_S1.);
#886 = CIRCLE('',#887,26.);
#887 = AXIS2_PLACEMENT_3D('',#888,#889,#890);
#888 = CARTESIAN_POINT('',(41.,0.,0.));
#889 = DIRECTION('',(1.,0.,0.));
#890 = DIRECTION('',(0.,1.,0.));
#891 = PCURVE('',#58,#892);
#892 = DEFINITIONAL_REPRESENTATION('',(#893),#897);
#893 = LINE('',#894,#895);
#894 = CARTESIAN_POINT('',(-0.,-82.));
#895 = VECTOR('',#896,1.);
#896 = DIRECTION('',(-1.,0.));
#897 = ( GEOMETRIC_REPRESENTATION_CONTEXT(2) 
PARAMETRIC_REPRESENTATION_CONTEXT() REPRESENTATION_CONTEXT('2D SPACE',''
  ) );
#898 = PCURVE('',#899,#904);
#899 = PLANE('',#900);
#900 = AXIS2_PLACEMENT_3D('',#901,#902,#903);
#901 = CARTESIAN_POINT('',(41.,-8.415016200243E-16,2.304645920836E-15));
#902 = DIRECTION('',(1.,0.,0.));
#903 = DIRECTION('',(-0.,0.,1.));
#904 = DEFINITIONAL_REPRESENTATION('',(#905),#909);
#905 = CIRCLE('',#906,26.);
#906 = AXIS2_PLACEMENT_2D('',#907,#908);
#907 = CARTESIAN_POINT('',(-2.304645920836E-15,-8.415016200243E-16));
#908 = DIRECTION('',(0.,-1.));
#909 = ( GEOMETRIC_REPRESENTATION_CONTEXT(2) 
PARAMETRIC_REPRESENTATION_CONTEXT() REPRESENTATION_CONTEXT('2D SPACE',''
  ) );
#910 = ORIENTED_EDGE('',*,*,#911,.T.);
#911 = EDGE_CURVE('',#883,#912,#914,.T.);
#912 = VERTEX_POINT('',#913);
#913 = CARTESIAN_POINT('',(41.,18.07992088034,-18.68465843842));
#914 = SURFACE_CURVE('',#915,(#920,#927),.PCURVE_S1.);
#915 = CIRCLE('',#916,26.);
#916 = AXIS2_PLACEMENT_3D('',#917,#918,#919);
#917 = CARTESIAN_POINT('',(41.,0.,0.));
#918 = DIRECTION('',(1.,0.,0.));
#919 = DIRECTION('',(0.,1.,0.));
#920 = PCURVE('',#58,#921);
#921 = DEFINITIONAL_REPRESENTATION('',(#922),#926);
#922 = LINE('',#923,#924);
#923 = CARTESIAN_POINT('',(-0.,-82.));
#924 = VECTOR('',#925,1.);
#925 = DIRECTION('',(-1.,0.));
#926 = ( GEOMETRIC_REPRESENTATION_CONTEXT(2) 
PARAMETRIC_REPRESENTATION_CONTEXT() REPRESENTATION_CONTEXT('2D SPACE',''
  ) );
#927 = PCURVE('',#928,#933);
#928 = PLANE('',#929);
#929 = AXIS2_PLACEMENT_3D('',#930,#931,#932);
#930 = CARTESIAN_POINT('',(41.,-1.640928159047E-15,-9.845568954284E-16)
  );
#931 = DIRECTION('',(1.,0.,0.));
#932 = DIRECTION('',(-0.,0.,1.));
#933 = DEFINITIONAL_REPRESENTATION('',(#934),#938);
#934 = CIRCLE('',#935,26.);
#935 = AXIS2_PLACEMENT_2D('',#936,#937);
#936 = CARTESIAN_POINT('',(9.845568954284E-16,-1.640928159047E-15));
#937 = DIRECTION('',(0.,-1.));
#938 = ( GEOMETRIC_REPRESENTATION_CONTEXT(2) 
PARAMETRIC_REPRESENTATION_CONTEXT() REPRESENTATION_CONTEXT('2D SPACE',''
  ) );
#939 = ORIENTED_EDGE('',*,*,#940,.T.);
#940 = EDGE_CURVE('',#912,#941,#943,.T.);
#941 = VERTEX_POINT('',#942);
#942 = CARTESIAN_POINT('',(41.,25.221349308882,-6.315341561574));
#943 = SURFACE_CURVE('',#944,(#949,#956),.PCURVE_S1.);
#944 = CIRCLE('',#945,26.);
#945 = AXIS2_PLACEMENT_3D('',#946,#947,#948);
#946 = CARTESIAN_POINT('',(41.,0.,0.));
#947 = DIRECTION('',(1.,0.,0.));
#948 = DIRECTION('',(0.,1.,0.));
#949 = PCURVE('',#58,#950);
#950 = DEFINITIONAL_REPRESENTATION('',(#951),#955);
#951 = LINE('',#952,#953);
#952 = CARTESIAN_POINT('',(-0.,-82.));
#953 = VECTOR('',#954,1.);
#954 = DIRECTION('',(-1.,0.));
#955 = ( GEOMETRIC_REPRESENTATION_CONTEXT(2) 
PARAMETRIC_REPRESENTATION_CONTEXT() REPRESENTATION_CONTEXT('2D SPACE',''
  ) );
#956 = PCURVE('',#957,#962);
#957 = PLANE('',#958);
#958 = AXIS2_PLACEMENT_3D('',#959,#960,#961);
#959 = CARTESIAN_POINT('',(41.,-8.415016200243E-16,2.304645920836E-15));
#960 = DIRECTION('',(1.,0.,0.));
#961 = DIRECTION('',(-0.,0.,1.));
#962 = DEFINITIONAL_REPRESENTATION('',(#963),#967);
#963 = CIRCLE('',#964,26.);
#964 = AXIS2_PLACEMENT_2D('',#965,#966);
#965 = CARTESIAN_POINT('',(-2.304645920836E-15,-8.415016200243E-16));
#966 = DIRECTION('',(0.,-1.));
#967 = ( GEOMETRIC_REPRESENTATION_CONTEXT(2) 
PARAMETRIC_REPRESENTATION_CONTEXT() REPRESENTATION_CONTEXT('2D SPACE',''
  ) );
#968 = ORIENTED_EDGE('',*,*,#969,.T.);
#969 = EDGE_CURVE('',#941,#599,#970,.T.);
#970 = SURFACE_CURVE('',#971,(#976,#983),.PCURVE_S1.);
#971 = CIRCLE('',#972,26.);
#972 = AXIS2_PLACEMENT_3D('',#973,#974,#975);
#973 = CARTESIAN_POINT('',(41.,0.,0.));
#974 = DIRECTION('',(1.,0.,0.));
#975 = DIRECTION('',(0.,1.,0.));
#976 = PCURVE('',#58,#977);
#977 = DEFINITIONAL_REPRESENTATION('',(#978),#982);
#978 = LINE('',#979,#980);
#979 = CARTESIAN_POINT('',(-0.,-82.));
#980 = VECTOR('',#981,1.);
#981 = DIRECTION('',(-1.,0.));
#982 = ( GEOMETRIC_REPRESENTATION_CONTEXT(2) 
PARAMETRIC_REPRESENTATION_CONTEXT() REPRESENTATION_CONTEXT('2D SPACE',''
  ) );
#983 = PCURVE('',#638,#984);
#984 = DEFINITIONAL_REPRESENTATION('',(#985),#989);
#985 = CIRCLE('',#986,26.);
#986 = AXIS2_PLACEMENT_2D('',#987,#988);
#987 = CARTESIAN_POINT('',(9.845568954284E-16,-1.640928159047E-15));
#988 = DIRECTION('',(0.,-1.));
#989 = ( GEOMETRIC_REPRESENTATION_CONTEXT(2) 
PARAMETRIC_REPRESENTATION_CONTEXT() REPRESENTATION_CONTEXT('2D SPACE',''
  ) );
#990 = ORIENTED_EDGE('',*,*,#598,.F.);
#991 = ORIENTED_EDGE('',*,*,#992,.T.);
#992 = EDGE_CURVE('',#567,#993,#995,.T.);
#993 = VERTEX_POINT('',#994);
#994 = CARTESIAN_POINT('',(8.893245298468,25.4,-5.553377350766));
#995 = SURFACE_CURVE('',#996,(#1001,#1011),.PCURVE_S1.);
#996 = ELLIPSE('',#997,58.137767414995,26.);
#997 = AXIS2_PLACEMENT_3D('',#998,#999,#1000);
#998 = CARTESIAN_POINT('',(20.,0.,0.));
#999 = DIRECTION('',(-0.4472135955,0.,0.894427191));
#1000 = DIRECTION('',(-0.894427191,0.,-0.4472135955));
#1001 = PCURVE('',#58,#1002);
#1002 = DEFINITIONAL_REPRESENTATION('',(#1003),#1010);
#1003 = B_SPLINE_CURVE_WITH_KNOTS('',5,(#1004,#1005,#1006,#1007,#1008,
    #1009),.UNSPECIFIED.,.F.,.F.,(6,6),(4.712388980385,4.954770069253),
  .PIECEWISE_BEZIER_KNOTS.);
#1004 = CARTESIAN_POINT('',(-6.28318530718,-61.));
#1005 = CARTESIAN_POINT('',(-6.234709089406,-58.47923667577));
#1006 = CARTESIAN_POINT('',(-6.186232871632,-55.95847331715));
#1007 = CARTESIAN_POINT('',(-6.137756653859,-53.45005107735));
#1008 = CARTESIAN_POINT('',(-6.089280436085,-50.96631026614));
#1009 = CARTESIAN_POINT('',(-6.040804218311,-48.51923079293));
#1010 = ( GEOMETRIC_REPRESENTATION_CONTEXT(2) 
PARAMETRIC_REPRESENTATION_CONTEXT() REPRESENTATION_CONTEXT('2D SPACE',''
  ) );
#1011 = PCURVE('',#1012,#1017);
#1012 = PLANE('',#1013);
#1013 = AXIS2_PLACEMENT_3D('',#1014,#1015,#1016);
#1014 = CARTESIAN_POINT('',(8.,27.,-6.));
#1015 = DIRECTION('',(-0.4472135955,0.,0.894427191));
#1016 = DIRECTION('',(0.894427191,0.,0.4472135955));
#1017 = DEFINITIONAL_REPRESENTATION('',(#1018),#1022);
#1018 = ELLIPSE('',#1019,58.137767414995,26.);
#1019 = AXIS2_PLACEMENT_2D('',#1020,#1021);
#1020 = CARTESIAN_POINT('',(13.416407864999,-27.));
#1021 = DIRECTION('',(-1.,0.));
#1022 = ( GEOMETRIC_REPRESENTATION_CONTEXT(2) 
PARAMETRIC_REPRESENTATION_CONTEXT() REPRESENTATION_CONTEXT('2D SPACE',''
  ) );
#1023 = ORIENTED_EDGE('',*,*,#1024,.T.);
#1024 = EDGE_CURVE('',#993,#1025,#1027,.T.);
#1025 = VERTEX_POINT('',#1026);
#1026 = CARTESIAN_POINT('',(8.,25.4,-5.553377350766));
#1027 = SURFACE_CURVE('',#1028,(#1032,#1038),.PCURVE_S1.);
#1028 = LINE('',#1029,#1030);
#1029 = CARTESIAN_POINT('',(-41.,25.4,-5.553377350766));
#1030 = VECTOR('',#1031,1.);
#1031 = DIRECTION('',(-1.,-0.,-0.));
#1032 = PCURVE('',#58,#1033);
#1033 = DEFINITIONAL_REPRESENTATION('',(#1034),#1037);
#1034 = B_SPLINE_CURVE_WITH_KNOTS('',1,(#1035,#1036),.UNSPECIFIED.,.F.,
  .F.,(2,2),(-65.,-17.),.PIECEWISE_BEZIER_KNOTS.);
#1035 = CARTESIAN_POINT('',(-6.067935541755,-65.));
#1036 = CARTESIAN_POINT('',(-6.067935541755,-17.));
#1037 = ( GEOMETRIC_REPRESENTATION_CONTEXT(2) 
PARAMETRIC_REPRESENTATION_CONTEXT() REPRESENTATION_CONTEXT('2D SPACE',''
  ) );
#1038 = PCURVE('',#555,#1039);
#1039 = DEFINITIONAL_REPRESENTATION('',(#1040),#1043);
#1040 = B_SPLINE_CURVE_WITH_KNOTS('',1,(#1041,#1042),.UNSPECIFIED.,.F.,
  .F.,(2,2),(-65.,-17.),.PIECEWISE_BEZIER_KNOTS.);
#1041 = CARTESIAN_POINT('',(5.553377350766,23.750514418054));
#1042 = CARTESIAN_POINT('',(5.553377350766,-24.24948558194));
#1043 = ( GEOMETRIC_REPRESENTATION_CONTEXT(2) 
PARAMETRIC_REPRESENTATION_CONTEXT() REPRESENTATION_CONTEXT('2D SPACE',''
  ) );
#1044 = ORIENTED_EDGE('',*,*,#1045,.F.);
#1045 = EDGE_CURVE('',#1046,#1025,#1048,.T.);
#1046 = VERTEX_POINT('',#1047);
#1047 = CARTESIAN_POINT('',(8.,25.922962793631,-2.));
#1048 = SURFACE_CURVE('',#1049,(#1054,#1061),.PCURVE_S1.);
#1049 = CIRCLE('',#1050,26.);
#1050 = AXIS2_PLACEMENT_3D('',#1051,#1052,#1053);
#1051 = CARTESIAN_POINT('',(8.,0.,0.));
#1052 = DIRECTION('',(-1.,0.,0.));
#1053 = DIRECTION('',(0.,1.,0.));
#1054 = PCURVE('',#58,#1055);
#1055 = DEFINITIONAL_REPRESENTATION('',(#1056),#1060);
#1056 = LINE('',#1057,#1058);
#1057 = CARTESIAN_POINT('',(-6.28318530718,-49.));
#1058 = VECTOR('',#1059,1.);
#1059 = DIRECTION('',(1.,-0.));
#1060 = ( GEOMETRIC_REPRESENTATION_CONTEXT(2) 
PARAMETRIC_REPRESENTATION_CONTEXT() REPRESENTATION_CONTEXT('2D SPACE',''
  ) );
#1061 = PCURVE('',#1062,#1067);
#1062 = PLANE('',#1063);
#1063 = AXIS2_PLACEMENT_3D('',#1064,#1065,#1066);
#1064 = CARTESIAN_POINT('',(8.,27.,-2.));
#1065 = DIRECTION('',(1.,0.,0.));
#1066 = DIRECTION('',(0.,0.,-1.));
#1067 = DEFINITIONAL_REPRESENTATION('',(#1068),#1076);
#1068 = ( BOUNDED_CURVE() B_SPLINE_CURVE(2,(#1069,#1070,#1071,#1072,
#1073,#1074,#1075),.UNSPECIFIED.,.T.,.F.) B_SPLINE_CURVE_WITH_KNOTS((1,2
    ,2,2,2,1),(-2.094395102393,0.,2.094395102393,4.188790204786,
6.28318530718,8.377580409573),.UNSPECIFIED.) CURVE() 
GEOMETRIC_REPRESENTATION_ITEM() RATIONAL_B_SPLINE_CURVE((1.,0.5,1.,0.5,
1.,0.5,1.)) REPRESENTATION_ITEM('') );
#1069 = CARTESIAN_POINT('',(-2.,-1.));
#1070 = CARTESIAN_POINT('',(43.033320996791,-1.));
#1071 = CARTESIAN_POINT('',(20.516660498395,-40.));
#1072 = CARTESIAN_POINT('',(-2.,-79.));
#1073 = CARTESIAN_POINT('',(-24.51666049839,-40.));
#1074 = CARTESIAN_POINT('',(-47.03332099679,-1.));
#1075 = CARTESIAN_POINT('',(-2.,-1.));
#1076 = ( GEOMETRIC_REPRESENTATION_CONTEXT(2) 
PARAMETRIC_REPRESENTATION_CONTEXT() REPRESENTATION_CONTEXT('2D SPACE',''
  ) );
#1077 = ORIENTED_EDGE('',*,*,#1078,.T.);
#1078 = EDGE_CURVE('',#1046,#1079,#1081,.T.);
#1079 = VERTEX_POINT('',#1080);
#1080 = CARTESIAN_POINT('',(-20.,25.922962793631,-2.));
#1081 = SURFACE_CURVE('',#1082,(#1086,#1092),.PCURVE_S1.);
#1082 = LINE('',#1083,#1084);
#1083 = CARTESIAN_POINT('',(-41.,25.922962793631,-2.));
#1084 = VECTOR('',#1085,1.);
#1085 = DIRECTION('',(-1.,-0.,-0.));
#1086 = PCURVE('',#58,#1087);
#1087 = DEFINITIONAL_REPRESENTATION('',(#1088),#1091);
#1088 = B_SPLINE_CURVE_WITH_KNOTS('',1,(#1089,#1090),.UNSPECIFIED.,.F.,
  .F.,(2,2),(-51.8,-18.2),.PIECEWISE_BEZIER_KNOTS.);
#1089 = CARTESIAN_POINT('',(-6.206186166523,-51.8));
#1090 = CARTESIAN_POINT('',(-6.206186166523,-18.2));
#1091 = ( GEOMETRIC_REPRESENTATION_CONTEXT(2) 
PARAMETRIC_REPRESENTATION_CONTEXT() REPRESENTATION_CONTEXT('2D SPACE',''
  ) );
#1092 = PCURVE('',#1093,#1098);
#1093 = PLANE('',#1094);
#1094 = AXIS2_PLACEMENT_3D('',#1095,#1096,#1097);
#1095 = CARTESIAN_POINT('',(-20.,27.,-2.));
#1096 = DIRECTION('',(-0.,0.,1.));
#1097 = DIRECTION('',(1.,0.,0.));
#1098 = DEFINITIONAL_REPRESENTATION('',(#1099),#1102);
#1099 = B_SPLINE_CURVE_WITH_KNOTS('',1,(#1100,#1101),.UNSPECIFIED.,.F.,
  .F.,(2,2),(-51.8,-18.2),.PIECEWISE_BEZIER_KNOTS.);
#1100 = CARTESIAN_POINT('',(30.8,-1.077037206369));
#1101 = CARTESIAN_POINT('',(-2.8,-1.077037206369));
#1102 = ( GEOMETRIC_REPRESENTATION_CONTEXT(2) 
PARAMETRIC_REPRESENTATION_CONTEXT() REPRESENTATION_CONTEXT('2D SPACE',''
  ) );
#1103 = ORIENTED_EDGE('',*,*,#1104,.F.);
#1104 = EDGE_CURVE('',#50,#1079,#1105,.T.);
#1105 = SURFACE_CURVE('',#1106,(#1111,#1118),.PCURVE_S1.);
#1106 = CIRCLE('',#1107,26.);
#1107 = AXIS2_PLACEMENT_3D('',#1108,#1109,#1110);
#1108 = CARTESIAN_POINT('',(-20.,0.,0.));
#1109 = DIRECTION('',(-1.,0.,0.));
#1110 = DIRECTION('',(0.,1.,0.));
#1111 = PCURVE('',#58,#1112);
#1112 = DEFINITIONAL_REPRESENTATION('',(#1113),#1117);
#1113 = LINE('',#1114,#1115);
#1114 = CARTESIAN_POINT('',(-6.28318530718,-21.));
#1115 = VECTOR('',#1116,1.);
#1116 = DIRECTION('',(1.,-0.));
#1117 = ( GEOMETRIC_REPRESENTATION_CONTEXT(2) 
PARAMETRIC_REPRESENTATION_CONTEXT() REPRESENTATION_CONTEXT('2D SPACE',''
  ) );
#1118 = PCURVE('',#465,#1119);
#1119 = DEFINITIONAL_REPRESENTATION('',(#1120),#1128);
#1120 = ( BOUNDED_CURVE() B_SPLINE_CURVE(2,(#1121,#1122,#1123,#1124,
#1125,#1126,#1127),.UNSPECIFIED.,.T.,.F.) B_SPLINE_CURVE_WITH_KNOTS((1,2
    ,2,2,2,1),(-2.094395102393,0.,2.094395102393,4.188790204786,
6.28318530718,8.377580409573),.UNSPECIFIED.) CURVE() 
GEOMETRIC_REPRESENTATION_ITEM() RATIONAL_B_SPLINE_CURVE((1.,0.5,1.,0.5,
1.,0.5,1.)) REPRESENTATION_ITEM('') );
#1121 = CARTESIAN_POINT('',(2.,-1.));
#1122 = CARTESIAN_POINT('',(47.033320996791,-1.));
#1123 = CARTESIAN_POINT('',(24.516660498395,-40.));
#1124 = CARTESIAN_POINT('',(2.,-79.));
#1125 = CARTESIAN_POINT('',(-20.51666049839,-40.));
#1126 = CARTESIAN_POINT('',(-43.03332099679,-1.));
#1127 = CARTESIAN_POINT('',(2.,-1.));
#1128 = ( GEOMETRIC_REPRESENTATION_CONTEXT(2) 
PARAMETRIC_REPRESENTATION_CONTEXT() REPRESENTATION_CONTEXT('2D SPACE',''
  ) );
#1129 = FACE_BOUND('',#1130,.F.);
#1130 = EDGE_LOOP('',(#1131));
#1131 = ORIENTED_EDGE('',*,*,#1132,.T.);
#1132 = EDGE_CURVE('',#1133,#1133,#1135,.T.);
#1133 = VERTEX_POINT('',#1134);
#1134 = CARTESIAN_POINT('',(15.,0.,26.));
#1135 = SURFACE_CURVE('',#1136,(#1307,#1481),.PCURVE_S1.);
#1136 = B_SPLINE_CURVE_WITH_KNOTS('',7,(#1137,#1138,#1139,#1140,#1141,
    #1142,#1143,#1144,#1145,#1146,#1147,#1148,#1149,#1150,#1151,#1152,
    #1153,#1154,#1155,#1156,#1157,#1158,#1159,#1160,#1161,#1162,#1163,
    #1164,#1165,#1166,#1167,#1168,#1169,#1170,#1171,#1172,#1173,#1174,
    #1175,#1176,#1177,#1178,#1179,#1180,#1181,#1182,#1183,#1184,#1185,
    #1186,#1187,#1188,#1189,#1190,#1191,#1192,#1193,#1194,#1195,#1196,
    #1197,#1198,#1199,#1200,#1201,#1202,#1203,#1204,#1205,#1206,#1207,
    #1208,#1209,#1210,#1211,#1212,#1213,#1214,#1215,#1216,#1217,#1218,
    #1219,#1220,#1221,#1222,#1223,#1224,#1225,#1226,#1227,#1228,#1229,
    #1230,#1231,#1232,#1233,#1234,#1235,#1236,#1237,#1238,#1239,#1240,
    #1241,#1242,#1243,#1244,#1245,#1246,#1247,#1248,#1249,#1250,#1251,
    #1252,#1253,#1254,#1255,#1256,#1257,#1258,#1259,#1260,#1261,#1262,
    #1263,#1264,#1265,#1266,#1267,#1268,#1269,#1270,#1271,#1272,#1273,
    #1274,#1275,#1276,#1277,#1278,#1279,#1280,#1281,#1282,#1283,#1284,
    #1285,#1286,#1287,#1288,#1289,#1290,#1291,#1292,#1293,#1294,#1295,
    #1296,#1297,#1298,#1299,#1300,#1301,#1302,#1303,#1304,#1305,#1306),
  .UNSPECIFIED.,.T.,.F.,(8,6,6,6,6,6,6,6,6,6,6,6,6,6,6,6,6,6,6,6,6,6,6,6
    ,6,6,6,6,8),(0.,3.372032841308E-02,5.401796778872E-02,
    7.964206658764E-02,9.919441062623E-02,0.113708300971,0.153356404384,
    0.200688102384,0.249742783439,0.299007996748,0.345999733043,
    0.420368072171,0.445883092472,0.465853114342,0.499827657263,
    0.522723442917,0.55386762501,0.579510375715,0.599076951999,
    0.613601407075,0.653278369489,0.700645764785,0.749735355042,
    0.799035725004,0.846058948943,0.920479172927,0.946011994393,
    0.96650238229,1.),.UNSPECIFIED.);
#1137 = CARTESIAN_POINT('',(15.,-1.7763568394E-15,26.));
#1138 = CARTESIAN_POINT('',(15.,0.571184818074,26.));
#1139 = CARTESIAN_POINT('',(14.97462476614,1.141414569395,
    25.985360440293));
#1140 = CARTESIAN_POINT('',(14.924027408922,1.707805701164,
    25.956169663617));
#1141 = CARTESIAN_POINT('',(14.848857710545,2.267491066748,
    25.912906613989));
#1142 = CARTESIAN_POINT('',(14.750260053484,2.817649244092,
    25.856436219111));
#1143 = CARTESIAN_POINT('',(14.629883261634,3.355532844662,
    25.78798390648));
#1144 = CARTESIAN_POINT('',(14.405642143179,4.193288528028,
    25.661599347378));
#1145 = CARTESIAN_POINT('',(14.314203968834,4.502954174918,
    25.610283715733));
#1146 = CARTESIAN_POINT('',(14.21593156644,4.807301393488,
    25.555405194838));
#1147 = CARTESIAN_POINT('',(14.1111745777,5.10615132854,25.497234545616)
  );
#1148 = CARTESIAN_POINT('',(14.000289379806,5.39933759872,
    25.436048823063));
#1149 = CARTESIAN_POINT('',(13.883639914656,5.686706265488,
    25.372129745967));
#1150 = CARTESIAN_POINT('',(13.607531301429,6.323372176241,
    25.221978334893));
#1151 = CARTESIAN_POINT('',(13.444849119223,6.669182334948,
    25.134280295624));
#1152 = CARTESIAN_POINT('',(13.27415663932,7.00557785338,25.043162939308
    ));
#1153 = CARTESIAN_POINT('',(13.096019047721,7.332608843857,
    24.949099456908));
#1154 = CARTESIAN_POINT('',(12.910962588723,7.650343766452,
    24.852540103194));
#1155 = CARTESIAN_POINT('',(12.719475105071,7.958869239594,
    24.753911060075));
#1156 = CARTESIAN_POINT('',(12.371329178433,8.486761292589,
    24.577081581553));
#1157 = CARTESIAN_POINT('',(12.217146509645,8.709965909561,
    24.499566842844));
#1158 = CARTESIAN_POINT('',(12.059637729135,8.927975695591,
    24.421236907434));
#1159 = CARTESIAN_POINT('',(11.898966563605,9.140864339011,
    24.342251001392));
#1160 = CARTESIAN_POINT('',(11.735281309068,9.348707222487,
    24.262759753221));
#1161 = CARTESIAN_POINT('',(11.56871483085,9.551581423019,
    24.182905193859));
#1162 = CARTESIAN_POINT('',(11.273689100869,9.896531326591,
    24.043373319721));
#1163 = CARTESIAN_POINT('',(11.146471838032,10.040801147904,
    23.98379987121));
#1164 = CARTESIAN_POINT('',(11.017781360079,10.182406411394,
    23.924155340544));
#1165 = CARTESIAN_POINT('',(10.887663057902,10.321377299573,
    23.864493011668));
#1166 = CARTESIAN_POINT('',(10.756159128279,10.457742941954,
    23.804864523075));
#1167 = CARTESIAN_POINT('',(10.623308573878,10.591531415055,
    23.745319867809));
#1168 = CARTESIAN_POINT('',(10.122653880631,11.081278085144,
    23.52360825304));
#1169 = CARTESIAN_POINT('',(9.746307303459,11.420826764832,
    23.362264198194));
#1170 = CARTESIAN_POINT('',(9.36090447061,11.74188371688,23.202895722645
    ));
#1171 = CARTESIAN_POINT('',(8.967091892814,12.044878107276,
    23.046445331877));
#1172 = CARTESIAN_POINT('',(8.565385490645,12.330187967776,
    22.893794027472));
#1173 = CARTESIAN_POINT('',(8.156190492514,12.598127831084,
    22.745777791466));
#1174 = CARTESIAN_POINT('',(7.242762012427,13.148350280212,
    22.433000310277));
#1175 = CARTESIAN_POINT('',(6.735334144635,13.423436660749,
    22.270503560663));
#1176 = CARTESIAN_POINT('',(6.218517059716,13.674301203331,
    22.117249608161));
#1177 = CARTESIAN_POINT('',(5.693175435611,13.901025149855,
    21.974680792294));
#1178 = CARTESIAN_POINT('',(5.160072127842,14.103645295725,
    21.844133848675));
#1179 = CARTESIAN_POINT('',(4.619880999591,14.28213399714,
    21.726827751886));
#1180 = CARTESIAN_POINT('',(3.506618044735,14.596239240246,
    21.517126793703));
#1181 = CARTESIAN_POINT('',(2.933035093925,14.730066741622,
    21.425788424152));
#1182 = CARTESIAN_POINT('',(2.353927772127,14.83750229524,
    21.351203579174));
#1183 = CARTESIAN_POINT('',(1.770680359825,14.91832686347,
    21.294445277447));
#1184 = CARTESIAN_POINT('',(1.184609547244,14.972402778388,
    21.256253096253));
#1185 = CARTESIAN_POINT('',(0.596989905524,14.999641377037,
    21.237013884963));
#1186 = CARTESIAN_POINT('',(-0.581353436387,15.000354654084,
    21.236510081535));
#1187 = CARTESIAN_POINT('',(-1.171525443063,14.97359775304,
    21.255409058721));
#1188 = CARTESIAN_POINT('',(-1.760160322445,14.91977118602,
    21.293430829343));
#1189 = CARTESIAN_POINT('',(-2.345966376146,14.838963892455,
    21.350188478352));
#1190 = CARTESIAN_POINT('',(-2.927609452379,14.731314667886,
    21.424935869331));
#1191 = CARTESIAN_POINT('',(-3.503686846172,14.59704507138,
    21.516587301173));
#1192 = CARTESIAN_POINT('',(-4.615457868142,14.283402181146,
    21.72598253262));
#1193 = CARTESIAN_POINT('',(-5.151802985314,14.106392449766,
    21.842329944767));
#1194 = CARTESIAN_POINT('',(-5.681157259923,13.905601175794,
    21.971733773491));
#1195 = CARTESIAN_POINT('',(-6.202866950828,13.681055812206,
    22.113002653499));
#1196 = CARTESIAN_POINT('',(-6.716191847988,13.43271975272,
    22.26483156121));
#1197 = CARTESIAN_POINT('',(-7.220292727774,13.16051150308,
    22.425813306185));
#1198 = CARTESIAN_POINT('',(-8.495897996066,12.395582209823,
    22.861331680953));
#1199 = CARTESIAN_POINT('',(-9.251477671978,11.867151650317,
    23.147174805057));
#1200 = CARTESIAN_POINT('',(-9.979755349217,11.277277725222,
    23.446836241303));
#1201 = CARTESIAN_POINT('',(-10.67808587009,10.623064230661,
    23.75490224186));
#1202 = CARTESIAN_POINT('',(-11.34196955373,9.900859935611,
    24.065208097618));
#1203 = CARTESIAN_POINT('',(-11.96456243912,9.106710201245,
    24.370239728404));
#1204 = CARTESIAN_POINT('',(-12.73207029315,7.938630728036,
    24.760393938195));
#1205 = CARTESIAN_POINT('',(-12.92219039759,7.631230189554,
    24.858387920953));
#1206 = CARTESIAN_POINT('',(-13.10592667178,7.31471158347,
    24.954315591723));
#1207 = CARTESIAN_POINT('',(-13.28279678504,6.9889913614,25.047756224952
    ));
#1208 = CARTESIAN_POINT('',(-13.45228100469,6.654003891509,
    25.138265623215));
#1209 = CARTESIAN_POINT('',(-13.61382165844,6.309701643095,
    25.225377250842));
#1210 = CARTESIAN_POINT('',(-13.88657292641,5.67926453577,
    25.373742542467));
#1211 = CARTESIAN_POINT('',(-14.00110380533,5.396722079017,
    25.436508009741));
#1212 = CARTESIAN_POINT('',(-14.11006223412,5.108562076941,
    25.496629662406));
#1213 = CARTESIAN_POINT('',(-14.21310293689,4.814930186089,
    25.553840206377));
#1214 = CARTESIAN_POINT('',(-14.30988760294,4.515983670809,
    25.607876653125));
#1215 = CARTESIAN_POINT('',(-14.4000841283,4.211891430541,
    25.658481812359));
#1216 = CARTESIAN_POINT('',(-14.62505116418,3.377041712658,
    25.785236469093));
#1217 = CARTESIAN_POINT('',(-14.74696301653,2.835986917489,
    25.854547934771));
#1218 = CARTESIAN_POINT('',(-14.84685348036,2.282388876344,
    25.911753078273));
#1219 = CARTESIAN_POINT('',(-14.9230218576,1.719071103288,
    25.955589537296));
#1220 = CARTESIAN_POINT('',(-14.97429163136,1.148933277505,
    25.985168247479));
#1221 = CARTESIAN_POINT('',(-15.,0.574921939826,26.));
#1222 = CARTESIAN_POINT('',(-15.,-0.387445668724,26.));
#1223 = CARTESIAN_POINT('',(-14.98832414657,-0.774748449382,
    25.993264193768));
#1224 = CARTESIAN_POINT('',(-14.96498912048,-1.160889727783,
    25.979801206781));
#1225 = CARTESIAN_POINT('',(-14.93013589739,-1.544859732808,
    25.959715601707));
#1226 = CARTESIAN_POINT('',(-14.88403125538,-1.925657721243,
    25.933205213379));
#1227 = CARTESIAN_POINT('',(-14.82706928233,-2.302292162613,
    25.900558483774));
#1228 = CARTESIAN_POINT('',(-14.66823239936,-3.179101588954,
    25.80990878314));
#1229 = CARTESIAN_POINT('',(-14.55765145611,-3.674453205985,
    25.747054358042));
#1230 = CARTESIAN_POINT('',(-14.42915506054,-4.15880705071,
    25.674422623245));
#1231 = CARTESIAN_POINT('',(-14.28395128398,-4.631204155985,
    25.59294194334));
#1232 = CARTESIAN_POINT('',(-14.12333965121,-5.090755506186,
    25.503618671772));
#1233 = CARTESIAN_POINT('',(-13.9487195296,-5.536642231479,
    25.407520876665));
#1234 = CARTESIAN_POINT('',(-13.60753130142,-6.323372176241,
    25.221978334893));
#1235 = CARTESIAN_POINT('',(-13.44484911922,-6.669182334948,
    25.134280295624));
#1236 = CARTESIAN_POINT('',(-13.27415663932,-7.00557785338,
    25.043162939308));
#1237 = CARTESIAN_POINT('',(-13.09601904772,-7.332608843857,
    24.949099456908));
#1238 = CARTESIAN_POINT('',(-12.91096258872,-7.650343766452,
    24.852540103194));
#1239 = CARTESIAN_POINT('',(-12.71947510507,-7.958869239594,
    24.753911060075));
#1240 = CARTESIAN_POINT('',(-12.37132917843,-8.486761292589,
    24.577081581553));
#1241 = CARTESIAN_POINT('',(-12.21714650964,-8.70996590956,
    24.499566842844));
#1242 = CARTESIAN_POINT('',(-12.05963772913,-8.927975695591,
    24.421236907434));
#1243 = CARTESIAN_POINT('',(-11.8989665636,-9.140864339011,
    24.342251001392));
#1244 = CARTESIAN_POINT('',(-11.73528130906,-9.348707222486,
    24.262759753221));
#1245 = CARTESIAN_POINT('',(-11.56871483085,-9.551581423018,
    24.182905193859));
#1246 = CARTESIAN_POINT('',(-11.27368910086,-9.89653132659,
    24.043373319721));
#1247 = CARTESIAN_POINT('',(-11.14647183803,-10.0408011479,
    23.983799871211));
#1248 = CARTESIAN_POINT('',(-11.01778136008,-10.18240641139,
    23.924155340544));
#1249 = CARTESIAN_POINT('',(-10.8876630579,-10.32137729957,
    23.864493011668));
#1250 = CARTESIAN_POINT('',(-10.75615912827,-10.45774294195,
    23.804864523075));
#1251 = CARTESIAN_POINT('',(-10.62330857387,-10.59153141505,
    23.745319867809));
#1252 = CARTESIAN_POINT('',(-10.1226538903,-11.08127807568,
    23.523608257323));
#1253 = CARTESIAN_POINT('',(-9.746307292935,-11.42082677273,
    23.362264194154));
#1254 = CARTESIAN_POINT('',(-9.36090446283,-11.74188372435,
    23.202895719226));
#1255 = CARTESIAN_POINT('',(-8.967091901699,-12.04487810177,
    23.046445334971));
#1256 = CARTESIAN_POINT('',(-8.565385500949,-12.33018795945,
    22.893794031585));
#1257 = CARTESIAN_POINT('',(-8.156190481342,-12.59812783781,
    22.74577778764));
#1258 = CARTESIAN_POINT('',(-7.242748954734,-13.14835814578,
    22.432995839043));
#1259 = CARTESIAN_POINT('',(-6.735323448339,-13.42344150248,
    22.270500489268));
#1260 = CARTESIAN_POINT('',(-6.218518068601,-13.67429934599,
    22.117250509894));
#1261 = CARTESIAN_POINT('',(-5.69319069234,-13.9010177621,
    21.974685382081));
#1262 = CARTESIAN_POINT('',(-5.160096916819,-14.1036362142,
    21.844139805777));
#1263 = CARTESIAN_POINT('',(-4.619903158499,-14.28212774504,
    21.726831925872));
#1264 = CARTESIAN_POINT('',(-3.50661917333,-14.59623892181,
    21.517127006292));
#1265 = CARTESIAN_POINT('',(-2.933036018149,-14.73006659192,
    21.425788531869));
#1266 = CARTESIAN_POINT('',(-2.353927845501,-14.83750236798,
    21.351203530885));
#1267 = CARTESIAN_POINT('',(-1.770679505729,-14.91832702711,
    21.294445161405));
#1268 = CARTESIAN_POINT('',(-1.184608159546,-14.97240288658,
    21.256253020019));
#1269 = CARTESIAN_POINT('',(-0.596988735705,-14.99964137774,
    21.237013884463));
#1270 = CARTESIAN_POINT('',(0.581353430762,-15.00035465408,
    21.236510081538));
#1271 = CARTESIAN_POINT('',(1.171525404418,-14.97359775353,
    21.25540905837));
#1272 = CARTESIAN_POINT('',(1.760160241522,-14.91977119203,
    21.293430825091));
#1273 = CARTESIAN_POINT('',(2.345966261027,-14.83896390861,
    21.350188466954));
#1274 = CARTESIAN_POINT('',(2.927609328221,-14.73131469386,
    21.424935851345));
#1275 = CARTESIAN_POINT('',(3.503686754992,-14.5970450971,
    21.516587283999));
#1276 = CARTESIAN_POINT('',(4.615434333567,-14.28340882051,
    21.725978100027));
#1277 = CARTESIAN_POINT('',(5.151776638828,-14.10640208231,
    21.842323623672));
#1278 = CARTESIAN_POINT('',(5.681140968574,-13.90560902328,
    21.971728891425));
#1279 = CARTESIAN_POINT('',(6.202865689334,-13.68105784591,
    22.113001651701));
#1280 = CARTESIAN_POINT('',(6.716202938105,-13.43271475885,
    22.264834735489));
#1281 = CARTESIAN_POINT('',(7.22030635373,-13.16050333214,
    22.425817958372));
#1282 = CARTESIAN_POINT('',(8.495897996069,-12.39558220982,
    22.861331680954));
#1283 = CARTESIAN_POINT('',(9.251477671973,-11.86715165032,
    23.147174805055));
#1284 = CARTESIAN_POINT('',(9.979755349223,-11.2772777252,
    23.446836241306));
#1285 = CARTESIAN_POINT('',(10.678085870098,-10.62306423067,
    23.754902241858));
#1286 = CARTESIAN_POINT('',(11.341969553738,-9.900859935598,
    24.065208097622));
#1287 = CARTESIAN_POINT('',(11.964562439119,-9.106710201248,
    24.370239728403));
#1288 = CARTESIAN_POINT('',(12.73207029316,-7.938630728034,
    24.760393938196));
#1289 = CARTESIAN_POINT('',(12.922190397594,-7.631230189552,
    24.858387920954));
#1290 = CARTESIAN_POINT('',(13.105926671783,-7.314711583468,
    24.954315591724));
#1291 = CARTESIAN_POINT('',(13.28279678505,-6.988991361398,
    25.047756224952));
#1292 = CARTESIAN_POINT('',(13.452281004693,-6.654003891506,
    25.138265623216));
#1293 = CARTESIAN_POINT('',(13.613821658447,-6.309701643092,
    25.225377250842));
#1294 = CARTESIAN_POINT('',(13.889607639807,-5.672250101171,
    25.375393299732));
#1295 = CARTESIAN_POINT('',(14.006908052875,-5.382391720988,
    25.439689169245));
#1296 = CARTESIAN_POINT('',(14.118341328963,-5.086627867957,
    25.501198763972));
#1297 = CARTESIAN_POINT('',(14.223534028508,-4.785119000889,
    25.559633224789));
#1298 = CARTESIAN_POINT('',(14.322120909461,-4.478038433603,
    25.614708753082));
#1299 = CARTESIAN_POINT('',(14.413744057196,-4.165572368472,
    25.66614831827));
#1300 = CARTESIAN_POINT('',(14.635878381337,-3.32862278423,
    25.791393501537));
#1301 = CARTESIAN_POINT('',(14.754350515853,-2.794726341842,
    25.858779099812));
#1302 = CARTESIAN_POINT('',(14.851355138614,-2.248827944747,
    25.914343987638));
#1303 = CARTESIAN_POINT('',(14.925291195831,-1.693621971701,
    25.956898771251));
#1304 = CARTESIAN_POINT('',(14.97504886574,-1.13187359438,
    25.985605113195));
#1305 = CARTESIAN_POINT('',(15.,-0.566391559936,26.));
#1306 = CARTESIAN_POINT('',(15.,-1.7763568394E-15,26.));
#1307 = PCURVE('',#58,#1308);
#1308 = DEFINITIONAL_REPRESENTATION('',(#1309),#1480);
#1309 = B_SPLINE_CURVE_WITH_KNOTS('',7,(#1310,#1311,#1312,#1313,#1314,
    #1315,#1316,#1317,#1318,#1319,#1320,#1321,#1322,#1323,#1324,#1325,
    #1326,#1327,#1328,#1329,#1330,#1331,#1332,#1333,#1334,#1335,#1336,
    #1337,#1338,#1339,#1340,#1341,#1342,#1343,#1344,#1345,#1346,#1347,
    #1348,#1349,#1350,#1351,#1352,#1353,#1354,#1355,#1356,#1357,#1358,
    #1359,#1360,#1361,#1362,#1363,#1364,#1365,#1366,#1367,#1368,#1369,
    #1370,#1371,#1372,#1373,#1374,#1375,#1376,#1377,#1378,#1379,#1380,
    #1381,#1382,#1383,#1384,#1385,#1386,#1387,#1388,#1389,#1390,#1391,
    #1392,#1393,#1394,#1395,#1396,#1397,#1398,#1399,#1400,#1401,#1402,
    #1403,#1404,#1405,#1406,#1407,#1408,#1409,#1410,#1411,#1412,#1413,
    #1414,#1415,#1416,#1417,#1418,#1419,#1420,#1421,#1422,#1423,#1424,
    #1425,#1426,#1427,#1428,#1429,#1430,#1431,#1432,#1433,#1434,#1435,
    #1436,#1437,#1438,#1439,#1440,#1441,#1442,#1443,#1444,#1445,#1446,
    #1447,#1448,#1449,#1450,#1451,#1452,#1453,#1454,#1455,#1456,#1457,
    #1458,#1459,#1460,#1461,#1462,#1463,#1464,#1465,#1466,#1467,#1468,
    #1469,#1470,#1471,#1472,#1473,#1474,#1475,#1476,#1477,#1478,#1479),
  .UNSPECIFIED.,.T.,.F.,(8,6,6,6,6,6,6,6,6,6,6,6,6,6,6,6,6,6,6,6,6,6,6,6
    ,6,6,6,6,8),(0.,3.372032841308E-02,5.401796778872E-02,
    7.964206658764E-02,9.919441062623E-02,0.113708300971,0.153356404384,
    0.200688102384,0.249742783439,0.299007996748,0.345999733043,
    0.420368072171,0.445883092472,0.465853114342,0.499827657263,
    0.522723442917,0.55386762501,0.579510375715,0.599076951999,
    0.613601407075,0.653278369489,0.700645764785,0.749735355042,
    0.799035725004,0.846058948943,0.920479172927,0.946011994393,
    0.96650238229,1.),.UNSPECIFIED.);
#1310 = CARTESIAN_POINT('',(-1.570796326795,-56.));
#1311 = CARTESIAN_POINT('',(-1.548827679946,-56.));
#1312 = CARTESIAN_POINT('',(-1.526895762691,-55.97462476614));
#1313 = CARTESIAN_POINT('',(-1.505094183466,-55.92402740892));
#1314 = CARTESIAN_POINT('',(-1.483516114628,-55.84885771054));
#1315 = CARTESIAN_POINT('',(-1.462255209045,-55.75026005348));
#1316 = CARTESIAN_POINT('',(-1.441406109352,-55.62988326163));
#1317 = CARTESIAN_POINT('',(-1.408820136542,-55.40564214317));
#1318 = CARTESIAN_POINT('',(-1.396748762722,-55.31420396883));
#1319 = CARTESIAN_POINT('',(-1.384856212777,-55.21593156644));
#1320 = CARTESIAN_POINT('',(-1.373148228712,-55.1111745777));
#1321 = CARTESIAN_POINT('',(-1.361630502443,-55.0002893798));
#1322 = CARTESIAN_POINT('',(-1.350308668069,-54.88363991465));
#1323 = CARTESIAN_POINT('',(-1.325149737503,-54.60753130142));
#1324 = CARTESIAN_POINT('',(-1.311430237587,-54.44484911922));
#1325 = CARTESIAN_POINT('',(-1.298028465151,-54.27415663932));
#1326 = CARTESIAN_POINT('',(-1.284943124982,-54.09601904772));
#1327 = CARTESIAN_POINT('',(-1.272172847491,-53.91096258872));
#1328 = CARTESIAN_POINT('',(-1.259716080292,-53.71947510507));
#1329 = CARTESIAN_POINT('',(-1.238303719898,-53.37132917843));
#1330 = CARTESIAN_POINT('',(-1.22921651861,-53.21714650964));
#1331 = CARTESIAN_POINT('',(-1.220307531339,-53.05963772913));
#1332 = CARTESIAN_POINT('',(-1.211574934633,-52.8989665636));
#1333 = CARTESIAN_POINT('',(-1.20301692618,-52.73528130906));
#1334 = CARTESIAN_POINT('',(-1.194631724814,-52.56871483085));
#1335 = CARTESIAN_POINT('',(-1.180320125892,-52.27368910086));
#1336 = CARTESIAN_POINT('',(-1.174316980348,-52.14647183803));
#1337 = CARTESIAN_POINT('',(-1.168407447487,-52.01778136007));
#1338 = CARTESIAN_POINT('',(-1.162590899377,-51.8876630579));
#1339 = CARTESIAN_POINT('',(-1.156866766548,-51.75615912827));
#1340 = CARTESIAN_POINT('',(-1.151234537986,-51.62330857387));
#1341 = CARTESIAN_POINT('',(-1.130557826643,-51.12265388063));
#1342 = CARTESIAN_POINT('',(-1.116101347154,-50.74630730345));
#1343 = CARTESIAN_POINT('',(-1.102318487645,-50.36090447061));
#1344 = CARTESIAN_POINT('',(-1.089205737114,-49.96709189281));
#1345 = CARTESIAN_POINT('',(-1.0767621819,-49.56538549064));
#1346 = CARTESIAN_POINT('',(-1.064989778992,-49.15619049251));
#1347 = CARTESIAN_POINT('',(-1.04064710406,-48.24276201242));
#1348 = CARTESIAN_POINT('',(-1.02836049709,-47.73533414463));
#1349 = CARTESIAN_POINT('',(-1.017055681408,-47.21851705971));
#1350 = CARTESIAN_POINT('',(-1.006756022636,-46.69317543561));
#1351 = CARTESIAN_POINT('',(-0.997486109965,-46.16007212784));
#1352 = CARTESIAN_POINT('',(-0.989271487087,-45.61988099959));
#1353 = CARTESIAN_POINT('',(-0.974745617713,-44.50661804473));
#1354 = CARTESIAN_POINT('',(-0.968514168317,-43.93303509392));
#1355 = CARTESIAN_POINT('',(-0.963484053783,-43.35392777212));
#1356 = CARTESIAN_POINT('',(-0.95968550154,-42.77068035982));
#1357 = CARTESIAN_POINT('',(-0.957139222942,-42.18460954724));
#1358 = CARTESIAN_POINT('',(-0.955856609834,-41.59698990552));
#1359 = CARTESIAN_POINT('',(-0.955823022933,-40.41864656361));
#1360 = CARTESIAN_POINT('',(-0.95708295373,-39.82847455693));
#1361 = CARTESIAN_POINT('',(-0.959617617845,-39.23983967755));
#1362 = CARTESIAN_POINT('',(-0.963415612738,-38.65403362385));
#1363 = CARTESIAN_POINT('',(-0.968456042556,-38.07239054762));
#1364 = CARTESIAN_POINT('',(-0.974708319648,-37.49631315382));
#1365 = CARTESIAN_POINT('',(-0.989212870329,-36.38454213185));
#1366 = CARTESIAN_POINT('',(-0.997359710114,-35.84819701468));
#1367 = CARTESIAN_POINT('',(-1.006546695,-35.31884274007));
#1368 = CARTESIAN_POINT('',(-1.01674884121,-34.79713304917));
#1369 = CARTESIAN_POINT('',(-1.027942149587,-34.28380815201));
#1370 = CARTESIAN_POINT('',(-1.04010386434,-33.77970727222));
#1371 = CARTESIAN_POINT('',(-1.073958607098,-32.50410200393));
#1372 = CARTESIAN_POINT('',(-1.097060348832,-31.74852232802));
#1373 = CARTESIAN_POINT('',(-1.122493295282,-31.02024465077));
#1374 = CARTESIAN_POINT('',(-1.150280754016,-30.3219141299));
#1375 = CARTESIAN_POINT('',(-1.180479740461,-29.65803044626));
#1376 = CARTESIAN_POINT('',(-1.213167404161,-29.03543756087));
#1377 = CARTESIAN_POINT('',(-1.260533377691,-28.26792970684));
#1378 = CARTESIAN_POINT('',(-1.272941512566,-28.0778096024));
#1379 = CARTESIAN_POINT('',(-1.285659994453,-27.89407332821));
#1380 = CARTESIAN_POINT('',(-1.298690300187,-27.71720321495));
#1381 = CARTESIAN_POINT('',(-1.312033726155,-27.5477189953));
#1382 = CARTESIAN_POINT('',(-1.325691493897,-27.38617834155));
#1383 = CARTESIAN_POINT('',(-1.350601485894,-27.11342707358));
#1384 = CARTESIAN_POINT('',(-1.361732536188,-26.99889619466));
#1385 = CARTESIAN_POINT('',(-1.373052741276,-26.88993776587));
#1386 = CARTESIAN_POINT('',(-1.384556774365,-26.7868970631));
#1387 = CARTESIAN_POINT('',(-1.39623925448,-26.69011239705));
#1388 = CARTESIAN_POINT('',(-1.408094753753,-26.59991587169));
#1389 = CARTESIAN_POINT('',(-1.440572347177,-26.37494883581));
#1390 = CARTESIAN_POINT('',(-1.461546528194,-26.25303698346));
#1391 = CARTESIAN_POINT('',(-1.482941743922,-26.15314651963));
#1392 = CARTESIAN_POINT('',(-1.504660557074,-26.07697814239));
#1393 = CARTESIAN_POINT('',(-1.526606581502,-26.02570836863));
#1394 = CARTESIAN_POINT('',(-1.548683944494,-26.));
#1395 = CARTESIAN_POINT('',(-1.585698083284,-26.));
#1396 = CARTESIAN_POINT('',(-1.600594341701,-26.01167585342));
#1397 = CARTESIAN_POINT('',(-1.61545133814,-26.03501087951));
#1398 = CARTESIAN_POINT('',(-1.630235613153,-26.0698641026));
#1399 = CARTESIAN_POINT('',(-1.644913730915,-26.11596874461));
#1400 = CARTESIAN_POINT('',(-1.659451998387,-26.17293071766));
#1401 = CARTESIAN_POINT('',(-1.69335518762,-26.33176760063));
#1402 = CARTESIAN_POINT('',(-1.712554755999,-26.44234854388));
#1403 = CARTESIAN_POINT('',(-1.731384470291,-26.57084493945));
#1404 = CARTESIAN_POINT('',(-1.749814187538,-26.71604871602));
#1405 = CARTESIAN_POINT('',(-1.767813959558,-26.87666034878));
#1406 = CARTESIAN_POINT('',(-1.785353951341,-27.05128047039));
#1407 = CARTESIAN_POINT('',(-1.816442916087,-27.39246869857));
#1408 = CARTESIAN_POINT('',(-1.830162416003,-27.55515088077));
#1409 = CARTESIAN_POINT('',(-1.843564188439,-27.72584336068));
#1410 = CARTESIAN_POINT('',(-1.856649528607,-27.90398095227));
#1411 = CARTESIAN_POINT('',(-1.869419806099,-28.08903741127));
#1412 = CARTESIAN_POINT('',(-1.881876573298,-28.28052489492));
#1413 = CARTESIAN_POINT('',(-1.903288933692,-28.62867082156));
#1414 = CARTESIAN_POINT('',(-1.91237613498,-28.78285349035));
#1415 = CARTESIAN_POINT('',(-1.921285122251,-28.94036227086));
#1416 = CARTESIAN_POINT('',(-1.930017718957,-29.10103343639));
#1417 = CARTESIAN_POINT('',(-1.938575727409,-29.26471869093));
#1418 = CARTESIAN_POINT('',(-1.946960928776,-29.43128516915));
#1419 = CARTESIAN_POINT('',(-1.961272527698,-29.72631089913));
#1420 = CARTESIAN_POINT('',(-1.967275673242,-29.85352816196));
#1421 = CARTESIAN_POINT('',(-1.973185206103,-29.98221863992));
#1422 = CARTESIAN_POINT('',(-1.979001754212,-30.11233694209));
#1423 = CARTESIAN_POINT('',(-1.984725887041,-30.24384087172));
#1424 = CARTESIAN_POINT('',(-1.990358115603,-30.37669142612));
#1425 = CARTESIAN_POINT('',(-2.011034826548,-30.87734610969));
#1426 = CARTESIAN_POINT('',(-2.025491306777,-31.25369270706));
#1427 = CARTESIAN_POINT('',(-2.039274166261,-31.63909553717));
#1428 = CARTESIAN_POINT('',(-2.052386916233,-32.0329080983));
#1429 = CARTESIAN_POINT('',(-2.064830471332,-32.43461449905));
#1430 = CARTESIAN_POINT('',(-2.076602874895,-32.84380951865));
#1431 = CARTESIAN_POINT('',(-2.100945897515,-33.75725104526));
#1432 = CARTESIAN_POINT('',(-2.113232376731,-34.26467655166));
#1433 = CARTESIAN_POINT('',(-2.124536892979,-34.78148193139));
#1434 = CARTESIAN_POINT('',(-2.134836296696,-35.30680930766));
#1435 = CARTESIAN_POINT('',(-2.144106126391,-35.83990308318));
#1436 = CARTESIAN_POINT('',(-2.152320877373,-36.3800968415));
#1437 = CARTESIAN_POINT('',(-2.166847021151,-37.49338082667));
#1438 = CARTESIAN_POINT('',(-2.173078478182,-38.06696398185));
#1439 = CARTESIAN_POINT('',(-2.178108603164,-38.64607215449));
#1440 = CARTESIAN_POINT('',(-2.181907159764,-39.22932049427));
#1441 = CARTESIAN_POINT('',(-2.184453435739,-39.81539184045));
#1442 = CARTESIAN_POINT('',(-2.185736043789,-40.40301126429));
#1443 = CARTESIAN_POINT('',(-2.185769630657,-41.58135343076));
#1444 = CARTESIAN_POINT('',(-2.184509699883,-42.17152540441));
#1445 = CARTESIAN_POINT('',(-2.181975036028,-42.76016024152));
#1446 = CARTESIAN_POINT('',(-2.178177041612,-43.34596626102));
#1447 = CARTESIAN_POINT('',(-2.173136612249,-43.92760932822));
#1448 = CARTESIAN_POINT('',(-2.166884335131,-44.50368675499));
#1449 = CARTESIAN_POINT('',(-2.152380090301,-45.61543433356));
#1450 = CARTESIAN_POINT('',(-2.144233386047,-46.15177663882));
#1451 = CARTESIAN_POINT('',(-2.135046313755,-46.68114096857));
#1452 = CARTESIAN_POINT('',(-2.124843899387,-47.20286568933));
#1453 = CARTESIAN_POINT('',(-2.113650276753,-47.7162029381));
#1454 = CARTESIAN_POINT('',(-2.101488427615,-48.22030635373));
#1455 = CARTESIAN_POINT('',(-2.067634046492,-49.49589799606));
#1456 = CARTESIAN_POINT('',(-2.044532304757,-50.25147767197));
#1457 = CARTESIAN_POINT('',(-2.019099358308,-50.97975534922));
#1458 = CARTESIAN_POINT('',(-1.991311899574,-51.67808587009));
#1459 = CARTESIAN_POINT('',(-1.961112913129,-52.34196955373));
#1460 = CARTESIAN_POINT('',(-1.928425249429,-52.96456243911));
#1461 = CARTESIAN_POINT('',(-1.881059275899,-53.73207029316));
#1462 = CARTESIAN_POINT('',(-1.868651141024,-53.92219039759));
#1463 = CARTESIAN_POINT('',(-1.855932659137,-54.10592667178));
#1464 = CARTESIAN_POINT('',(-1.842902353403,-54.28279678505));
#1465 = CARTESIAN_POINT('',(-1.829558927435,-54.45228100469));
#1466 = CARTESIAN_POINT('',(-1.815901159692,-54.61382165844));
#1467 = CARTESIAN_POINT('',(-1.790714011565,-54.8896076398));
#1468 = CARTESIAN_POINT('',(-1.77929557807,-55.00690805287));
#1469 = CARTESIAN_POINT('',(-1.767678299055,-55.11834132896));
#1470 = CARTESIAN_POINT('',(-1.755868041901,-55.2235340285));
#1471 = CARTESIAN_POINT('',(-1.743870732393,-55.32212090946));
#1472 = CARTESIAN_POINT('',(-1.731692347419,-55.41374405719));
#1473 = CARTESIAN_POINT('',(-1.699143545586,-55.63587838133));
#1474 = CARTESIAN_POINT('',(-1.678451622237,-55.75435051585));
#1475 = CARTESIAN_POINT('',(-1.657357013316,-55.85135513861));
#1476 = CARTESIAN_POINT('',(-1.635952510006,-55.92529119583));
#1477 = CARTESIAN_POINT('',(-1.614329930277,-55.97504886574));
#1478 = CARTESIAN_POINT('',(-1.592580617562,-56.));
#1479 = CARTESIAN_POINT('',(-1.570796326795,-56.));
#1480 = ( GEOMETRIC_REPRESENTATION_CONTEXT(2) 
PARAMETRIC_REPRESENTATION_CONTEXT() REPRESENTATION_CONTEXT('2D SPACE',''
  ) );
#1481 = PCURVE('',#1482,#1487);
#1482 = CYLINDRICAL_SURFACE('',#1483,15.);
#1483 = AXIS2_PLACEMENT_3D('',#1484,#1485,#1486);
#1484 = CARTESIAN_POINT('',(0.,0.,21.));
#1485 = DIRECTION('',(-0.,-0.,-1.));
#1486 = DIRECTION('',(1.,0.,0.));
#1487 = DEFINITIONAL_REPRESENTATION('',(#1488),#1659);
#1488 = B_SPLINE_CURVE_WITH_KNOTS('',7,(#1489,#1490,#1491,#1492,#1493,
    #1494,#1495,#1496,#1497,#1498,#1499,#1500,#1501,#1502,#1503,#1504,
    #1505,#1506,#1507,#1508,#1509,#1510,#1511,#1512,#1513,#1514,#1515,
    #1516,#1517,#1518,#1519,#1520,#1521,#1522,#1523,#1524,#1525,#1526,
    #1527,#1528,#1529,#1530,#1531,#1532,#1533,#1534,#1535,#1536,#1537,
    #1538,#1539,#1540,#1541,#1542,#1543,#1544,#1545,#1546,#1547,#1548,
    #1549,#1550,#1551,#1552,#1553,#1554,#1555,#1556,#1557,#1558,#1559,
    #1560,#1561,#1562,#1563,#1564,#1565,#1566,#1567,#1568,#1569,#1570,
    #1571,#1572,#1573,#1574,#1575,#1576,#1577,#1578,#1579,#1580,#1581,
    #1582,#1583,#1584,#1585,#1586,#1587,#1588,#1589,#1590,#1591,#1592,
    #1593,#1594,#1595,#1596,#1597,#1598,#1599,#1600,#1601,#1602,#1603,
    #1604,#1605,#1606,#1607,#1608,#1609,#1610,#1611,#1612,#1613,#1614,
    #1615,#1616,#1617,#1618,#1619,#1620,#1621,#1622,#1623,#1624,#1625,
    #1626,#1627,#1628,#1629,#1630,#1631,#1632,#1633,#1634,#1635,#1636,
    #1637,#1638,#1639,#1640,#1641,#1642,#1643,#1644,#1645,#1646,#1647,
    #1648,#1649,#1650,#1651,#1652,#1653,#1654,#1655,#1656,#1657,#1658),
  .UNSPECIFIED.,.F.,.F.,(8,6,6,6,6,6,6,6,6,6,6,6,6,6,6,6,6,6,6,6,6,6,6,6
    ,6,6,6,6,8),(0.,3.372032841308E-02,5.401796778872E-02,
    7.964206658764E-02,9.919441062623E-02,0.113708300971,0.153356404384,
    0.200688102384,0.249742783439,0.299007996748,0.345999733043,
    0.420368072171,0.445883092472,0.465853114342,0.499827657263,
    0.522723442917,0.55386762501,0.579510375715,0.599076951999,
    0.613601407075,0.653278369489,0.700645764785,0.749735355042,
    0.799035725004,0.846058948943,0.920479172927,0.946011994393,
    0.96650238229,1.),.UNSPECIFIED.);
#1489 = CARTESIAN_POINT('',(0.,-5.));
#1490 = CARTESIAN_POINT('',(-3.80789878716E-02,-5.));
#1491 = CARTESIAN_POINT('',(-7.60943029396E-02,-4.985360440293));
#1492 = CARTESIAN_POINT('',(-0.113943902776,-4.956169663617));
#1493 = CARTESIAN_POINT('',(-0.151525443349,-4.912906613989));
#1494 = CARTESIAN_POINT('',(-0.188731786125,-4.856436219111));
#1495 = CARTESIAN_POINT('',(-0.22544628122,-4.78798390648));
#1496 = CARTESIAN_POINT('',(-0.283262798054,-4.661599347378));
#1497 = CARTESIAN_POINT('',(-0.304781322245,-4.610283715733));
#1498 = CARTESIAN_POINT('',(-0.326091891535,-4.555405194838));
#1499 = CARTESIAN_POINT('',(-0.347192283958,-4.497234545616));
#1500 = CARTESIAN_POINT('',(-0.368079530694,-4.436048823063));
#1501 = CARTESIAN_POINT('',(-0.388749883548,-4.372129745967));
#1502 = CARTESIAN_POINT('',(-0.435013833911,-4.221978334893));
#1503 = CARTESIAN_POINT('',(-0.460479647577,-4.134280295624));
#1504 = CARTESIAN_POINT('',(-0.485610190062,-4.043162939308));
#1505 = CARTESIAN_POINT('',(-0.510418247444,-3.949099456908));
#1506 = CARTESIAN_POINT('',(-0.534915827846,-3.852540103194));
#1507 = CARTESIAN_POINT('',(-0.559114564033,-3.753911060075));
#1508 = CARTESIAN_POINT('',(-0.601271709512,-3.577081581553));
#1509 = CARTESIAN_POINT('',(-0.61935289847,-3.499566842844));
#1510 = CARTESIAN_POINT('',(-0.637276898715,-3.421236907434));
#1511 = CARTESIAN_POINT('',(-0.65505095492,-3.342251001392));
#1512 = CARTESIAN_POINT('',(-0.672682340596,-3.262759753221));
#1513 = CARTESIAN_POINT('',(-0.690178358095,-3.182905193859));
#1514 = CARTESIAN_POINT('',(-0.720438755193,-3.043373319721));
#1515 = CARTESIAN_POINT('',(-0.733260544165,-2.98379987121));
#1516 = CARTESIAN_POINT('',(-0.746014658262,-2.924155340544));
#1517 = CARTESIAN_POINT('',(-0.758703994153,-2.864493011668));
#1518 = CARTESIAN_POINT('',(-0.771331392431,-2.804864523075));
#1519 = CARTESIAN_POINT('',(-0.783899637614,-2.745319867809));
#1520 = CARTESIAN_POINT('',(-0.830590437218,-2.52360825304));
#1521 = CARTESIAN_POINT('',(-0.864355147651,-2.362264198194));
#1522 = CARTESIAN_POINT('',(-0.897754529719,-2.202895722645));
#1523 = CARTESIAN_POINT('',(-0.93083602643,-2.046445331877));
#1524 = CARTESIAN_POINT('',(-0.963646078558,-1.893794027472));
#1525 = CARTESIAN_POINT('',(-0.996230619674,-1.745777791466));
#1526 = CARTESIAN_POINT('',(-1.067320432408,-1.433000310277));
#1527 = CARTESIAN_POINT('',(-1.105760543127,-1.270503560663));
#1528 = CARTESIAN_POINT('',(-1.143998216025,-1.117249608161));
#1529 = CARTESIAN_POINT('',(-1.182076003629,-0.974680792294));
#1530 = CARTESIAN_POINT('',(-1.220037529128,-0.844133848675));
#1531 = CARTESIAN_POINT('',(-1.2579283172,-0.726827751886));
#1532 = CARTESIAN_POINT('',(-1.335043426265,-0.517126793703));
#1533 = CARTESIAN_POINT('',(-1.374268161791,-0.425788424152));
#1534 = CARTESIAN_POINT('',(-1.413468346062,-0.351203579174));
#1535 = CARTESIAN_POINT('',(-1.452649334668,-0.294445277447));
#1536 = CARTESIAN_POINT('',(-1.49182126584,-0.256253096253));
#1537 = CARTESIAN_POINT('',(-1.530996992542,-0.237013884963));
#1538 = CARTESIAN_POINT('',(-1.609553229728,-0.236510081535));
#1539 = CARTESIAN_POINT('',(-1.648896934827,-0.255409058721));
#1540 = CARTESIAN_POINT('',(-1.688236721881,-0.293430829343));
#1541 = CARTESIAN_POINT('',(-1.727585568699,-0.350188478352));
#1542 = CARTESIAN_POINT('',(-1.766953719819,-0.424935869331));
#1543 = CARTESIAN_POINT('',(-1.806346568612,-0.516587301173));
#1544 = CARTESIAN_POINT('',(-1.88335758277,-0.72598253262));
#1545 = CARTESIAN_POINT('',(-1.920974773444,-0.842329944767));
#1546 = CARTESIAN_POINT('',(-1.958660634721,-0.971733773491));
#1547 = CARTESIAN_POINT('',(-1.996460047093,-1.113002653499));
#1548 = CARTESIAN_POINT('',(-2.034416052609,-1.26483156121));
#1549 = CARTESIAN_POINT('',(-2.072570667732,-1.425813306185));
#1550 = CARTESIAN_POINT('',(-2.17172902871,-1.861331680953));
#1551 = CARTESIAN_POINT('',(-2.233046573934,-2.147174805057));
#1552 = CARTESIAN_POINT('',(-2.295276259654,-2.446836241303));
#1553 = CARTESIAN_POINT('',(-2.358762370359,-2.754902241859));
#1554 = CARTESIAN_POINT('',(-2.423849814869,-3.065208097618));
#1555 = CARTESIAN_POINT('',(-2.490888836218,-3.370239728404));
#1556 = CARTESIAN_POINT('',(-2.584066753529,-3.760393938195));
#1557 = CARTESIAN_POINT('',(-2.608153852983,-3.858387920953));
#1558 = CARTESIAN_POINT('',(-2.632537308654,-3.954315591723));
#1559 = CARTESIAN_POINT('',(-2.657228490676,-4.047756224952));
#1560 = CARTESIAN_POINT('',(-2.682239145713,-4.138265623215));
#1561 = CARTESIAN_POINT('',(-2.707581787564,-4.225377250842));
#1562 = CARTESIAN_POINT('',(-2.753375731874,-4.373742542467));
#1563 = CARTESIAN_POINT('',(-2.77369512665,-4.436508009741));
#1564 = CARTESIAN_POINT('',(-2.794224004292,-4.496629662406));
#1565 = CARTESIAN_POINT('',(-2.814958851401,-4.553840206377));
#1566 = CARTESIAN_POINT('',(-2.835896879921,-4.607876653125));
#1567 = CARTESIAN_POINT('',(-2.85703599806,-4.658481812359));
#1568 = CARTESIAN_POINT('',(-2.914677966516,-4.785236469093));
#1569 = CARTESIAN_POINT('',(-2.951620614957,-4.854547934771));
#1570 = CARTESIAN_POINT('',(-2.989066850009,-4.911753078273));
#1571 = CARTESIAN_POINT('',(-3.026895942177,-4.955589537296));
#1572 = CARTESIAN_POINT('',(-3.064997103423,-4.985168247479));
#1573 = CARTESIAN_POINT('',(-3.103264524268,-5.));
#1574 = CARTESIAN_POINT('',(-3.167422364838,-5.));
#1575 = CARTESIAN_POINT('',(-3.193242551379,-4.993264193768));
#1576 = CARTESIAN_POINT('',(-3.219013449327,-4.979801206781));
#1577 = CARTESIAN_POINT('',(-3.244695794233,-4.959715601707));
#1578 = CARTESIAN_POINT('',(-3.270249681689,-4.933205213379));
#1579 = CARTESIAN_POINT('',(-3.295633427941,-4.900558483774));
#1580 = CARTESIAN_POINT('',(-3.355038774707,-4.80990878314));
#1581 = CARTESIAN_POINT('',(-3.388847447051,-4.747054358042));
#1582 = CARTESIAN_POINT('',(-3.422213061885,-4.674422623245));
#1583 = CARTESIAN_POINT('',(-3.455116621359,-4.59294194334));
#1584 = CARTESIAN_POINT('',(-3.487534593037,-4.503618671772));
#1585 = CARTESIAN_POINT('',(-3.519437987509,-4.407520876665));
#1586 = CARTESIAN_POINT('',(-3.576606487501,-4.221978334893));
#1587 = CARTESIAN_POINT('',(-3.602072301167,-4.134280295624));
#1588 = CARTESIAN_POINT('',(-3.627202843651,-4.043162939308));
#1589 = CARTESIAN_POINT('',(-3.652010901033,-3.949099456908));
#1590 = CARTESIAN_POINT('',(-3.676508481436,-3.852540103194));
#1591 = CARTESIAN_POINT('',(-3.700707217623,-3.753911060075));
#1592 = CARTESIAN_POINT('',(-3.742864363101,-3.577081581553));
#1593 = CARTESIAN_POINT('',(-3.76094555206,-3.499566842844));
#1594 = CARTESIAN_POINT('',(-3.778869552305,-3.421236907434));
#1595 = CARTESIAN_POINT('',(-3.79664360851,-3.342251001392));
#1596 = CARTESIAN_POINT('',(-3.814274994186,-3.262759753221));
#1597 = CARTESIAN_POINT('',(-3.831771011684,-3.182905193859));
#1598 = CARTESIAN_POINT('',(-3.862031408783,-3.043373319721));
#1599 = CARTESIAN_POINT('',(-3.874853197755,-2.983799871211));
#1600 = CARTESIAN_POINT('',(-3.887607311852,-2.924155340544));
#1601 = CARTESIAN_POINT('',(-3.900296647743,-2.864493011668));
#1602 = CARTESIAN_POINT('',(-3.912924046021,-2.804864523075));
#1603 = CARTESIAN_POINT('',(-3.925492291203,-2.745319867809));
#1604 = CARTESIAN_POINT('',(-3.972183089906,-2.523608257323));
#1605 = CARTESIAN_POINT('',(-4.005947802123,-2.362264194154));
#1606 = CARTESIAN_POINT('',(-4.039347184028,-2.202895719226));
#1607 = CARTESIAN_POINT('',(-4.072428679323,-2.046445334971));
#1608 = CARTESIAN_POINT('',(-4.10523873126,-1.893794031585));
#1609 = CARTESIAN_POINT('',(-4.137823274134,-1.74577778764));
#1610 = CARTESIAN_POINT('',(-4.208914102245,-1.432995839043));
#1611 = CARTESIAN_POINT('',(-4.247353975448,-1.270500489268));
#1612 = CARTESIAN_POINT('',(-4.285590755245,-1.117250509894));
#1613 = CARTESIAN_POINT('',(-4.323667532772,-0.974685382081));
#1614 = CARTESIAN_POINT('',(-4.361628427595,-0.844139805777));
#1615 = CARTESIAN_POINT('',(-4.399519435854,-0.726831925872));
#1616 = CARTESIAN_POINT('',(-4.476636001678,-0.517127006292));
#1617 = CARTESIAN_POINT('',(-4.515860753366,-0.425788531869));
#1618 = CARTESIAN_POINT('',(-4.555060995683,-0.351203530884));
#1619 = CARTESIAN_POINT('',(-4.594242045778,-0.294445161405));
#1620 = CARTESIAN_POINT('',(-4.633414011951,-0.256253020019));
#1621 = CARTESIAN_POINT('',(-4.67258972412,-0.237013884463));
#1622 = CARTESIAN_POINT('',(-4.751145882943,-0.236510081538));
#1623 = CARTESIAN_POINT('',(-4.79048958584,-0.25540905837));
#1624 = CARTESIAN_POINT('',(-4.829829370073,-0.293430825091));
#1625 = CARTESIAN_POINT('',(-4.869178214562,-0.350188466954));
#1626 = CARTESIAN_POINT('',(-4.908546364972,-0.424935851345));
#1627 = CARTESIAN_POINT('',(-4.947939215886,-0.516587283999));
#1628 = CARTESIAN_POINT('',(-5.024948606149,-0.725978100027));
#1629 = CARTESIAN_POINT('',(-5.062565561789,-0.842323623672));
#1630 = CARTESIAN_POINT('',(-5.10025208853,-0.971728891425));
#1631 = CARTESIAN_POINT('',(-5.138052566234,-1.113001651701));
#1632 = CARTESIAN_POINT('',(-5.176009512978,-1.264834735489));
#1633 = CARTESIAN_POINT('',(-5.214164380527,-1.425817958372));
#1634 = CARTESIAN_POINT('',(-5.3133216823,-1.861331680954));
#1635 = CARTESIAN_POINT('',(-5.374639227523,-2.147174805055));
#1636 = CARTESIAN_POINT('',(-5.436868913244,-2.446836241305));
#1637 = CARTESIAN_POINT('',(-5.500355023948,-2.754902241858));
#1638 = CARTESIAN_POINT('',(-5.56544246846,-3.065208097621));
#1639 = CARTESIAN_POINT('',(-5.632481489807,-3.370239728403));
#1640 = CARTESIAN_POINT('',(-5.725659407119,-3.760393938196));
#1641 = CARTESIAN_POINT('',(-5.749746506573,-3.858387920954));
#1642 = CARTESIAN_POINT('',(-5.774129962244,-3.954315591724));
#1643 = CARTESIAN_POINT('',(-5.798821144266,-4.047756224952));
#1644 = CARTESIAN_POINT('',(-5.823831799303,-4.138265623216));
#1645 = CARTESIAN_POINT('',(-5.849174441154,-4.225377250842));
#1646 = CARTESIAN_POINT('',(-5.895477902787,-4.375393299732));
#1647 = CARTESIAN_POINT('',(-5.916318241881,-4.439689169245));
#1648 = CARTESIAN_POINT('',(-5.9373789158,-4.501198763972));
#1649 = CARTESIAN_POINT('',(-5.958655930554,-4.559633224789));
#1650 = CARTESIAN_POINT('',(-5.980146104102,-4.614708753082));
#1651 = CARTESIAN_POINT('',(-6.001847029428,-4.66614831827));
#1652 = CARTESIAN_POINT('',(-6.059575445867,-4.791393501537));
#1653 = CARTESIAN_POINT('',(-6.096003576423,-4.858779099812));
#1654 = CARTESIAN_POINT('',(-6.132912990871,-4.914343987638));
#1655 = CARTESIAN_POINT('',(-6.17018923801,-4.956898771251));
#1656 = CARTESIAN_POINT('',(-6.207727069194,-4.985605113194));
#1657 = CARTESIAN_POINT('',(-6.245425869851,-5.));
#1658 = CARTESIAN_POINT('',(-6.28318530718,-5.));
#1659 = ( GEOMETRIC_REPRESENTATION_CONTEXT(2) 
PARAMETRIC_REPRESENTATION_CONTEXT() REPRESENTATION_CONTEXT('2D SPACE',''
  ) );
#1660 = ADVANCED_FACE('',(#1661),#465,.T.);
#1661 = FACE_BOUND('',#1662,.T.);
#1662 = EDGE_LOOP('',(#1663,#1664,#1687,#1710,#1731));
#1663 = ORIENTED_EDGE('',*,*,#448,.F.);
#1664 = ORIENTED_EDGE('',*,*,#1665,.T.);
#1665 = EDGE_CURVE('',#449,#1666,#1668,.T.);
#1666 = VERTEX_POINT('',#1667);
#1667 = CARTESIAN_POINT('',(-20.,25.4,2.));
#1668 = SURFACE_CURVE('',#1669,(#1673,#1680),.PCURVE_S1.);
#1669 = LINE('',#1670,#1671);
#1670 = CARTESIAN_POINT('',(-20.,27.,2.));
#1671 = VECTOR('',#1672,1.);
#1672 = DIRECTION('',(0.,-1.,0.));
#1673 = PCURVE('',#465,#1674);
#1674 = DEFINITIONAL_REPRESENTATION('',(#1675),#1679);
#1675 = LINE('',#1676,#1677);
#1676 = CARTESIAN_POINT('',(0.,0.));
#1677 = VECTOR('',#1678,1.);
#1678 = DIRECTION('',(0.,-1.));
#1679 = ( GEOMETRIC_REPRESENTATION_CONTEXT(2) 
PARAMETRIC_REPRESENTATION_CONTEXT() REPRESENTATION_CONTEXT('2D SPACE',''
  ) );
#1680 = PCURVE('',#496,#1681);
#1681 = DEFINITIONAL_REPRESENTATION('',(#1682),#1686);
#1682 = LINE('',#1683,#1684);
#1683 = CARTESIAN_POINT('',(28.,0.));
#1684 = VECTOR('',#1685,1.);
#1685 = DIRECTION('',(0.,-1.));
#1686 = ( GEOMETRIC_REPRESENTATION_CONTEXT(2) 
PARAMETRIC_REPRESENTATION_CONTEXT() REPRESENTATION_CONTEXT('2D SPACE',''
  ) );
#1687 = ORIENTED_EDGE('',*,*,#1688,.T.);
#1688 = EDGE_CURVE('',#1666,#1689,#1691,.T.);
#1689 = VERTEX_POINT('',#1690);
#1690 = CARTESIAN_POINT('',(-20.,25.4,-2.));
#1691 = SURFACE_CURVE('',#1692,(#1696,#1703),.PCURVE_S1.);
#1692 = LINE('',#1693,#1694);
#1693 = CARTESIAN_POINT('',(-20.,25.4,2.));
#1694 = VECTOR('',#1695,1.);
#1695 = DIRECTION('',(0.,0.,-1.));
#1696 = PCURVE('',#465,#1697);
#1697 = DEFINITIONAL_REPRESENTATION('',(#1698),#1702);
#1698 = LINE('',#1699,#1700);
#1699 = CARTESIAN_POINT('',(0.,-1.6));
#1700 = VECTOR('',#1701,1.);
#1701 = DIRECTION('',(1.,0.));
#1702 = ( GEOMETRIC_REPRESENTATION_CONTEXT(2) 
PARAMETRIC_REPRESENTATION_CONTEXT() REPRESENTATION_CONTEXT('2D SPACE',''
  ) );
#1703 = PCURVE('',#555,#1704);
#1704 = DEFINITIONAL_REPRESENTATION('',(#1705),#1709);
#1705 = LINE('',#1706,#1707);
#1706 = CARTESIAN_POINT('',(-2.,-20.24948558194));
#1707 = VECTOR('',#1708,1.);
#1708 = DIRECTION('',(1.,0.));
#1709 = ( GEOMETRIC_REPRESENTATION_CONTEXT(2) 
PARAMETRIC_REPRESENTATION_CONTEXT() REPRESENTATION_CONTEXT('2D SPACE',''
  ) );
#1710 = ORIENTED_EDGE('',*,*,#1711,.F.);
#1711 = EDGE_CURVE('',#1079,#1689,#1712,.T.);
#1712 = SURFACE_CURVE('',#1713,(#1717,#1724),.PCURVE_S1.);
#1713 = LINE('',#1714,#1715);
#1714 = CARTESIAN_POINT('',(-20.,27.,-2.));
#1715 = VECTOR('',#1716,1.);
#1716 = DIRECTION('',(0.,-1.,0.));
#1717 = PCURVE('',#465,#1718);
#1718 = DEFINITIONAL_REPRESENTATION('',(#1719),#1723);
#1719 = LINE('',#1720,#1721);
#1720 = CARTESIAN_POINT('',(4.,0.));
#1721 = VECTOR('',#1722,1.);
#1722 = DIRECTION('',(0.,-1.));
#1723 = ( GEOMETRIC_REPRESENTATION_CONTEXT(2) 
PARAMETRIC_REPRESENTATION_CONTEXT() REPRESENTATION_CONTEXT('2D SPACE',''
  ) );
#1724 = PCURVE('',#1093,#1725);
#1725 = DEFINITIONAL_REPRESENTATION('',(#1726),#1730);
#1726 = LINE('',#1727,#1728);
#1727 = CARTESIAN_POINT('',(0.,0.));
#1728 = VECTOR('',#1729,1.);
#1729 = DIRECTION('',(0.,-1.));
#1730 = ( GEOMETRIC_REPRESENTATION_CONTEXT(2) 
PARAMETRIC_REPRESENTATION_CONTEXT() REPRESENTATION_CONTEXT('2D SPACE',''
  ) );
#1731 = ORIENTED_EDGE('',*,*,#1104,.F.);
#1732 = ADVANCED_FACE('',(#1733),#1093,.T.);
#1733 = FACE_BOUND('',#1734,.T.);
#1734 = EDGE_LOOP('',(#1735,#1736,#1737,#1760));
#1735 = ORIENTED_EDGE('',*,*,#1078,.T.);
#1736 = ORIENTED_EDGE('',*,*,#1711,.T.);
#1737 = ORIENTED_EDGE('',*,*,#1738,.T.);
#1738 = EDGE_CURVE('',#1689,#1739,#1741,.T.);
#1739 = VERTEX_POINT('',#1740);
#1740 = CARTESIAN_POINT('',(8.,25.4,-2.));
#1741 = SURFACE_CURVE('',#1742,(#1746,#1753),.PCURVE_S1.);
#1742 = LINE('',#1743,#1744);
#1743 = CARTESIAN_POINT('',(-20.,25.4,-2.));
#1744 = VECTOR('',#1745,1.);
#1745 = DIRECTION('',(1.,0.,0.));
#1746 = PCURVE('',#1093,#1747);
#1747 = DEFINITIONAL_REPRESENTATION('',(#1748),#1752);
#1748 = LINE('',#1749,#1750);
#1749 = CARTESIAN_POINT('',(0.,-1.6));
#1750 = VECTOR('',#1751,1.);
#1751 = DIRECTION('',(1.,0.));
#1752 = ( GEOMETRIC_REPRESENTATION_CONTEXT(2) 
PARAMETRIC_REPRESENTATION_CONTEXT() REPRESENTATION_CONTEXT('2D SPACE',''
  ) );
#1753 = PCURVE('',#555,#1754);
#1754 = DEFINITIONAL_REPRESENTATION('',(#1755),#1759);
#1755 = LINE('',#1756,#1757);
#1756 = CARTESIAN_POINT('',(2.,-20.24948558194));
#1757 = VECTOR('',#1758,1.);
#1758 = DIRECTION('',(0.,1.));
#1759 = ( GEOMETRIC_REPRESENTATION_CONTEXT(2) 
PARAMETRIC_REPRESENTATION_CONTEXT() REPRESENTATION_CONTEXT('2D SPACE',''
  ) );
#1760 = ORIENTED_EDGE('',*,*,#1761,.F.);
#1761 = EDGE_CURVE('',#1046,#1739,#1762,.T.);
#1762 = SURFACE_CURVE('',#1763,(#1767,#1774),.PCURVE_S1.);
#1763 = LINE('',#1764,#1765);
#1764 = CARTESIAN_POINT('',(8.,27.,-2.));
#1765 = VECTOR('',#1766,1.);
#1766 = DIRECTION('',(0.,-1.,0.));
#1767 = PCURVE('',#1093,#1768);
#1768 = DEFINITIONAL_REPRESENTATION('',(#1769),#1773);
#1769 = LINE('',#1770,#1771);
#1770 = CARTESIAN_POINT('',(28.,0.));
#1771 = VECTOR('',#1772,1.);
#1772 = DIRECTION('',(0.,-1.));
#1773 = ( GEOMETRIC_REPRESENTATION_CONTEXT(2) 
PARAMETRIC_REPRESENTATION_CONTEXT() REPRESENTATION_CONTEXT('2D SPACE',''
  ) );
#1774 = PCURVE('',#1062,#1775);
#1775 = DEFINITIONAL_REPRESENTATION('',(#1776),#1780);
#1776 = LINE('',#1777,#1778);
#1777 = CARTESIAN_POINT('',(0.,0.));
#1778 = VECTOR('',#1779,1.);
#1779 = DIRECTION('',(0.,-1.));
#1780 = ( GEOMETRIC_REPRESENTATION_CONTEXT(2) 
PARAMETRIC_REPRESENTATION_CONTEXT() REPRESENTATION_CONTEXT('2D SPACE',''
  ) );
#1781 = ADVANCED_FACE('',(#1782),#1062,.T.);
#1782 = FACE_BOUND('',#1783,.T.);
#1783 = EDGE_LOOP('',(#1784,#1785,#1786));
#1784 = ORIENTED_EDGE('',*,*,#1045,.F.);
#1785 = ORIENTED_EDGE('',*,*,#1761,.T.);
#1786 = ORIENTED_EDGE('',*,*,#1787,.T.);
#1787 = EDGE_CURVE('',#1739,#1025,#1788,.T.);
#1788 = SURFACE_CURVE('',#1789,(#1793,#1800),.PCURVE_S1.);
#1789 = LINE('',#1790,#1791);
#1790 = CARTESIAN_POINT('',(8.,25.4,-2.));
#1791 = VECTOR('',#1792,1.);
#1792 = DIRECTION('',(0.,0.,-1.));
#1793 = PCURVE('',#1062,#1794);
#1794 = DEFINITIONAL_REPRESENTATION('',(#1795),#1799);
#1795 = LINE('',#1796,#1797);
#1796 = CARTESIAN_POINT('',(0.,-1.6));
#1797 = VECTOR('',#1798,1.);
#1798 = DIRECTION('',(1.,0.));
#1799 = ( GEOMETRIC_REPRESENTATION_CONTEXT(2) 
PARAMETRIC_REPRESENTATION_CONTEXT() REPRESENTATION_CONTEXT('2D SPACE',''
  ) );
#1800 = PCURVE('',#555,#1801);
#1801 = DEFINITIONAL_REPRESENTATION('',(#1802),#1806);
#1802 = LINE('',#1803,#1804);
#1803 = CARTESIAN_POINT('',(2.,7.750514418054));
#1804 = VECTOR('',#1805,1.);
#1805 = DIRECTION('',(1.,0.));
#1806 = ( GEOMETRIC_REPRESENTATION_CONTEXT(2) 
PARAMETRIC_REPRESENTATION_CONTEXT() REPRESENTATION_CONTEXT('2D SPACE',''
  ) );
#1807 = ADVANCED_FACE('',(#1808),#555,.F.);
#1808 = FACE_BOUND('',#1809,.F.);
#1809 = EDGE_LOOP('',(#1810,#1811,#1812,#1813,#1814,#1837,#1858,#1859,
    #1882));
#1810 = ORIENTED_EDGE('',*,*,#1688,.T.);
#1811 = ORIENTED_EDGE('',*,*,#1738,.T.);
#1812 = ORIENTED_EDGE('',*,*,#1787,.T.);
#1813 = ORIENTED_EDGE('',*,*,#1024,.F.);
#1814 = ORIENTED_EDGE('',*,*,#1815,.T.);
#1815 = EDGE_CURVE('',#993,#1816,#1818,.T.);
#1816 = VERTEX_POINT('',#1817);
#1817 = CARTESIAN_POINT('',(20.,25.4,0.));
#1818 = SURFACE_CURVE('',#1819,(#1823,#1830),.PCURVE_S1.);
#1819 = LINE('',#1820,#1821);
#1820 = CARTESIAN_POINT('',(8.,25.4,-6.));
#1821 = VECTOR('',#1822,1.);
#1822 = DIRECTION('',(0.894427191,0.,0.4472135955));
#1823 = PCURVE('',#555,#1824);
#1824 = DEFINITIONAL_REPRESENTATION('',(#1825),#1829);
#1825 = LINE('',#1826,#1827);
#1826 = CARTESIAN_POINT('',(6.,7.750514418054));
#1827 = VECTOR('',#1828,1.);
#1828 = DIRECTION('',(-0.4472135955,0.894427191));
#1829 = ( GEOMETRIC_REPRESENTATION_CONTEXT(2) 
PARAMETRIC_REPRESENTATION_CONTEXT() REPRESENTATION_CONTEXT('2D SPACE',''
  ) );
#1830 = PCURVE('',#1012,#1831);
#1831 = DEFINITIONAL_REPRESENTATION('',(#1832),#1836);
#1832 = LINE('',#1833,#1834);
#1833 = CARTESIAN_POINT('',(0.,-1.6));
#1834 = VECTOR('',#1835,1.);
#1835 = DIRECTION('',(1.,0.));
#1836 = ( GEOMETRIC_REPRESENTATION_CONTEXT(2) 
PARAMETRIC_REPRESENTATION_CONTEXT() REPRESENTATION_CONTEXT('2D SPACE',''
  ) );
#1837 = ORIENTED_EDGE('',*,*,#1838,.T.);
#1838 = EDGE_CURVE('',#1816,#541,#1839,.T.);
#1839 = SURFACE_CURVE('',#1840,(#1844,#1851),.PCURVE_S1.);
#1840 = LINE('',#1841,#1842);
#1841 = CARTESIAN_POINT('',(20.,25.4,0.));
#1842 = VECTOR('',#1843,1.);
#1843 = DIRECTION('',(-0.894427191,0.,0.4472135955));
#1844 = PCURVE('',#555,#1845);
#1845 = DEFINITIONAL_REPRESENTATION('',(#1846),#1850);
#1846 = LINE('',#1847,#1848);
#1847 = CARTESIAN_POINT('',(0.,19.750514418054));
#1848 = VECTOR('',#1849,1.);
#1849 = DIRECTION('',(-0.4472135955,-0.894427191));
#1850 = ( GEOMETRIC_REPRESENTATION_CONTEXT(2) 
PARAMETRIC_REPRESENTATION_CONTEXT() REPRESENTATION_CONTEXT('2D SPACE',''
  ) );
#1851 = PCURVE('',#586,#1852);
#1852 = DEFINITIONAL_REPRESENTATION('',(#1853),#1857);
#1853 = LINE('',#1854,#1855);
#1854 = CARTESIAN_POINT('',(0.,-1.6));
#1855 = VECTOR('',#1856,1.);
#1856 = DIRECTION('',(1.,0.));
#1857 = ( GEOMETRIC_REPRESENTATION_CONTEXT(2) 
PARAMETRIC_REPRESENTATION_CONTEXT() REPRESENTATION_CONTEXT('2D SPACE',''
  ) );
#1858 = ORIENTED_EDGE('',*,*,#540,.T.);
#1859 = ORIENTED_EDGE('',*,*,#1860,.T.);
#1860 = EDGE_CURVE('',#508,#1861,#1863,.T.);
#1861 = VERTEX_POINT('',#1862);
#1862 = CARTESIAN_POINT('',(8.,25.4,2.));
#1863 = SURFACE_CURVE('',#1864,(#1868,#1875),.PCURVE_S1.);
#1864 = LINE('',#1865,#1866);
#1865 = CARTESIAN_POINT('',(8.,25.4,6.));
#1866 = VECTOR('',#1867,1.);
#1867 = DIRECTION('',(0.,0.,-1.));
#1868 = PCURVE('',#555,#1869);
#1869 = DEFINITIONAL_REPRESENTATION('',(#1870),#1874);
#1870 = LINE('',#1871,#1872);
#1871 = CARTESIAN_POINT('',(-6.,7.750514418054));
#1872 = VECTOR('',#1873,1.);
#1873 = DIRECTION('',(1.,0.));
#1874 = ( GEOMETRIC_REPRESENTATION_CONTEXT(2) 
PARAMETRIC_REPRESENTATION_CONTEXT() REPRESENTATION_CONTEXT('2D SPACE',''
  ) );
#1875 = PCURVE('',#524,#1876);
#1876 = DEFINITIONAL_REPRESENTATION('',(#1877),#1881);
#1877 = LINE('',#1878,#1879);
#1878 = CARTESIAN_POINT('',(0.,-1.6));
#1879 = VECTOR('',#1880,1.);
#1880 = DIRECTION('',(1.,0.));
#1881 = ( GEOMETRIC_REPRESENTATION_CONTEXT(2) 
PARAMETRIC_REPRESENTATION_CONTEXT() REPRESENTATION_CONTEXT('2D SPACE',''
  ) );
#1882 = ORIENTED_EDGE('',*,*,#1883,.T.);
#1883 = EDGE_CURVE('',#1861,#1666,#1884,.T.);
#1884 = SURFACE_CURVE('',#1885,(#1889,#1896),.PCURVE_S1.);
#1885 = LINE('',#1886,#1887);
#1886 = CARTESIAN_POINT('',(8.,25.4,2.));
#1887 = VECTOR('',#1888,1.);
#1888 = DIRECTION('',(-1.,0.,0.));
#1889 = PCURVE('',#555,#1890);
#1890 = DEFINITIONAL_REPRESENTATION('',(#1891),#1895);
#1891 = LINE('',#1892,#1893);
#1892 = CARTESIAN_POINT('',(-2.,7.750514418054));
#1893 = VECTOR('',#1894,1.);
#1894 = DIRECTION('',(0.,-1.));
#1895 = ( GEOMETRIC_REPRESENTATION_CONTEXT(2) 
PARAMETRIC_REPRESENTATION_CONTEXT() REPRESENTATION_CONTEXT('2D SPACE',''
  ) );
#1896 = PCURVE('',#496,#1897);
#1897 = DEFINITIONAL_REPRESENTATION('',(#1898),#1902);
#1898 = LINE('',#1899,#1900);
#1899 = CARTESIAN_POINT('',(0.,-1.6));
#1900 = VECTOR('',#1901,1.);
#1901 = DIRECTION('',(1.,0.));
#1902 = ( GEOMETRIC_REPRESENTATION_CONTEXT(2) 
PARAMETRIC_REPRESENTATION_CONTEXT() REPRESENTATION_CONTEXT('2D SPACE',''
  ) );
#1903 = ADVANCED_FACE('',(#1904),#1012,.T.);
#1904 = FACE_BOUND('',#1905,.T.);
#1905 = EDGE_LOOP('',(#1906,#1907,#1908));
#1906 = ORIENTED_EDGE('',*,*,#992,.T.);
#1907 = ORIENTED_EDGE('',*,*,#1815,.T.);
#1908 = ORIENTED_EDGE('',*,*,#1909,.F.);
#1909 = EDGE_CURVE('',#567,#1816,#1910,.T.);
#1910 = SURFACE_CURVE('',#1911,(#1915,#1922),.PCURVE_S1.);
#1911 = LINE('',#1912,#1913);
#1912 = CARTESIAN_POINT('',(20.,27.,0.));
#1913 = VECTOR('',#1914,1.);
#1914 = DIRECTION('',(0.,-1.,0.));
#1915 = PCURVE('',#1012,#1916);
#1916 = DEFINITIONAL_REPRESENTATION('',(#1917),#1921);
#1917 = LINE('',#1918,#1919);
#1918 = CARTESIAN_POINT('',(13.416407864999,0.));
#1919 = VECTOR('',#1920,1.);
#1920 = DIRECTION('',(0.,-1.));
#1921 = ( GEOMETRIC_REPRESENTATION_CONTEXT(2) 
PARAMETRIC_REPRESENTATION_CONTEXT() REPRESENTATION_CONTEXT('2D SPACE',''
  ) );
#1922 = PCURVE('',#586,#1923);
#1923 = DEFINITIONAL_REPRESENTATION('',(#1924),#1928);
#1924 = LINE('',#1925,#1926);
#1925 = CARTESIAN_POINT('',(0.,0.));
#1926 = VECTOR('',#1927,1.);
#1927 = DIRECTION('',(0.,-1.));
#1928 = ( GEOMETRIC_REPRESENTATION_CONTEXT(2) 
PARAMETRIC_REPRESENTATION_CONTEXT() REPRESENTATION_CONTEXT('2D SPACE',''
  ) );
#1929 = ADVANCED_FACE('',(#1930),#638,.F.);
#1930 = FACE_BOUND('',#1931,.F.);
#1931 = EDGE_LOOP('',(#1932,#1960,#1986,#1987));
#1932 = ORIENTED_EDGE('',*,*,#1933,.T.);
#1933 = EDGE_CURVE('',#941,#1934,#1936,.T.);
#1934 = VERTEX_POINT('',#1935);
#1935 = CARTESIAN_POINT('',(41.,28.867513459481,0.));
#1936 = SURFACE_CURVE('',#1937,(#1941,#1948),.PCURVE_S1.);
#1937 = LINE('',#1938,#1939);
#1938 = CARTESIAN_POINT('',(41.,14.433756729741,-25.));
#1939 = VECTOR('',#1940,1.);
#1940 = DIRECTION('',(0.,0.5,0.866025403784));
#1941 = PCURVE('',#638,#1942);
#1942 = DEFINITIONAL_REPRESENTATION('',(#1943),#1947);
#1943 = LINE('',#1944,#1945);
#1944 = CARTESIAN_POINT('',(-25.,-14.43375672974));
#1945 = VECTOR('',#1946,1.);
#1946 = DIRECTION('',(0.866025403784,-0.5));
#1947 = ( GEOMETRIC_REPRESENTATION_CONTEXT(2) 
PARAMETRIC_REPRESENTATION_CONTEXT() REPRESENTATION_CONTEXT('2D SPACE',''
  ) );
#1948 = PCURVE('',#1949,#1954);
#1949 = PLANE('',#1950);
#1950 = AXIS2_PLACEMENT_3D('',#1951,#1952,#1953);
#1951 = CARTESIAN_POINT('',(41.,14.433756729741,-25.));
#1952 = DIRECTION('',(0.,-0.866025403784,0.5));
#1953 = DIRECTION('',(0.,0.5,0.866025403784));
#1954 = DEFINITIONAL_REPRESENTATION('',(#1955),#1959);
#1955 = LINE('',#1956,#1957);
#1956 = CARTESIAN_POINT('',(0.,0.));
#1957 = VECTOR('',#1958,1.);
#1958 = DIRECTION('',(1.,0.));
#1959 = ( GEOMETRIC_REPRESENTATION_CONTEXT(2) 
PARAMETRIC_REPRESENTATION_CONTEXT() REPRESENTATION_CONTEXT('2D SPACE',''
  ) );
#1960 = ORIENTED_EDGE('',*,*,#1961,.T.);
#1961 = EDGE_CURVE('',#1934,#622,#1962,.T.);
#1962 = SURFACE_CURVE('',#1963,(#1967,#1974),.PCURVE_S1.);
#1963 = LINE('',#1964,#1965);
#1964 = CARTESIAN_POINT('',(41.,28.867513459481,0.));
#1965 = VECTOR('',#1966,1.);
#1966 = DIRECTION('',(0.,-0.5,0.866025403784));
#1967 = PCURVE('',#638,#1968);
#1968 = DEFINITIONAL_REPRESENTATION('',(#1969),#1973);
#1969 = LINE('',#1970,#1971);
#1970 = CARTESIAN_POINT('',(9.845568954284E-16,-28.86751345948));
#1971 = VECTOR('',#1972,1.);
#1972 = DIRECTION('',(0.866025403784,0.5));
#1973 = ( GEOMETRIC_REPRESENTATION_CONTEXT(2) 
PARAMETRIC_REPRESENTATION_CONTEXT() REPRESENTATION_CONTEXT('2D SPACE',''
  ) );
#1974 = PCURVE('',#1975,#1980);
#1975 = PLANE('',#1976);
#1976 = AXIS2_PLACEMENT_3D('',#1977,#1978,#1979);
#1977 = CARTESIAN_POINT('',(41.,28.867513459481,0.));
#1978 = DIRECTION('',(0.,-0.866025403784,-0.5));
#1979 = DIRECTION('',(0.,-0.5,0.866025403784));
#1980 = DEFINITIONAL_REPRESENTATION('',(#1981),#1985);
#1981 = LINE('',#1982,#1983);
#1982 = CARTESIAN_POINT('',(0.,0.));
#1983 = VECTOR('',#1984,1.);
#1984 = DIRECTION('',(1.,0.));
#1985 = ( GEOMETRIC_REPRESENTATION_CONTEXT(2) 
PARAMETRIC_REPRESENTATION_CONTEXT() REPRESENTATION_CONTEXT('2D SPACE',''
  ) );
#1986 = ORIENTED_EDGE('',*,*,#621,.F.);
#1987 = ORIENTED_EDGE('',*,*,#969,.F.);
#1988 = ADVANCED_FACE('',(#1989),#957,.T.);
#1989 = FACE_BOUND('',#1990,.T.);
#1990 = EDGE_LOOP('',(#1991,#1992));
#1991 = ORIENTED_EDGE('',*,*,#940,.T.);
#1992 = ORIENTED_EDGE('',*,*,#1993,.F.);
#1993 = EDGE_CURVE('',#912,#941,#1994,.T.);
#1994 = SURFACE_CURVE('',#1995,(#1999,#2006),.PCURVE_S1.);
#1995 = LINE('',#1996,#1997);
#1996 = CARTESIAN_POINT('',(41.,14.433756729741,-25.));
#1997 = VECTOR('',#1998,1.);
#1998 = DIRECTION('',(0.,0.5,0.866025403784));
#1999 = PCURVE('',#957,#2000);
#2000 = DEFINITIONAL_REPRESENTATION('',(#2001),#2005);
#2001 = LINE('',#2002,#2003);
#2002 = CARTESIAN_POINT('',(-25.,-14.43375672974));
#2003 = VECTOR('',#2004,1.);
#2004 = DIRECTION('',(0.866025403784,-0.5));
#2005 = ( GEOMETRIC_REPRESENTATION_CONTEXT(2) 
PARAMETRIC_REPRESENTATION_CONTEXT() REPRESENTATION_CONTEXT('2D SPACE',''
  ) );
#2006 = PCURVE('',#1949,#2007);
#2007 = DEFINITIONAL_REPRESENTATION('',(#2008),#2012);
#2008 = LINE('',#2009,#2010);
#2009 = CARTESIAN_POINT('',(0.,0.));
#2010 = VECTOR('',#2011,1.);
#2011 = DIRECTION('',(1.,0.));
#2012 = ( GEOMETRIC_REPRESENTATION_CONTEXT(2) 
PARAMETRIC_REPRESENTATION_CONTEXT() REPRESENTATION_CONTEXT('2D SPACE',''
  ) );
#2013 = ADVANCED_FACE('',(#2014),#928,.F.);
#2014 = FACE_BOUND('',#2015,.F.);
#2015 = EDGE_LOOP('',(#2016,#2039,#2040));
#2016 = ORIENTED_EDGE('',*,*,#2017,.T.);
#2017 = EDGE_CURVE('',#2018,#912,#2020,.T.);
#2018 = VERTEX_POINT('',#2019);
#2019 = CARTESIAN_POINT('',(41.,14.433756729741,-25.));
#2020 = SURFACE_CURVE('',#2021,(#2025,#2032),.PCURVE_S1.);
#2021 = LINE('',#2022,#2023);
#2022 = CARTESIAN_POINT('',(41.,14.433756729741,-25.));
#2023 = VECTOR('',#2024,1.);
#2024 = DIRECTION('',(0.,0.5,0.866025403784));
#2025 = PCURVE('',#928,#2026);
#2026 = DEFINITIONAL_REPRESENTATION('',(#2027),#2031);
#2027 = LINE('',#2028,#2029);
#2028 = CARTESIAN_POINT('',(-25.,-14.43375672974));
#2029 = VECTOR('',#2030,1.);
#2030 = DIRECTION('',(0.866025403784,-0.5));
#2031 = ( GEOMETRIC_REPRESENTATION_CONTEXT(2) 
PARAMETRIC_REPRESENTATION_CONTEXT() REPRESENTATION_CONTEXT('2D SPACE',''
  ) );
#2032 = PCURVE('',#1949,#2033);
#2033 = DEFINITIONAL_REPRESENTATION('',(#2034),#2038);
#2034 = LINE('',#2035,#2036);
#2035 = CARTESIAN_POINT('',(0.,0.));
#2036 = VECTOR('',#2037,1.);
#2037 = DIRECTION('',(1.,0.));
#2038 = ( GEOMETRIC_REPRESENTATION_CONTEXT(2) 
PARAMETRIC_REPRESENTATION_CONTEXT() REPRESENTATION_CONTEXT('2D SPACE',''
  ) );
#2039 = ORIENTED_EDGE('',*,*,#911,.F.);
#2040 = ORIENTED_EDGE('',*,*,#2041,.T.);
#2041 = EDGE_CURVE('',#883,#2018,#2042,.T.);
#2042 = SURFACE_CURVE('',#2043,(#2047,#2054),.PCURVE_S1.);
#2043 = LINE('',#2044,#2045);
#2044 = CARTESIAN_POINT('',(41.,-14.43375672974,-25.));
#2045 = VECTOR('',#2046,1.);
#2046 = DIRECTION('',(0.,1.,-6.153480596427E-16));
#2047 = PCURVE('',#928,#2048);
#2048 = DEFINITIONAL_REPRESENTATION('',(#2049),#2053);
#2049 = LINE('',#2050,#2051);
#2050 = CARTESIAN_POINT('',(-25.,14.433756729741));
#2051 = VECTOR('',#2052,1.);
#2052 = DIRECTION('',(-6.153480596427E-16,-1.));
#2053 = ( GEOMETRIC_REPRESENTATION_CONTEXT(2) 
PARAMETRIC_REPRESENTATION_CONTEXT() REPRESENTATION_CONTEXT('2D SPACE',''
  ) );
#2054 = PCURVE('',#2055,#2060);
#2055 = PLANE('',#2056);
#2056 = AXIS2_PLACEMENT_3D('',#2057,#2058,#2059);
#2057 = CARTESIAN_POINT('',(41.,-14.43375672974,-25.));
#2058 = DIRECTION('',(-0.,6.153480596427E-16,1.));
#2059 = DIRECTION('',(0.,1.,-6.153480596427E-16));
#2060 = DEFINITIONAL_REPRESENTATION('',(#2061),#2065);
#2061 = LINE('',#2062,#2063);
#2062 = CARTESIAN_POINT('',(0.,0.));
#2063 = VECTOR('',#2064,1.);
#2064 = DIRECTION('',(1.,0.));
#2065 = ( GEOMETRIC_REPRESENTATION_CONTEXT(2) 
PARAMETRIC_REPRESENTATION_CONTEXT() REPRESENTATION_CONTEXT('2D SPACE',''
  ) );
#2066 = ADVANCED_FACE('',(#2067),#899,.T.);
#2067 = FACE_BOUND('',#2068,.T.);
#2068 = EDGE_LOOP('',(#2069,#2070));
#2069 = ORIENTED_EDGE('',*,*,#882,.T.);
#2070 = ORIENTED_EDGE('',*,*,#2071,.F.);
#2071 = EDGE_CURVE('',#854,#883,#2072,.T.);
#2072 = SURFACE_CURVE('',#2073,(#2077,#2084),.PCURVE_S1.);
#2073 = LINE('',#2074,#2075);
#2074 = CARTESIAN_POINT('',(41.,-14.43375672974,-25.));
#2075 = VECTOR('',#2076,1.);
#2076 = DIRECTION('',(0.,1.,-6.153480596427E-16));
#2077 = PCURVE('',#899,#2078);
#2078 = DEFINITIONAL_REPRESENTATION('',(#2079),#2083);
#2079 = LINE('',#2080,#2081);
#2080 = CARTESIAN_POINT('',(-25.,14.433756729741));
#2081 = VECTOR('',#2082,1.);
#2082 = DIRECTION('',(-6.153480596427E-16,-1.));
#2083 = ( GEOMETRIC_REPRESENTATION_CONTEXT(2) 
PARAMETRIC_REPRESENTATION_CONTEXT() REPRESENTATION_CONTEXT('2D SPACE',''
  ) );
#2084 = PCURVE('',#2055,#2085);
#2085 = DEFINITIONAL_REPRESENTATION('',(#2086),#2090);
#2086 = LINE('',#2087,#2088);
#2087 = CARTESIAN_POINT('',(0.,0.));
#2088 = VECTOR('',#2089,1.);
#2089 = DIRECTION('',(1.,0.));
#2090 = ( GEOMETRIC_REPRESENTATION_CONTEXT(2) 
PARAMETRIC_REPRESENTATION_CONTEXT() REPRESENTATION_CONTEXT('2D SPACE',''
  ) );
#2091 = ADVANCED_FACE('',(#2092),#870,.F.);
#2092 = FACE_BOUND('',#2093,.F.);
#2093 = EDGE_LOOP('',(#2094,#2117,#2118));
#2094 = ORIENTED_EDGE('',*,*,#2095,.T.);
#2095 = EDGE_CURVE('',#2096,#854,#2098,.T.);
#2096 = VERTEX_POINT('',#2097);
#2097 = CARTESIAN_POINT('',(41.,-14.43375672974,-25.));
#2098 = SURFACE_CURVE('',#2099,(#2103,#2110),.PCURVE_S1.);
#2099 = LINE('',#2100,#2101);
#2100 = CARTESIAN_POINT('',(41.,-14.43375672974,-25.));
#2101 = VECTOR('',#2102,1.);
#2102 = DIRECTION('',(0.,1.,-6.153480596427E-16));
#2103 = PCURVE('',#870,#2104);
#2104 = DEFINITIONAL_REPRESENTATION('',(#2105),#2109);
#2105 = LINE('',#2106,#2107);
#2106 = CARTESIAN_POINT('',(-25.,14.433756729741));
#2107 = VECTOR('',#2108,1.);
#2108 = DIRECTION('',(-6.153480596427E-16,-1.));
#2109 = ( GEOMETRIC_REPRESENTATION_CONTEXT(2) 
PARAMETRIC_REPRESENTATION_CONTEXT() REPRESENTATION_CONTEXT('2D SPACE',''
  ) );
#2110 = PCURVE('',#2055,#2111);
#2111 = DEFINITIONAL_REPRESENTATION('',(#2112),#2116);
#2112 = LINE('',#2113,#2114);
#2113 = CARTESIAN_POINT('',(0.,0.));
#2114 = VECTOR('',#2115,1.);
#2115 = DIRECTION('',(1.,0.));
#2116 = ( GEOMETRIC_REPRESENTATION_CONTEXT(2) 
PARAMETRIC_REPRESENTATION_CONTEXT() REPRESENTATION_CONTEXT('2D SPACE',''
  ) );
#2117 = ORIENTED_EDGE('',*,*,#853,.F.);
#2118 = ORIENTED_EDGE('',*,*,#2119,.T.);
#2119 = EDGE_CURVE('',#825,#2096,#2120,.T.);
#2120 = SURFACE_CURVE('',#2121,(#2125,#2132),.PCURVE_S1.);
#2121 = LINE('',#2122,#2123);
#2122 = CARTESIAN_POINT('',(41.,-28.86751345948,3.53525079575E-15));
#2123 = VECTOR('',#2124,1.);
#2124 = DIRECTION('',(0.,0.5,-0.866025403784));
#2125 = PCURVE('',#870,#2126);
#2126 = DEFINITIONAL_REPRESENTATION('',(#2127),#2131);
#2127 = LINE('',#2128,#2129);
#2128 = CARTESIAN_POINT('',(4.519807691178E-15,28.867513459481));
#2129 = VECTOR('',#2130,1.);
#2130 = DIRECTION('',(-0.866025403784,-0.5));
#2131 = ( GEOMETRIC_REPRESENTATION_CONTEXT(2) 
PARAMETRIC_REPRESENTATION_CONTEXT() REPRESENTATION_CONTEXT('2D SPACE',''
  ) );
#2132 = PCURVE('',#2133,#2138);
#2133 = PLANE('',#2134);
#2134 = AXIS2_PLACEMENT_3D('',#2135,#2136,#2137);
#2135 = CARTESIAN_POINT('',(41.,-28.86751345948,3.53525079575E-15));
#2136 = DIRECTION('',(-0.,0.866025403784,0.5));
#2137 = DIRECTION('',(0.,0.5,-0.866025403784));
#2138 = DEFINITIONAL_REPRESENTATION('',(#2139),#2143);
#2139 = LINE('',#2140,#2141);
#2140 = CARTESIAN_POINT('',(0.,0.));
#2141 = VECTOR('',#2142,1.);
#2142 = DIRECTION('',(1.,0.));
#2143 = ( GEOMETRIC_REPRESENTATION_CONTEXT(2) 
PARAMETRIC_REPRESENTATION_CONTEXT() REPRESENTATION_CONTEXT('2D SPACE',''
  ) );
#2144 = ADVANCED_FACE('',(#2145),#841,.T.);
#2145 = FACE_BOUND('',#2146,.T.);
#2146 = EDGE_LOOP('',(#2147,#2148));
#2147 = ORIENTED_EDGE('',*,*,#824,.T.);
#2148 = ORIENTED_EDGE('',*,*,#2149,.F.);
#2149 = EDGE_CURVE('',#796,#825,#2150,.T.);
#2150 = SURFACE_CURVE('',#2151,(#2155,#2162),.PCURVE_S1.);
#2151 = LINE('',#2152,#2153);
#2152 = CARTESIAN_POINT('',(41.,-28.86751345948,3.53525079575E-15));
#2153 = VECTOR('',#2154,1.);
#2154 = DIRECTION('',(0.,0.5,-0.866025403784));
#2155 = PCURVE('',#841,#2156);
#2156 = DEFINITIONAL_REPRESENTATION('',(#2157),#2161);
#2157 = LINE('',#2158,#2159);
#2158 = CARTESIAN_POINT('',(1.230604874914E-15,28.867513459481));
#2159 = VECTOR('',#2160,1.);
#2160 = DIRECTION('',(-0.866025403784,-0.5));
#2161 = ( GEOMETRIC_REPRESENTATION_CONTEXT(2) 
PARAMETRIC_REPRESENTATION_CONTEXT() REPRESENTATION_CONTEXT('2D SPACE',''
  ) );
#2162 = PCURVE('',#2133,#2163);
#2163 = DEFINITIONAL_REPRESENTATION('',(#2164),#2168);
#2164 = LINE('',#2165,#2166);
#2165 = CARTESIAN_POINT('',(0.,0.));
#2166 = VECTOR('',#2167,1.);
#2167 = DIRECTION('',(1.,0.));
#2168 = ( GEOMETRIC_REPRESENTATION_CONTEXT(2) 
PARAMETRIC_REPRESENTATION_CONTEXT() REPRESENTATION_CONTEXT('2D SPACE',''
  ) );
#2169 = ADVANCED_FACE('',(#2170),#812,.F.);
#2170 = FACE_BOUND('',#2171,.F.);
#2171 = EDGE_LOOP('',(#2172,#2173,#2201));
#2172 = ORIENTED_EDGE('',*,*,#795,.F.);
#2173 = ORIENTED_EDGE('',*,*,#2174,.T.);
#2174 = EDGE_CURVE('',#767,#2175,#2177,.T.);
#2175 = VERTEX_POINT('',#2176);
#2176 = CARTESIAN_POINT('',(41.,-28.86751345948,3.53525079575E-15));
#2177 = SURFACE_CURVE('',#2178,(#2182,#2189),.PCURVE_S1.);
#2178 = LINE('',#2179,#2180);
#2179 = CARTESIAN_POINT('',(41.,-14.43375672974,25.));
#2180 = VECTOR('',#2181,1.);
#2181 = DIRECTION('',(0.,-0.5,-0.866025403784));
#2182 = PCURVE('',#812,#2183);
#2183 = DEFINITIONAL_REPRESENTATION('',(#2184),#2188);
#2184 = LINE('',#2185,#2186);
#2185 = CARTESIAN_POINT('',(25.,14.433756729741));
#2186 = VECTOR('',#2187,1.);
#2187 = DIRECTION('',(-0.866025403784,0.5));
#2188 = ( GEOMETRIC_REPRESENTATION_CONTEXT(2) 
PARAMETRIC_REPRESENTATION_CONTEXT() REPRESENTATION_CONTEXT('2D SPACE',''
  ) );
#2189 = PCURVE('',#2190,#2195);
#2190 = PLANE('',#2191);
#2191 = AXIS2_PLACEMENT_3D('',#2192,#2193,#2194);
#2192 = CARTESIAN_POINT('',(41.,-14.43375672974,25.));
#2193 = DIRECTION('',(0.,0.866025403784,-0.5));
#2194 = DIRECTION('',(0.,-0.5,-0.866025403784));
#2195 = DEFINITIONAL_REPRESENTATION('',(#2196),#2200);
#2196 = LINE('',#2197,#2198);
#2197 = CARTESIAN_POINT('',(0.,0.));
#2198 = VECTOR('',#2199,1.);
#2199 = DIRECTION('',(1.,0.));
#2200 = ( GEOMETRIC_REPRESENTATION_CONTEXT(2) 
PARAMETRIC_REPRESENTATION_CONTEXT() REPRESENTATION_CONTEXT('2D SPACE',''
  ) );
#2201 = ORIENTED_EDGE('',*,*,#2202,.T.);
#2202 = EDGE_CURVE('',#2175,#796,#2203,.T.);
#2203 = SURFACE_CURVE('',#2204,(#2208,#2215),.PCURVE_S1.);
#2204 = LINE('',#2205,#2206);
#2205 = CARTESIAN_POINT('',(41.,-28.86751345948,3.53525079575E-15));
#2206 = VECTOR('',#2207,1.);
#2207 = DIRECTION('',(0.,0.5,-0.866025403784));
#2208 = PCURVE('',#812,#2209);
#2209 = DEFINITIONAL_REPRESENTATION('',(#2210),#2214);
#2210 = LINE('',#2211,#2212);
#2211 = CARTESIAN_POINT('',(4.519807691178E-15,28.867513459481));
#2212 = VECTOR('',#2213,1.);
#2213 = DIRECTION('',(-0.866025403784,-0.5));
#2214 = ( GEOMETRIC_REPRESENTATION_CONTEXT(2) 
PARAMETRIC_REPRESENTATION_CONTEXT() REPRESENTATION_CONTEXT('2D SPACE',''
  ) );
#2215 = PCURVE('',#2133,#2216);
#2216 = DEFINITIONAL_REPRESENTATION('',(#2217),#2221);
#2217 = LINE('',#2218,#2219);
#2218 = CARTESIAN_POINT('',(0.,0.));
#2219 = VECTOR('',#2220,1.);
#2220 = DIRECTION('',(1.,0.));
#2221 = ( GEOMETRIC_REPRESENTATION_CONTEXT(2) 
PARAMETRIC_REPRESENTATION_CONTEXT() REPRESENTATION_CONTEXT('2D SPACE',''
  ) );
#2222 = ADVANCED_FACE('',(#2223),#783,.T.);
#2223 = FACE_BOUND('',#2224,.T.);
#2224 = EDGE_LOOP('',(#2225,#2246));
#2225 = ORIENTED_EDGE('',*,*,#2226,.F.);
#2226 = EDGE_CURVE('',#738,#767,#2227,.T.);
#2227 = SURFACE_CURVE('',#2228,(#2232,#2239),.PCURVE_S1.);
#2228 = LINE('',#2229,#2230);
#2229 = CARTESIAN_POINT('',(41.,-14.43375672974,25.));
#2230 = VECTOR('',#2231,1.);
#2231 = DIRECTION('',(0.,-0.5,-0.866025403784));
#2232 = PCURVE('',#783,#2233);
#2233 = DEFINITIONAL_REPRESENTATION('',(#2234),#2238);
#2234 = LINE('',#2235,#2236);
#2235 = CARTESIAN_POINT('',(25.,14.433756729741));
#2236 = VECTOR('',#2237,1.);
#2237 = DIRECTION('',(-0.866025403784,0.5));
#2238 = ( GEOMETRIC_REPRESENTATION_CONTEXT(2) 
PARAMETRIC_REPRESENTATION_CONTEXT() REPRESENTATION_CONTEXT('2D SPACE',''
  ) );
#2239 = PCURVE('',#2190,#2240);
#2240 = DEFINITIONAL_REPRESENTATION('',(#2241),#2245);
#2241 = LINE('',#2242,#2243);
#2242 = CARTESIAN_POINT('',(0.,0.));
#2243 = VECTOR('',#2244,1.);
#2244 = DIRECTION('',(1.,0.));
#2245 = ( GEOMETRIC_REPRESENTATION_CONTEXT(2) 
PARAMETRIC_REPRESENTATION_CONTEXT() REPRESENTATION_CONTEXT('2D SPACE',''
  ) );
#2246 = ORIENTED_EDGE('',*,*,#766,.T.);
#2247 = ADVANCED_FACE('',(#2248),#754,.F.);
#2248 = FACE_BOUND('',#2249,.F.);
#2249 = EDGE_LOOP('',(#2250,#2251,#2279));
#2250 = ORIENTED_EDGE('',*,*,#737,.F.);
#2251 = ORIENTED_EDGE('',*,*,#2252,.T.);
#2252 = EDGE_CURVE('',#709,#2253,#2255,.T.);
#2253 = VERTEX_POINT('',#2254);
#2254 = CARTESIAN_POINT('',(41.,-14.43375672974,25.));
#2255 = SURFACE_CURVE('',#2256,(#2260,#2267),.PCURVE_S1.);
#2256 = LINE('',#2257,#2258);
#2257 = CARTESIAN_POINT('',(41.,14.433756729741,25.));
#2258 = VECTOR('',#2259,1.);
#2259 = DIRECTION('',(0.,-1.,1.230696119285E-16));
#2260 = PCURVE('',#754,#2261);
#2261 = DEFINITIONAL_REPRESENTATION('',(#2262),#2266);
#2262 = LINE('',#2263,#2264);
#2263 = CARTESIAN_POINT('',(25.,-14.43375672974));
#2264 = VECTOR('',#2265,1.);
#2265 = DIRECTION('',(1.230696119285E-16,1.));
#2266 = ( GEOMETRIC_REPRESENTATION_CONTEXT(2) 
PARAMETRIC_REPRESENTATION_CONTEXT() REPRESENTATION_CONTEXT('2D SPACE',''
  ) );
#2267 = PCURVE('',#2268,#2273);
#2268 = PLANE('',#2269);
#2269 = AXIS2_PLACEMENT_3D('',#2270,#2271,#2272);
#2270 = CARTESIAN_POINT('',(41.,14.433756729741,25.));
#2271 = DIRECTION('',(0.,-1.230696119285E-16,-1.));
#2272 = DIRECTION('',(0.,-1.,1.230696119285E-16));
#2273 = DEFINITIONAL_REPRESENTATION('',(#2274),#2278);
#2274 = LINE('',#2275,#2276);
#2275 = CARTESIAN_POINT('',(0.,0.));
#2276 = VECTOR('',#2277,1.);
#2277 = DIRECTION('',(1.,0.));
#2278 = ( GEOMETRIC_REPRESENTATION_CONTEXT(2) 
PARAMETRIC_REPRESENTATION_CONTEXT() REPRESENTATION_CONTEXT('2D SPACE',''
  ) );
#2279 = ORIENTED_EDGE('',*,*,#2280,.T.);
#2280 = EDGE_CURVE('',#2253,#738,#2281,.T.);
#2281 = SURFACE_CURVE('',#2282,(#2286,#2293),.PCURVE_S1.);
#2282 = LINE('',#2283,#2284);
#2283 = CARTESIAN_POINT('',(41.,-14.43375672974,25.));
#2284 = VECTOR('',#2285,1.);
#2285 = DIRECTION('',(0.,-0.5,-0.866025403784));
#2286 = PCURVE('',#754,#2287);
#2287 = DEFINITIONAL_REPRESENTATION('',(#2288),#2292);
#2288 = LINE('',#2289,#2290);
#2289 = CARTESIAN_POINT('',(25.,14.433756729741));
#2290 = VECTOR('',#2291,1.);
#2291 = DIRECTION('',(-0.866025403784,0.5));
#2292 = ( GEOMETRIC_REPRESENTATION_CONTEXT(2) 
PARAMETRIC_REPRESENTATION_CONTEXT() REPRESENTATION_CONTEXT('2D SPACE',''
  ) );
#2293 = PCURVE('',#2190,#2294);
#2294 = DEFINITIONAL_REPRESENTATION('',(#2295),#2299);
#2295 = LINE('',#2296,#2297);
#2296 = CARTESIAN_POINT('',(0.,0.));
#2297 = VECTOR('',#2298,1.);
#2298 = DIRECTION('',(1.,0.));
#2299 = ( GEOMETRIC_REPRESENTATION_CONTEXT(2) 
PARAMETRIC_REPRESENTATION_CONTEXT() REPRESENTATION_CONTEXT('2D SPACE',''
  ) );
#2300 = ADVANCED_FACE('',(#2301),#725,.T.);
#2301 = FACE_BOUND('',#2302,.T.);
#2302 = EDGE_LOOP('',(#2303,#2324));
#2303 = ORIENTED_EDGE('',*,*,#2304,.F.);
#2304 = EDGE_CURVE('',#680,#709,#2305,.T.);
#2305 = SURFACE_CURVE('',#2306,(#2310,#2317),.PCURVE_S1.);
#2306 = LINE('',#2307,#2308);
#2307 = CARTESIAN_POINT('',(41.,14.433756729741,25.));
#2308 = VECTOR('',#2309,1.);
#2309 = DIRECTION('',(0.,-1.,1.230696119285E-16));
#2310 = PCURVE('',#725,#2311);
#2311 = DEFINITIONAL_REPRESENTATION('',(#2312),#2316);
#2312 = LINE('',#2313,#2314);
#2313 = CARTESIAN_POINT('',(25.,-14.43375672974));
#2314 = VECTOR('',#2315,1.);
#2315 = DIRECTION('',(1.230696119285E-16,1.));
#2316 = ( GEOMETRIC_REPRESENTATION_CONTEXT(2) 
PARAMETRIC_REPRESENTATION_CONTEXT() REPRESENTATION_CONTEXT('2D SPACE',''
  ) );
#2317 = PCURVE('',#2268,#2318);
#2318 = DEFINITIONAL_REPRESENTATION('',(#2319),#2323);
#2319 = LINE('',#2320,#2321);
#2320 = CARTESIAN_POINT('',(0.,0.));
#2321 = VECTOR('',#2322,1.);
#2322 = DIRECTION('',(1.,0.));
#2323 = ( GEOMETRIC_REPRESENTATION_CONTEXT(2) 
PARAMETRIC_REPRESENTATION_CONTEXT() REPRESENTATION_CONTEXT('2D SPACE',''
  ) );
#2324 = ORIENTED_EDGE('',*,*,#708,.T.);
#2325 = ADVANCED_FACE('',(#2326),#696,.F.);
#2326 = FACE_BOUND('',#2327,.F.);
#2327 = EDGE_LOOP('',(#2328,#2329,#2352));
#2328 = ORIENTED_EDGE('',*,*,#679,.F.);
#2329 = ORIENTED_EDGE('',*,*,#2330,.T.);
#2330 = EDGE_CURVE('',#651,#2331,#2333,.T.);
#2331 = VERTEX_POINT('',#2332);
#2332 = CARTESIAN_POINT('',(41.,14.433756729741,25.));
#2333 = SURFACE_CURVE('',#2334,(#2338,#2345),.PCURVE_S1.);
#2334 = LINE('',#2335,#2336);
#2335 = CARTESIAN_POINT('',(41.,28.867513459481,0.));
#2336 = VECTOR('',#2337,1.);
#2337 = DIRECTION('',(0.,-0.5,0.866025403784));
#2338 = PCURVE('',#696,#2339);
#2339 = DEFINITIONAL_REPRESENTATION('',(#2340),#2344);
#2340 = LINE('',#2341,#2342);
#2341 = CARTESIAN_POINT('',(9.845568954284E-16,-28.86751345948));
#2342 = VECTOR('',#2343,1.);
#2343 = DIRECTION('',(0.866025403784,0.5));
#2344 = ( GEOMETRIC_REPRESENTATION_CONTEXT(2) 
PARAMETRIC_REPRESENTATION_CONTEXT() REPRESENTATION_CONTEXT('2D SPACE',''
  ) );
#2345 = PCURVE('',#1975,#2346);
#2346 = DEFINITIONAL_REPRESENTATION('',(#2347),#2351);
#2347 = LINE('',#2348,#2349);
#2348 = CARTESIAN_POINT('',(0.,0.));
#2349 = VECTOR('',#2350,1.);
#2350 = DIRECTION('',(1.,0.));
#2351 = ( GEOMETRIC_REPRESENTATION_CONTEXT(2) 
PARAMETRIC_REPRESENTATION_CONTEXT() REPRESENTATION_CONTEXT('2D SPACE',''
  ) );
#2352 = ORIENTED_EDGE('',*,*,#2353,.T.);
#2353 = EDGE_CURVE('',#2331,#680,#2354,.T.);
#2354 = SURFACE_CURVE('',#2355,(#2359,#2366),.PCURVE_S1.);
#2355 = LINE('',#2356,#2357);
#2356 = CARTESIAN_POINT('',(41.,14.433756729741,25.));
#2357 = VECTOR('',#2358,1.);
#2358 = DIRECTION('',(0.,-1.,1.230696119285E-16));
#2359 = PCURVE('',#696,#2360);
#2360 = DEFINITIONAL_REPRESENTATION('',(#2361),#2365);
#2361 = LINE('',#2362,#2363);
#2362 = CARTESIAN_POINT('',(25.,-14.43375672974));
#2363 = VECTOR('',#2364,1.);
#2364 = DIRECTION('',(1.230696119285E-16,1.));
#2365 = ( GEOMETRIC_REPRESENTATION_CONTEXT(2) 
PARAMETRIC_REPRESENTATION_CONTEXT() REPRESENTATION_CONTEXT('2D SPACE',''
  ) );
#2366 = PCURVE('',#2268,#2367);
#2367 = DEFINITIONAL_REPRESENTATION('',(#2368),#2372);
#2368 = LINE('',#2369,#2370);
#2369 = CARTESIAN_POINT('',(0.,0.));
#2370 = VECTOR('',#2371,1.);
#2371 = DIRECTION('',(1.,0.));
#2372 = ( GEOMETRIC_REPRESENTATION_CONTEXT(2) 
PARAMETRIC_REPRESENTATION_CONTEXT() REPRESENTATION_CONTEXT('2D SPACE',''
  ) );
#2373 = ADVANCED_FACE('',(#2374),#667,.T.);
#2374 = FACE_BOUND('',#2375,.T.);
#2375 = EDGE_LOOP('',(#2376,#2397));
#2376 = ORIENTED_EDGE('',*,*,#2377,.F.);
#2377 = EDGE_CURVE('',#622,#651,#2378,.T.);
#2378 = SURFACE_CURVE('',#2379,(#2383,#2390),.PCURVE_S1.);
#2379 = LINE('',#2380,#2381);
#2380 = CARTESIAN_POINT('',(41.,28.867513459481,0.));
#2381 = VECTOR('',#2382,1.);
#2382 = DIRECTION('',(0.,-0.5,0.866025403784));
#2383 = PCURVE('',#667,#2384);
#2384 = DEFINITIONAL_REPRESENTATION('',(#2385),#2389);
#2385 = LINE('',#2386,#2387);
#2386 = CARTESIAN_POINT('',(-2.304645920836E-15,-28.86751345948));
#2387 = VECTOR('',#2388,1.);
#2388 = DIRECTION('',(0.866025403784,0.5));
#2389 = ( GEOMETRIC_REPRESENTATION_CONTEXT(2) 
PARAMETRIC_REPRESENTATION_CONTEXT() REPRESENTATION_CONTEXT('2D SPACE',''
  ) );
#2390 = PCURVE('',#1975,#2391);
#2391 = DEFINITIONAL_REPRESENTATION('',(#2392),#2396);
#2392 = LINE('',#2393,#2394);
#2393 = CARTESIAN_POINT('',(0.,0.));
#2394 = VECTOR('',#2395,1.);
#2395 = DIRECTION('',(1.,0.));
#2396 = ( GEOMETRIC_REPRESENTATION_CONTEXT(2) 
PARAMETRIC_REPRESENTATION_CONTEXT() REPRESENTATION_CONTEXT('2D SPACE',''
  ) );
#2397 = ORIENTED_EDGE('',*,*,#650,.T.);
#2398 = ADVANCED_FACE('',(#2399),#586,.T.);
#2399 = FACE_BOUND('',#2400,.T.);
#2400 = EDGE_LOOP('',(#2401,#2402,#2403));
#2401 = ORIENTED_EDGE('',*,*,#566,.T.);
#2402 = ORIENTED_EDGE('',*,*,#1909,.T.);
#2403 = ORIENTED_EDGE('',*,*,#1838,.T.);
#2404 = ADVANCED_FACE('',(#2405),#524,.T.);
#2405 = FACE_BOUND('',#2406,.T.);
#2406 = EDGE_LOOP('',(#2407,#2408,#2409));
#2407 = ORIENTED_EDGE('',*,*,#507,.F.);
#2408 = ORIENTED_EDGE('',*,*,#1860,.T.);
#2409 = ORIENTED_EDGE('',*,*,#2410,.F.);
#2410 = EDGE_CURVE('',#482,#1861,#2411,.T.);
#2411 = SURFACE_CURVE('',#2412,(#2416,#2423),.PCURVE_S1.);
#2412 = LINE('',#2413,#2414);
#2413 = CARTESIAN_POINT('',(8.,27.,2.));
#2414 = VECTOR('',#2415,1.);
#2415 = DIRECTION('',(0.,-1.,0.));
#2416 = PCURVE('',#524,#2417);
#2417 = DEFINITIONAL_REPRESENTATION('',(#2418),#2422);
#2418 = LINE('',#2419,#2420);
#2419 = CARTESIAN_POINT('',(4.,0.));
#2420 = VECTOR('',#2421,1.);
#2421 = DIRECTION('',(0.,-1.));
#2422 = ( GEOMETRIC_REPRESENTATION_CONTEXT(2) 
PARAMETRIC_REPRESENTATION_CONTEXT() REPRESENTATION_CONTEXT('2D SPACE',''
  ) );
#2423 = PCURVE('',#496,#2424);
#2424 = DEFINITIONAL_REPRESENTATION('',(#2425),#2429);
#2425 = LINE('',#2426,#2427);
#2426 = CARTESIAN_POINT('',(0.,0.));
#2427 = VECTOR('',#2428,1.);
#2428 = DIRECTION('',(0.,-1.));
#2429 = ( GEOMETRIC_REPRESENTATION_CONTEXT(2) 
PARAMETRIC_REPRESENTATION_CONTEXT() REPRESENTATION_CONTEXT('2D SPACE',''
  ) );
#2430 = ADVANCED_FACE('',(#2431),#496,.T.);
#2431 = FACE_BOUND('',#2432,.T.);
#2432 = EDGE_LOOP('',(#2433,#2434,#2435,#2436));
#2433 = ORIENTED_EDGE('',*,*,#481,.F.);
#2434 = ORIENTED_EDGE('',*,*,#2410,.T.);
#2435 = ORIENTED_EDGE('',*,*,#1883,.T.);
#2436 = ORIENTED_EDGE('',*,*,#1665,.F.);
#2437 = ADVANCED_FACE('',(#2438),#94,.T.);
#2438 = FACE_BOUND('',#2439,.T.);
#2439 = EDGE_LOOP('',(#2440,#2468,#2494,#2495));
#2440 = ORIENTED_EDGE('',*,*,#2441,.T.);
#2441 = EDGE_CURVE('',#78,#2442,#2444,.T.);
#2442 = VERTEX_POINT('',#2443);
#2443 = CARTESIAN_POINT('',(-41.,28.867513459481,0.));
#2444 = SURFACE_CURVE('',#2445,(#2449,#2456),.PCURVE_S1.);
#2445 = LINE('',#2446,#2447);
#2446 = CARTESIAN_POINT('',(-41.,14.433756729741,-25.));
#2447 = VECTOR('',#2448,1.);
#2448 = DIRECTION('',(0.,0.5,0.866025403784));
#2449 = PCURVE('',#94,#2450);
#2450 = DEFINITIONAL_REPRESENTATION('',(#2451),#2455);
#2451 = LINE('',#2452,#2453);
#2452 = CARTESIAN_POINT('',(-25.,-14.43375672974));
#2453 = VECTOR('',#2454,1.);
#2454 = DIRECTION('',(0.866025403784,-0.5));
#2455 = ( GEOMETRIC_REPRESENTATION_CONTEXT(2) 
PARAMETRIC_REPRESENTATION_CONTEXT() REPRESENTATION_CONTEXT('2D SPACE',''
  ) );
#2456 = PCURVE('',#2457,#2462);
#2457 = PLANE('',#2458);
#2458 = AXIS2_PLACEMENT_3D('',#2459,#2460,#2461);
#2459 = CARTESIAN_POINT('',(-53.,14.433756729741,-25.));
#2460 = DIRECTION('',(0.,-0.866025403784,0.5));
#2461 = DIRECTION('',(0.,0.5,0.866025403784));
#2462 = DEFINITIONAL_REPRESENTATION('',(#2463),#2467);
#2463 = LINE('',#2464,#2465);
#2464 = CARTESIAN_POINT('',(0.,-12.));
#2465 = VECTOR('',#2466,1.);
#2466 = DIRECTION('',(1.,0.));
#2467 = ( GEOMETRIC_REPRESENTATION_CONTEXT(2) 
PARAMETRIC_REPRESENTATION_CONTEXT() REPRESENTATION_CONTEXT('2D SPACE',''
  ) );
#2468 = ORIENTED_EDGE('',*,*,#2469,.T.);
#2469 = EDGE_CURVE('',#2442,#397,#2470,.T.);
#2470 = SURFACE_CURVE('',#2471,(#2475,#2482),.PCURVE_S1.);
#2471 = LINE('',#2472,#2473);
#2472 = CARTESIAN_POINT('',(-41.,28.867513459481,0.));
#2473 = VECTOR('',#2474,1.);
#2474 = DIRECTION('',(0.,-0.5,0.866025403784));
#2475 = PCURVE('',#94,#2476);
#2476 = DEFINITIONAL_REPRESENTATION('',(#2477),#2481);
#2477 = LINE('',#2478,#2479);
#2478 = CARTESIAN_POINT('',(9.845568954284E-16,-28.86751345948));
#2479 = VECTOR('',#2480,1.);
#2480 = DIRECTION('',(0.866025403784,0.5));
#2481 = ( GEOMETRIC_REPRESENTATION_CONTEXT(2) 
PARAMETRIC_REPRESENTATION_CONTEXT() REPRESENTATION_CONTEXT('2D SPACE',''
  ) );
#2482 = PCURVE('',#2483,#2488);
#2483 = PLANE('',#2484);
#2484 = AXIS2_PLACEMENT_3D('',#2485,#2486,#2487);
#2485 = CARTESIAN_POINT('',(-53.,28.867513459481,0.));
#2486 = DIRECTION('',(0.,-0.866025403784,-0.5));
#2487 = DIRECTION('',(0.,-0.5,0.866025403784));
#2488 = DEFINITIONAL_REPRESENTATION('',(#2489),#2493);
#2489 = LINE('',#2490,#2491);
#2490 = CARTESIAN_POINT('',(0.,-12.));
#2491 = VECTOR('',#2492,1.);
#2492 = DIRECTION('',(1.,0.));
#2493 = ( GEOMETRIC_REPRESENTATION_CONTEXT(2) 
PARAMETRIC_REPRESENTATION_CONTEXT() REPRESENTATION_CONTEXT('2D SPACE',''
  ) );
#2494 = ORIENTED_EDGE('',*,*,#425,.F.);
#2495 = ORIENTED_EDGE('',*,*,#77,.F.);
#2496 = ADVANCED_FACE('',(#2497),#413,.F.);
#2497 = FACE_BOUND('',#2498,.F.);
#2498 = EDGE_LOOP('',(#2499,#2520));
#2499 = ORIENTED_EDGE('',*,*,#2500,.F.);
#2500 = EDGE_CURVE('',#397,#368,#2501,.T.);
#2501 = SURFACE_CURVE('',#2502,(#2506,#2513),.PCURVE_S1.);
#2502 = LINE('',#2503,#2504);
#2503 = CARTESIAN_POINT('',(-41.,28.867513459481,0.));
#2504 = VECTOR('',#2505,1.);
#2505 = DIRECTION('',(0.,-0.5,0.866025403784));
#2506 = PCURVE('',#413,#2507);
#2507 = DEFINITIONAL_REPRESENTATION('',(#2508),#2512);
#2508 = LINE('',#2509,#2510);
#2509 = CARTESIAN_POINT('',(-2.304645920836E-15,-28.86751345948));
#2510 = VECTOR('',#2511,1.);
#2511 = DIRECTION('',(0.866025403784,0.5));
#2512 = ( GEOMETRIC_REPRESENTATION_CONTEXT(2) 
PARAMETRIC_REPRESENTATION_CONTEXT() REPRESENTATION_CONTEXT('2D SPACE',''
  ) );
#2513 = PCURVE('',#2483,#2514);
#2514 = DEFINITIONAL_REPRESENTATION('',(#2515),#2519);
#2515 = LINE('',#2516,#2517);
#2516 = CARTESIAN_POINT('',(0.,-12.));
#2517 = VECTOR('',#2518,1.);
#2518 = DIRECTION('',(1.,0.));
#2519 = ( GEOMETRIC_REPRESENTATION_CONTEXT(2) 
PARAMETRIC_REPRESENTATION_CONTEXT() REPRESENTATION_CONTEXT('2D SPACE',''
  ) );
#2520 = ORIENTED_EDGE('',*,*,#396,.T.);
#2521 = ADVANCED_FACE('',(#2522),#384,.T.);
#2522 = FACE_BOUND('',#2523,.T.);
#2523 = EDGE_LOOP('',(#2524,#2525,#2548));
#2524 = ORIENTED_EDGE('',*,*,#367,.F.);
#2525 = ORIENTED_EDGE('',*,*,#2526,.T.);
#2526 = EDGE_CURVE('',#368,#2527,#2529,.T.);
#2527 = VERTEX_POINT('',#2528);
#2528 = CARTESIAN_POINT('',(-41.,14.433756729741,25.));
#2529 = SURFACE_CURVE('',#2530,(#2534,#2541),.PCURVE_S1.);
#2530 = LINE('',#2531,#2532);
#2531 = CARTESIAN_POINT('',(-41.,28.867513459481,0.));
#2532 = VECTOR('',#2533,1.);
#2533 = DIRECTION('',(0.,-0.5,0.866025403784));
#2534 = PCURVE('',#384,#2535);
#2535 = DEFINITIONAL_REPRESENTATION('',(#2536),#2540);
#2536 = LINE('',#2537,#2538);
#2537 = CARTESIAN_POINT('',(9.845568954284E-16,-28.86751345948));
#2538 = VECTOR('',#2539,1.);
#2539 = DIRECTION('',(0.866025403784,0.5));
#2540 = ( GEOMETRIC_REPRESENTATION_CONTEXT(2) 
PARAMETRIC_REPRESENTATION_CONTEXT() REPRESENTATION_CONTEXT('2D SPACE',''
  ) );
#2541 = PCURVE('',#2483,#2542);
#2542 = DEFINITIONAL_REPRESENTATION('',(#2543),#2547);
#2543 = LINE('',#2544,#2545);
#2544 = CARTESIAN_POINT('',(0.,-12.));
#2545 = VECTOR('',#2546,1.);
#2546 = DIRECTION('',(1.,0.));
#2547 = ( GEOMETRIC_REPRESENTATION_CONTEXT(2) 
PARAMETRIC_REPRESENTATION_CONTEXT() REPRESENTATION_CONTEXT('2D SPACE',''
  ) );
#2548 = ORIENTED_EDGE('',*,*,#2549,.T.);
#2549 = EDGE_CURVE('',#2527,#339,#2550,.T.);
#2550 = SURFACE_CURVE('',#2551,(#2555,#2562),.PCURVE_S1.);
#2551 = LINE('',#2552,#2553);
#2552 = CARTESIAN_POINT('',(-41.,14.433756729741,25.));
#2553 = VECTOR('',#2554,1.);
#2554 = DIRECTION('',(0.,-1.,1.230696119285E-16));
#2555 = PCURVE('',#384,#2556);
#2556 = DEFINITIONAL_REPRESENTATION('',(#2557),#2561);
#2557 = LINE('',#2558,#2559);
#2558 = CARTESIAN_POINT('',(25.,-14.43375672974));
#2559 = VECTOR('',#2560,1.);
#2560 = DIRECTION('',(1.230696119285E-16,1.));
#2561 = ( GEOMETRIC_REPRESENTATION_CONTEXT(2) 
PARAMETRIC_REPRESENTATION_CONTEXT() REPRESENTATION_CONTEXT('2D SPACE',''
  ) );
#2562 = PCURVE('',#2563,#2568);
#2563 = PLANE('',#2564);
#2564 = AXIS2_PLACEMENT_3D('',#2565,#2566,#2567);
#2565 = CARTESIAN_POINT('',(-53.,14.433756729741,25.));
#2566 = DIRECTION('',(0.,-1.230696119285E-16,-1.));
#2567 = DIRECTION('',(0.,-1.,1.230696119285E-16));
#2568 = DEFINITIONAL_REPRESENTATION('',(#2569),#2573);
#2569 = LINE('',#2570,#2571);
#2570 = CARTESIAN_POINT('',(0.,-12.));
#2571 = VECTOR('',#2572,1.);
#2572 = DIRECTION('',(1.,0.));
#2573 = ( GEOMETRIC_REPRESENTATION_CONTEXT(2) 
PARAMETRIC_REPRESENTATION_CONTEXT() REPRESENTATION_CONTEXT('2D SPACE',''
  ) );
#2574 = ADVANCED_FACE('',(#2575),#355,.F.);
#2575 = FACE_BOUND('',#2576,.F.);
#2576 = EDGE_LOOP('',(#2577,#2598));
#2577 = ORIENTED_EDGE('',*,*,#2578,.F.);
#2578 = EDGE_CURVE('',#339,#310,#2579,.T.);
#2579 = SURFACE_CURVE('',#2580,(#2584,#2591),.PCURVE_S1.);
#2580 = LINE('',#2581,#2582);
#2581 = CARTESIAN_POINT('',(-41.,14.433756729741,25.));
#2582 = VECTOR('',#2583,1.);
#2583 = DIRECTION('',(0.,-1.,1.230696119285E-16));
#2584 = PCURVE('',#355,#2585);
#2585 = DEFINITIONAL_REPRESENTATION('',(#2586),#2590);
#2586 = LINE('',#2587,#2588);
#2587 = CARTESIAN_POINT('',(25.,-14.43375672974));
#2588 = VECTOR('',#2589,1.);
#2589 = DIRECTION('',(1.230696119285E-16,1.));
#2590 = ( GEOMETRIC_REPRESENTATION_CONTEXT(2) 
PARAMETRIC_REPRESENTATION_CONTEXT() REPRESENTATION_CONTEXT('2D SPACE',''
  ) );
#2591 = PCURVE('',#2563,#2592);
#2592 = DEFINITIONAL_REPRESENTATION('',(#2593),#2597);
#2593 = LINE('',#2594,#2595);
#2594 = CARTESIAN_POINT('',(0.,-12.));
#2595 = VECTOR('',#2596,1.);
#2596 = DIRECTION('',(1.,0.));
#2597 = ( GEOMETRIC_REPRESENTATION_CONTEXT(2) 
PARAMETRIC_REPRESENTATION_CONTEXT() REPRESENTATION_CONTEXT('2D SPACE',''
  ) );
#2598 = ORIENTED_EDGE('',*,*,#338,.T.);
#2599 = ADVANCED_FACE('',(#2600),#326,.T.);
#2600 = FACE_BOUND('',#2601,.T.);
#2601 = EDGE_LOOP('',(#2602,#2603,#2626));
#2602 = ORIENTED_EDGE('',*,*,#309,.F.);
#2603 = ORIENTED_EDGE('',*,*,#2604,.T.);
#2604 = EDGE_CURVE('',#310,#2605,#2607,.T.);
#2605 = VERTEX_POINT('',#2606);
#2606 = CARTESIAN_POINT('',(-41.,-14.43375672974,25.));
#2607 = SURFACE_CURVE('',#2608,(#2612,#2619),.PCURVE_S1.);
#2608 = LINE('',#2609,#2610);
#2609 = CARTESIAN_POINT('',(-41.,14.433756729741,25.));
#2610 = VECTOR('',#2611,1.);
#2611 = DIRECTION('',(0.,-1.,1.230696119285E-16));
#2612 = PCURVE('',#326,#2613);
#2613 = DEFINITIONAL_REPRESENTATION('',(#2614),#2618);
#2614 = LINE('',#2615,#2616);
#2615 = CARTESIAN_POINT('',(25.,-14.43375672974));
#2616 = VECTOR('',#2617,1.);
#2617 = DIRECTION('',(1.230696119285E-16,1.));
#2618 = ( GEOMETRIC_REPRESENTATION_CONTEXT(2) 
PARAMETRIC_REPRESENTATION_CONTEXT() REPRESENTATION_CONTEXT('2D SPACE',''
  ) );
#2619 = PCURVE('',#2563,#2620);
#2620 = DEFINITIONAL_REPRESENTATION('',(#2621),#2625);
#2621 = LINE('',#2622,#2623);
#2622 = CARTESIAN_POINT('',(0.,-12.));
#2623 = VECTOR('',#2624,1.);
#2624 = DIRECTION('',(1.,0.));
#2625 = ( GEOMETRIC_REPRESENTATION_CONTEXT(2) 
PARAMETRIC_REPRESENTATION_CONTEXT() REPRESENTATION_CONTEXT('2D SPACE',''
  ) );
#2626 = ORIENTED_EDGE('',*,*,#2627,.T.);
#2627 = EDGE_CURVE('',#2605,#281,#2628,.T.);
#2628 = SURFACE_CURVE('',#2629,(#2633,#2640),.PCURVE_S1.);
#2629 = LINE('',#2630,#2631);
#2630 = CARTESIAN_POINT('',(-41.,-14.43375672974,25.));
#2631 = VECTOR('',#2632,1.);
#2632 = DIRECTION('',(0.,-0.5,-0.866025403784));
#2633 = PCURVE('',#326,#2634);
#2634 = DEFINITIONAL_REPRESENTATION('',(#2635),#2639);
#2635 = LINE('',#2636,#2637);
#2636 = CARTESIAN_POINT('',(25.,14.433756729741));
#2637 = VECTOR('',#2638,1.);
#2638 = DIRECTION('',(-0.866025403784,0.5));
#2639 = ( GEOMETRIC_REPRESENTATION_CONTEXT(2) 
PARAMETRIC_REPRESENTATION_CONTEXT() REPRESENTATION_CONTEXT('2D SPACE',''
  ) );
#2640 = PCURVE('',#2641,#2646);
#2641 = PLANE('',#2642);
#2642 = AXIS2_PLACEMENT_3D('',#2643,#2644,#2645);
#2643 = CARTESIAN_POINT('',(-53.,-14.43375672974,25.));
#2644 = DIRECTION('',(0.,0.866025403784,-0.5));
#2645 = DIRECTION('',(0.,-0.5,-0.866025403784));
#2646 = DEFINITIONAL_REPRESENTATION('',(#2647),#2651);
#2647 = LINE('',#2648,#2649);
#2648 = CARTESIAN_POINT('',(0.,-12.));
#2649 = VECTOR('',#2650,1.);
#2650 = DIRECTION('',(1.,0.));
#2651 = ( GEOMETRIC_REPRESENTATION_CONTEXT(2) 
PARAMETRIC_REPRESENTATION_CONTEXT() REPRESENTATION_CONTEXT('2D SPACE',''
  ) );
#2652 = ADVANCED_FACE('',(#2653),#297,.F.);
#2653 = FACE_BOUND('',#2654,.F.);
#2654 = EDGE_LOOP('',(#2655,#2676));
#2655 = ORIENTED_EDGE('',*,*,#2656,.F.);
#2656 = EDGE_CURVE('',#281,#252,#2657,.T.);
#2657 = SURFACE_CURVE('',#2658,(#2662,#2669),.PCURVE_S1.);
#2658 = LINE('',#2659,#2660);
#2659 = CARTESIAN_POINT('',(-41.,-14.43375672974,25.));
#2660 = VECTOR('',#2661,1.);
#2661 = DIRECTION('',(0.,-0.5,-0.866025403784));
#2662 = PCURVE('',#297,#2663);
#2663 = DEFINITIONAL_REPRESENTATION('',(#2664),#2668);
#2664 = LINE('',#2665,#2666);
#2665 = CARTESIAN_POINT('',(25.,14.433756729741));
#2666 = VECTOR('',#2667,1.);
#2667 = DIRECTION('',(-0.866025403784,0.5));
#2668 = ( GEOMETRIC_REPRESENTATION_CONTEXT(2) 
PARAMETRIC_REPRESENTATION_CONTEXT() REPRESENTATION_CONTEXT('2D SPACE',''
  ) );
#2669 = PCURVE('',#2641,#2670);
#2670 = DEFINITIONAL_REPRESENTATION('',(#2671),#2675);
#2671 = LINE('',#2672,#2673);
#2672 = CARTESIAN_POINT('',(0.,-12.));
#2673 = VECTOR('',#2674,1.);
#2674 = DIRECTION('',(1.,0.));
#2675 = ( GEOMETRIC_REPRESENTATION_CONTEXT(2) 
PARAMETRIC_REPRESENTATION_CONTEXT() REPRESENTATION_CONTEXT('2D SPACE',''
  ) );
#2676 = ORIENTED_EDGE('',*,*,#280,.T.);
#2677 = ADVANCED_FACE('',(#2678),#268,.T.);
#2678 = FACE_BOUND('',#2679,.T.);
#2679 = EDGE_LOOP('',(#2680,#2681,#2704));
#2680 = ORIENTED_EDGE('',*,*,#251,.F.);
#2681 = ORIENTED_EDGE('',*,*,#2682,.T.);
#2682 = EDGE_CURVE('',#252,#2683,#2685,.T.);
#2683 = VERTEX_POINT('',#2684);
#2684 = CARTESIAN_POINT('',(-41.,-28.86751345948,3.53525079575E-15));
#2685 = SURFACE_CURVE('',#2686,(#2690,#2697),.PCURVE_S1.);
#2686 = LINE('',#2687,#2688);
#2687 = CARTESIAN_POINT('',(-41.,-14.43375672974,25.));
#2688 = VECTOR('',#2689,1.);
#2689 = DIRECTION('',(0.,-0.5,-0.866025403784));
#2690 = PCURVE('',#268,#2691);
#2691 = DEFINITIONAL_REPRESENTATION('',(#2692),#2696);
#2692 = LINE('',#2693,#2694);
#2693 = CARTESIAN_POINT('',(25.,14.433756729741));
#2694 = VECTOR('',#2695,1.);
#2695 = DIRECTION('',(-0.866025403784,0.5));
#2696 = ( GEOMETRIC_REPRESENTATION_CONTEXT(2) 
PARAMETRIC_REPRESENTATION_CONTEXT() REPRESENTATION_CONTEXT('2D SPACE',''
  ) );
#2697 = PCURVE('',#2641,#2698);
#2698 = DEFINITIONAL_REPRESENTATION('',(#2699),#2703);
#2699 = LINE('',#2700,#2701);
#2700 = CARTESIAN_POINT('',(0.,-12.));
#2701 = VECTOR('',#2702,1.);
#2702 = DIRECTION('',(1.,0.));
#2703 = ( GEOMETRIC_REPRESENTATION_CONTEXT(2) 
PARAMETRIC_REPRESENTATION_CONTEXT() REPRESENTATION_CONTEXT('2D SPACE',''
  ) );
#2704 = ORIENTED_EDGE('',*,*,#2705,.T.);
#2705 = EDGE_CURVE('',#2683,#223,#2706,.T.);
#2706 = SURFACE_CURVE('',#2707,(#2711,#2718),.PCURVE_S1.);
#2707 = LINE('',#2708,#2709);
#2708 = CARTESIAN_POINT('',(-41.,-28.86751345948,3.53525079575E-15));
#2709 = VECTOR('',#2710,1.);
#2710 = DIRECTION('',(0.,0.5,-0.866025403784));
#2711 = PCURVE('',#268,#2712);
#2712 = DEFINITIONAL_REPRESENTATION('',(#2713),#2717);
#2713 = LINE('',#2714,#2715);
#2714 = CARTESIAN_POINT('',(4.519807691178E-15,28.867513459481));
#2715 = VECTOR('',#2716,1.);
#2716 = DIRECTION('',(-0.866025403784,-0.5));
#2717 = ( GEOMETRIC_REPRESENTATION_CONTEXT(2) 
PARAMETRIC_REPRESENTATION_CONTEXT() REPRESENTATION_CONTEXT('2D SPACE',''
  ) );
#2718 = PCURVE('',#2719,#2724);
#2719 = PLANE('',#2720);
#2720 = AXIS2_PLACEMENT_3D('',#2721,#2722,#2723);
#2721 = CARTESIAN_POINT('',(-53.,-28.86751345948,3.53525079575E-15));
#2722 = DIRECTION('',(-0.,0.866025403784,0.5));
#2723 = DIRECTION('',(0.,0.5,-0.866025403784));
#2724 = DEFINITIONAL_REPRESENTATION('',(#2725),#2729);
#2725 = LINE('',#2726,#2727);
#2726 = CARTESIAN_POINT('',(0.,-12.));
#2727 = VECTOR('',#2728,1.);
#2728 = DIRECTION('',(1.,0.));
#2729 = ( GEOMETRIC_REPRESENTATION_CONTEXT(2) 
PARAMETRIC_REPRESENTATION_CONTEXT() REPRESENTATION_CONTEXT('2D SPACE',''
  ) );
#2730 = ADVANCED_FACE('',(#2731),#239,.F.);
#2731 = FACE_BOUND('',#2732,.F.);
#2732 = EDGE_LOOP('',(#2733,#2734));
#2733 = ORIENTED_EDGE('',*,*,#222,.T.);
#2734 = ORIENTED_EDGE('',*,*,#2735,.F.);
#2735 = EDGE_CURVE('',#223,#194,#2736,.T.);
#2736 = SURFACE_CURVE('',#2737,(#2741,#2748),.PCURVE_S1.);
#2737 = LINE('',#2738,#2739);
#2738 = CARTESIAN_POINT('',(-41.,-28.86751345948,3.53525079575E-15));
#2739 = VECTOR('',#2740,1.);
#2740 = DIRECTION('',(0.,0.5,-0.866025403784));
#2741 = PCURVE('',#239,#2742);
#2742 = DEFINITIONAL_REPRESENTATION('',(#2743),#2747);
#2743 = LINE('',#2744,#2745);
#2744 = CARTESIAN_POINT('',(1.230604874914E-15,28.867513459481));
#2745 = VECTOR('',#2746,1.);
#2746 = DIRECTION('',(-0.866025403784,-0.5));
#2747 = ( GEOMETRIC_REPRESENTATION_CONTEXT(2) 
PARAMETRIC_REPRESENTATION_CONTEXT() REPRESENTATION_CONTEXT('2D SPACE',''
  ) );
#2748 = PCURVE('',#2719,#2749);
#2749 = DEFINITIONAL_REPRESENTATION('',(#2750),#2754);
#2750 = LINE('',#2751,#2752);
#2751 = CARTESIAN_POINT('',(0.,-12.));
#2752 = VECTOR('',#2753,1.);
#2753 = DIRECTION('',(1.,0.));
#2754 = ( GEOMETRIC_REPRESENTATION_CONTEXT(2) 
PARAMETRIC_REPRESENTATION_CONTEXT() REPRESENTATION_CONTEXT('2D SPACE',''
  ) );
#2755 = ADVANCED_FACE('',(#2756),#210,.T.);
#2756 = FACE_BOUND('',#2757,.T.);
#2757 = EDGE_LOOP('',(#2758,#2786,#2787));
#2758 = ORIENTED_EDGE('',*,*,#2759,.T.);
#2759 = EDGE_CURVE('',#2760,#165,#2762,.T.);
#2760 = VERTEX_POINT('',#2761);
#2761 = CARTESIAN_POINT('',(-41.,-14.43375672974,-25.));
#2762 = SURFACE_CURVE('',#2763,(#2767,#2774),.PCURVE_S1.);
#2763 = LINE('',#2764,#2765);
#2764 = CARTESIAN_POINT('',(-41.,-14.43375672974,-25.));
#2765 = VECTOR('',#2766,1.);
#2766 = DIRECTION('',(0.,1.,-6.153480596427E-16));
#2767 = PCURVE('',#210,#2768);
#2768 = DEFINITIONAL_REPRESENTATION('',(#2769),#2773);
#2769 = LINE('',#2770,#2771);
#2770 = CARTESIAN_POINT('',(-25.,14.433756729741));
#2771 = VECTOR('',#2772,1.);
#2772 = DIRECTION('',(-6.153480596427E-16,-1.));
#2773 = ( GEOMETRIC_REPRESENTATION_CONTEXT(2) 
PARAMETRIC_REPRESENTATION_CONTEXT() REPRESENTATION_CONTEXT('2D SPACE',''
  ) );
#2774 = PCURVE('',#2775,#2780);
#2775 = PLANE('',#2776);
#2776 = AXIS2_PLACEMENT_3D('',#2777,#2778,#2779);
#2777 = CARTESIAN_POINT('',(-53.,-14.43375672974,-25.));
#2778 = DIRECTION('',(-0.,6.153480596427E-16,1.));
#2779 = DIRECTION('',(0.,1.,-6.153480596427E-16));
#2780 = DEFINITIONAL_REPRESENTATION('',(#2781),#2785);
#2781 = LINE('',#2782,#2783);
#2782 = CARTESIAN_POINT('',(0.,-12.));
#2783 = VECTOR('',#2784,1.);
#2784 = DIRECTION('',(1.,0.));
#2785 = ( GEOMETRIC_REPRESENTATION_CONTEXT(2) 
PARAMETRIC_REPRESENTATION_CONTEXT() REPRESENTATION_CONTEXT('2D SPACE',''
  ) );
#2786 = ORIENTED_EDGE('',*,*,#193,.F.);
#2787 = ORIENTED_EDGE('',*,*,#2788,.T.);
#2788 = EDGE_CURVE('',#194,#2760,#2789,.T.);
#2789 = SURFACE_CURVE('',#2790,(#2794,#2801),.PCURVE_S1.);
#2790 = LINE('',#2791,#2792);
#2791 = CARTESIAN_POINT('',(-41.,-28.86751345948,3.53525079575E-15));
#2792 = VECTOR('',#2793,1.);
#2793 = DIRECTION('',(0.,0.5,-0.866025403784));
#2794 = PCURVE('',#210,#2795);
#2795 = DEFINITIONAL_REPRESENTATION('',(#2796),#2800);
#2796 = LINE('',#2797,#2798);
#2797 = CARTESIAN_POINT('',(4.519807691178E-15,28.867513459481));
#2798 = VECTOR('',#2799,1.);
#2799 = DIRECTION('',(-0.866025403784,-0.5));
#2800 = ( GEOMETRIC_REPRESENTATION_CONTEXT(2) 
PARAMETRIC_REPRESENTATION_CONTEXT() REPRESENTATION_CONTEXT('2D SPACE',''
  ) );
#2801 = PCURVE('',#2719,#2802);
#2802 = DEFINITIONAL_REPRESENTATION('',(#2803),#2807);
#2803 = LINE('',#2804,#2805);
#2804 = CARTESIAN_POINT('',(0.,-12.));
#2805 = VECTOR('',#2806,1.);
#2806 = DIRECTION('',(1.,0.));
#2807 = ( GEOMETRIC_REPRESENTATION_CONTEXT(2) 
PARAMETRIC_REPRESENTATION_CONTEXT() REPRESENTATION_CONTEXT('2D SPACE',''
  ) );
#2808 = ADVANCED_FACE('',(#2809),#181,.F.);
#2809 = FACE_BOUND('',#2810,.F.);
#2810 = EDGE_LOOP('',(#2811,#2812));
#2811 = ORIENTED_EDGE('',*,*,#164,.T.);
#2812 = ORIENTED_EDGE('',*,*,#2813,.F.);
#2813 = EDGE_CURVE('',#165,#136,#2814,.T.);
#2814 = SURFACE_CURVE('',#2815,(#2819,#2826),.PCURVE_S1.);
#2815 = LINE('',#2816,#2817);
#2816 = CARTESIAN_POINT('',(-41.,-14.43375672974,-25.));
#2817 = VECTOR('',#2818,1.);
#2818 = DIRECTION('',(0.,1.,-6.153480596427E-16));
#2819 = PCURVE('',#181,#2820);
#2820 = DEFINITIONAL_REPRESENTATION('',(#2821),#2825);
#2821 = LINE('',#2822,#2823);
#2822 = CARTESIAN_POINT('',(-25.,14.433756729741));
#2823 = VECTOR('',#2824,1.);
#2824 = DIRECTION('',(-6.153480596427E-16,-1.));
#2825 = ( GEOMETRIC_REPRESENTATION_CONTEXT(2) 
PARAMETRIC_REPRESENTATION_CONTEXT() REPRESENTATION_CONTEXT('2D SPACE',''
  ) );
#2826 = PCURVE('',#2775,#2827);
#2827 = DEFINITIONAL_REPRESENTATION('',(#2828),#2832);
#2828 = LINE('',#2829,#2830);
#2829 = CARTESIAN_POINT('',(0.,-12.));
#2830 = VECTOR('',#2831,1.);
#2831 = DIRECTION('',(1.,0.));
#2832 = ( GEOMETRIC_REPRESENTATION_CONTEXT(2) 
PARAMETRIC_REPRESENTATION_CONTEXT() REPRESENTATION_CONTEXT('2D SPACE',''
  ) );
#2833 = ADVANCED_FACE('',(#2834),#152,.T.);
#2834 = FACE_BOUND('',#2835,.T.);
#2835 = EDGE_LOOP('',(#2836,#2859,#2860));
#2836 = ORIENTED_EDGE('',*,*,#2837,.T.);
#2837 = EDGE_CURVE('',#2838,#107,#2840,.T.);
#2838 = VERTEX_POINT('',#2839);
#2839 = CARTESIAN_POINT('',(-41.,14.433756729741,-25.));
#2840 = SURFACE_CURVE('',#2841,(#2845,#2852),.PCURVE_S1.);
#2841 = LINE('',#2842,#2843);
#2842 = CARTESIAN_POINT('',(-41.,14.433756729741,-25.));
#2843 = VECTOR('',#2844,1.);
#2844 = DIRECTION('',(0.,0.5,0.866025403784));
#2845 = PCURVE('',#152,#2846);
#2846 = DEFINITIONAL_REPRESENTATION('',(#2847),#2851);
#2847 = LINE('',#2848,#2849);
#2848 = CARTESIAN_POINT('',(-25.,-14.43375672974));
#2849 = VECTOR('',#2850,1.);
#2850 = DIRECTION('',(0.866025403784,-0.5));
#2851 = ( GEOMETRIC_REPRESENTATION_CONTEXT(2) 
PARAMETRIC_REPRESENTATION_CONTEXT() REPRESENTATION_CONTEXT('2D SPACE',''
  ) );
#2852 = PCURVE('',#2457,#2853);
#2853 = DEFINITIONAL_REPRESENTATION('',(#2854),#2858);
#2854 = LINE('',#2855,#2856);
#2855 = CARTESIAN_POINT('',(0.,-12.));
#2856 = VECTOR('',#2857,1.);
#2857 = DIRECTION('',(1.,0.));
#2858 = ( GEOMETRIC_REPRESENTATION_CONTEXT(2) 
PARAMETRIC_REPRESENTATION_CONTEXT() REPRESENTATION_CONTEXT('2D SPACE',''
  ) );
#2859 = ORIENTED_EDGE('',*,*,#135,.F.);
#2860 = ORIENTED_EDGE('',*,*,#2861,.T.);
#2861 = EDGE_CURVE('',#136,#2838,#2862,.T.);
#2862 = SURFACE_CURVE('',#2863,(#2867,#2874),.PCURVE_S1.);
#2863 = LINE('',#2864,#2865);
#2864 = CARTESIAN_POINT('',(-41.,-14.43375672974,-25.));
#2865 = VECTOR('',#2866,1.);
#2866 = DIRECTION('',(0.,1.,-6.153480596427E-16));
#2867 = PCURVE('',#152,#2868);
#2868 = DEFINITIONAL_REPRESENTATION('',(#2869),#2873);
#2869 = LINE('',#2870,#2871);
#2870 = CARTESIAN_POINT('',(-25.,14.433756729741));
#2871 = VECTOR('',#2872,1.);
#2872 = DIRECTION('',(-6.153480596427E-16,-1.));
#2873 = ( GEOMETRIC_REPRESENTATION_CONTEXT(2) 
PARAMETRIC_REPRESENTATION_CONTEXT() REPRESENTATION_CONTEXT('2D SPACE',''
  ) );
#2874 = PCURVE('',#2775,#2875);
#2875 = DEFINITIONAL_REPRESENTATION('',(#2876),#2880);
#2876 = LINE('',#2877,#2878);
#2877 = CARTESIAN_POINT('',(0.,-12.));
#2878 = VECTOR('',#2879,1.);
#2879 = DIRECTION('',(1.,0.));
#2880 = ( GEOMETRIC_REPRESENTATION_CONTEXT(2) 
PARAMETRIC_REPRESENTATION_CONTEXT() REPRESENTATION_CONTEXT('2D SPACE',''
  ) );
#2881 = ADVANCED_FACE('',(#2882),#123,.F.);
#2882 = FACE_BOUND('',#2883,.F.);
#2883 = EDGE_LOOP('',(#2884,#2885));
#2884 = ORIENTED_EDGE('',*,*,#106,.T.);
#2885 = ORIENTED_EDGE('',*,*,#2886,.F.);
#2886 = EDGE_CURVE('',#107,#78,#2887,.T.);
#2887 = SURFACE_CURVE('',#2888,(#2892,#2899),.PCURVE_S1.);
#2888 = LINE('',#2889,#2890);
#2889 = CARTESIAN_POINT('',(-41.,14.433756729741,-25.));
#2890 = VECTOR('',#2891,1.);
#2891 = DIRECTION('',(0.,0.5,0.866025403784));
#2892 = PCURVE('',#123,#2893);
#2893 = DEFINITIONAL_REPRESENTATION('',(#2894),#2898);
#2894 = LINE('',#2895,#2896);
#2895 = CARTESIAN_POINT('',(-25.,-14.43375672974));
#2896 = VECTOR('',#2897,1.);
#2897 = DIRECTION('',(0.866025403784,-0.5));
#2898 = ( GEOMETRIC_REPRESENTATION_CONTEXT(2) 
PARAMETRIC_REPRESENTATION_CONTEXT() REPRESENTATION_CONTEXT('2D SPACE',''
  ) );
#2899 = PCURVE('',#2457,#2900);
#2900 = DEFINITIONAL_REPRESENTATION('',(#2901),#2905);
#2901 = LINE('',#2902,#2903);
#2902 = CARTESIAN_POINT('',(0.,-12.));
#2903 = VECTOR('',#2904,1.);
#2904 = DIRECTION('',(1.,0.));
#2905 = ( GEOMETRIC_REPRESENTATION_CONTEXT(2) 
PARAMETRIC_REPRESENTATION_CONTEXT() REPRESENTATION_CONTEXT('2D SPACE',''
  ) );
#2906 = ADVANCED_FACE('',(#2907),#1482,.T.);
#2907 = FACE_BOUND('',#2908,.F.);
#2908 = EDGE_LOOP('',(#2909,#2910,#2933,#2960));
#2909 = ORIENTED_EDGE('',*,*,#1132,.F.);
#2910 = ORIENTED_EDGE('',*,*,#2911,.T.);
#2911 = EDGE_CURVE('',#1133,#2912,#2914,.T.);
#2912 = VERTEX_POINT('',#2913);
#2913 = CARTESIAN_POINT('',(15.,0.,38.));
#2914 = SEAM_CURVE('',#2915,(#2919,#2926),.PCURVE_S1.);
#2915 = LINE('',#2916,#2917);
#2916 = CARTESIAN_POINT('',(15.,0.,21.));
#2917 = VECTOR('',#2918,1.);
#2918 = DIRECTION('',(0.,0.,1.));
#2919 = PCURVE('',#1482,#2920);
#2920 = DEFINITIONAL_REPRESENTATION('',(#2921),#2925);
#2921 = LINE('',#2922,#2923);
#2922 = CARTESIAN_POINT('',(-6.28318530718,0.));
#2923 = VECTOR('',#2924,1.);
#2924 = DIRECTION('',(-0.,-1.));
#2925 = ( GEOMETRIC_REPRESENTATION_CONTEXT(2) 
PARAMETRIC_REPRESENTATION_CONTEXT() REPRESENTATION_CONTEXT('2D SPACE',''
  ) );
#2926 = PCURVE('',#1482,#2927);
#2927 = DEFINITIONAL_REPRESENTATION('',(#2928),#2932);
#2928 = LINE('',#2929,#2930);
#2929 = CARTESIAN_POINT('',(-0.,0.));
#2930 = VECTOR('',#2931,1.);
#2931 = DIRECTION('',(-0.,-1.));
#2932 = ( GEOMETRIC_REPRESENTATION_CONTEXT(2) 
PARAMETRIC_REPRESENTATION_CONTEXT() REPRESENTATION_CONTEXT('2D SPACE',''
  ) );
#2933 = ORIENTED_EDGE('',*,*,#2934,.T.);
#2934 = EDGE_CURVE('',#2912,#2912,#2935,.T.);
#2935 = SURFACE_CURVE('',#2936,(#2941,#2948),.PCURVE_S1.);
#2936 = CIRCLE('',#2937,15.);
#2937 = AXIS2_PLACEMENT_3D('',#2938,#2939,#2940);
#2938 = CARTESIAN_POINT('',(0.,0.,38.));
#2939 = DIRECTION('',(0.,0.,1.));
#2940 = DIRECTION('',(1.,0.,0.));
#2941 = PCURVE('',#1482,#2942);
#2942 = DEFINITIONAL_REPRESENTATION('',(#2943),#2947);
#2943 = LINE('',#2944,#2945);
#2944 = CARTESIAN_POINT('',(-0.,-17.));
#2945 = VECTOR('',#2946,1.);
#2946 = DIRECTION('',(-1.,0.));
#2947 = ( GEOMETRIC_REPRESENTATION_CONTEXT(2) 
PARAMETRIC_REPRESENTATION_CONTEXT() REPRESENTATION_CONTEXT('2D SPACE',''
  ) );
#2948 = PCURVE('',#2949,#2954);
#2949 = PLANE('',#2950);
#2950 = AXIS2_PLACEMENT_3D('',#2951,#2952,#2953);
#2951 = CARTESIAN_POINT('',(-7.29301404021E-16,1.169780044473E-16,38.));
#2952 = DIRECTION('',(0.,0.,1.));
#2953 = DIRECTION('',(1.,0.,-0.));
#2954 = DEFINITIONAL_REPRESENTATION('',(#2955),#2959);
#2955 = CIRCLE('',#2956,15.);
#2956 = AXIS2_PLACEMENT_2D('',#2957,#2958);
#2957 = CARTESIAN_POINT('',(7.29301404021E-16,-1.169780044473E-16));
#2958 = DIRECTION('',(1.,0.));
#2959 = ( GEOMETRIC_REPRESENTATION_CONTEXT(2) 
PARAMETRIC_REPRESENTATION_CONTEXT() REPRESENTATION_CONTEXT('2D SPACE',''
  ) );
#2960 = ORIENTED_EDGE('',*,*,#2911,.F.);
#2961 = ADVANCED_FACE('',(#2962),#1949,.F.);
#2962 = FACE_BOUND('',#2963,.F.);
#2963 = EDGE_LOOP('',(#2964,#2987,#3015,#3036,#3037,#3038));
#2964 = ORIENTED_EDGE('',*,*,#2965,.T.);
#2965 = EDGE_CURVE('',#2018,#2966,#2968,.T.);
#2966 = VERTEX_POINT('',#2967);
#2967 = CARTESIAN_POINT('',(53.,14.433756729741,-25.));
#2968 = SURFACE_CURVE('',#2969,(#2973,#2980),.PCURVE_S1.);
#2969 = LINE('',#2970,#2971);
#2970 = CARTESIAN_POINT('',(41.,14.433756729741,-25.));
#2971 = VECTOR('',#2972,1.);
#2972 = DIRECTION('',(1.,0.,0.));
#2973 = PCURVE('',#1949,#2974);
#2974 = DEFINITIONAL_REPRESENTATION('',(#2975),#2979);
#2975 = LINE('',#2976,#2977);
#2976 = CARTESIAN_POINT('',(0.,0.));
#2977 = VECTOR('',#2978,1.);
#2978 = DIRECTION('',(0.,-1.));
#2979 = ( GEOMETRIC_REPRESENTATION_CONTEXT(2) 
PARAMETRIC_REPRESENTATION_CONTEXT() REPRESENTATION_CONTEXT('2D SPACE',''
  ) );
#2980 = PCURVE('',#2055,#2981);
#2981 = DEFINITIONAL_REPRESENTATION('',(#2982),#2986);
#2982 = LINE('',#2983,#2984);
#2983 = CARTESIAN_POINT('',(28.867513459481,0.));
#2984 = VECTOR('',#2985,1.);
#2985 = DIRECTION('',(0.,-1.));
#2986 = ( GEOMETRIC_REPRESENTATION_CONTEXT(2) 
PARAMETRIC_REPRESENTATION_CONTEXT() REPRESENTATION_CONTEXT('2D SPACE',''
  ) );
#2987 = ORIENTED_EDGE('',*,*,#2988,.T.);
#2988 = EDGE_CURVE('',#2966,#2989,#2991,.T.);
#2989 = VERTEX_POINT('',#2990);
#2990 = CARTESIAN_POINT('',(53.,28.867513459481,0.));
#2991 = SURFACE_CURVE('',#2992,(#2996,#3003),.PCURVE_S1.);
#2992 = LINE('',#2993,#2994);
#2993 = CARTESIAN_POINT('',(53.,14.433756729741,-25.));
#2994 = VECTOR('',#2995,1.);
#2995 = DIRECTION('',(0.,0.5,0.866025403784));
#2996 = PCURVE('',#1949,#2997);
#2997 = DEFINITIONAL_REPRESENTATION('',(#2998),#3002);
#2998 = LINE('',#2999,#3000);
#2999 = CARTESIAN_POINT('',(0.,-12.));
#3000 = VECTOR('',#3001,1.);
#3001 = DIRECTION('',(1.,0.));
#3002 = ( GEOMETRIC_REPRESENTATION_CONTEXT(2) 
PARAMETRIC_REPRESENTATION_CONTEXT() REPRESENTATION_CONTEXT('2D SPACE',''
  ) );
#3003 = PCURVE('',#3004,#3009);
#3004 = PLANE('',#3005);
#3005 = AXIS2_PLACEMENT_3D('',#3006,#3007,#3008);
#3006 = CARTESIAN_POINT('',(53.,-1.640928159047E-15,-9.845568954284E-16)
  );
#3007 = DIRECTION('',(1.,0.,0.));
#3008 = DIRECTION('',(-0.,0.,1.));
#3009 = DEFINITIONAL_REPRESENTATION('',(#3010),#3014);
#3010 = LINE('',#3011,#3012);
#3011 = CARTESIAN_POINT('',(-25.,-14.43375672974));
#3012 = VECTOR('',#3013,1.);
#3013 = DIRECTION('',(0.866025403784,-0.5));
#3014 = ( GEOMETRIC_REPRESENTATION_CONTEXT(2) 
PARAMETRIC_REPRESENTATION_CONTEXT() REPRESENTATION_CONTEXT('2D SPACE',''
  ) );
#3015 = ORIENTED_EDGE('',*,*,#3016,.F.);
#3016 = EDGE_CURVE('',#1934,#2989,#3017,.T.);
#3017 = SURFACE_CURVE('',#3018,(#3022,#3029),.PCURVE_S1.);
#3018 = LINE('',#3019,#3020);
#3019 = CARTESIAN_POINT('',(41.,28.867513459481,0.));
#3020 = VECTOR('',#3021,1.);
#3021 = DIRECTION('',(1.,0.,0.));
#3022 = PCURVE('',#1949,#3023);
#3023 = DEFINITIONAL_REPRESENTATION('',(#3024),#3028);
#3024 = LINE('',#3025,#3026);
#3025 = CARTESIAN_POINT('',(28.867513459481,0.));
#3026 = VECTOR('',#3027,1.);
#3027 = DIRECTION('',(0.,-1.));
#3028 = ( GEOMETRIC_REPRESENTATION_CONTEXT(2) 
PARAMETRIC_REPRESENTATION_CONTEXT() REPRESENTATION_CONTEXT('2D SPACE',''
  ) );
#3029 = PCURVE('',#1975,#3030);
#3030 = DEFINITIONAL_REPRESENTATION('',(#3031),#3035);
#3031 = LINE('',#3032,#3033);
#3032 = CARTESIAN_POINT('',(0.,0.));
#3033 = VECTOR('',#3034,1.);
#3034 = DIRECTION('',(0.,-1.));
#3035 = ( GEOMETRIC_REPRESENTATION_CONTEXT(2) 
PARAMETRIC_REPRESENTATION_CONTEXT() REPRESENTATION_CONTEXT('2D SPACE',''
  ) );
#3036 = ORIENTED_EDGE('',*,*,#1933,.F.);
#3037 = ORIENTED_EDGE('',*,*,#1993,.F.);
#3038 = ORIENTED_EDGE('',*,*,#2017,.F.);
#3039 = ADVANCED_FACE('',(#3040),#1975,.F.);
#3040 = FACE_BOUND('',#3041,.F.);
#3041 = EDGE_LOOP('',(#3042,#3043,#3066,#3087,#3088,#3089));
#3042 = ORIENTED_EDGE('',*,*,#3016,.T.);
#3043 = ORIENTED_EDGE('',*,*,#3044,.T.);
#3044 = EDGE_CURVE('',#2989,#3045,#3047,.T.);
#3045 = VERTEX_POINT('',#3046);
#3046 = CARTESIAN_POINT('',(53.,14.433756729741,25.));
#3047 = SURFACE_CURVE('',#3048,(#3052,#3059),.PCURVE_S1.);
#3048 = LINE('',#3049,#3050);
#3049 = CARTESIAN_POINT('',(53.,28.867513459481,0.));
#3050 = VECTOR('',#3051,1.);
#3051 = DIRECTION('',(0.,-0.5,0.866025403784));
#3052 = PCURVE('',#1975,#3053);
#3053 = DEFINITIONAL_REPRESENTATION('',(#3054),#3058);
#3054 = LINE('',#3055,#3056);
#3055 = CARTESIAN_POINT('',(0.,-12.));
#3056 = VECTOR('',#3057,1.);
#3057 = DIRECTION('',(1.,0.));
#3058 = ( GEOMETRIC_REPRESENTATION_CONTEXT(2) 
PARAMETRIC_REPRESENTATION_CONTEXT() REPRESENTATION_CONTEXT('2D SPACE',''
  ) );
#3059 = PCURVE('',#3004,#3060);
#3060 = DEFINITIONAL_REPRESENTATION('',(#3061),#3065);
#3061 = LINE('',#3062,#3063);
#3062 = CARTESIAN_POINT('',(9.845568954284E-16,-28.86751345948));
#3063 = VECTOR('',#3064,1.);
#3064 = DIRECTION('',(0.866025403784,0.5));
#3065 = ( GEOMETRIC_REPRESENTATION_CONTEXT(2) 
PARAMETRIC_REPRESENTATION_CONTEXT() REPRESENTATION_CONTEXT('2D SPACE',''
  ) );
#3066 = ORIENTED_EDGE('',*,*,#3067,.F.);
#3067 = EDGE_CURVE('',#2331,#3045,#3068,.T.);
#3068 = SURFACE_CURVE('',#3069,(#3073,#3080),.PCURVE_S1.);
#3069 = LINE('',#3070,#3071);
#3070 = CARTESIAN_POINT('',(41.,14.433756729741,25.));
#3071 = VECTOR('',#3072,1.);
#3072 = DIRECTION('',(1.,0.,0.));
#3073 = PCURVE('',#1975,#3074);
#3074 = DEFINITIONAL_REPRESENTATION('',(#3075),#3079);
#3075 = LINE('',#3076,#3077);
#3076 = CARTESIAN_POINT('',(28.867513459481,0.));
#3077 = VECTOR('',#3078,1.);
#3078 = DIRECTION('',(0.,-1.));
#3079 = ( GEOMETRIC_REPRESENTATION_CONTEXT(2) 
PARAMETRIC_REPRESENTATION_CONTEXT() REPRESENTATION_CONTEXT('2D SPACE',''
  ) );
#3080 = PCURVE('',#2268,#3081);
#3081 = DEFINITIONAL_REPRESENTATION('',(#3082),#3086);
#3082 = LINE('',#3083,#3084);
#3083 = CARTESIAN_POINT('',(0.,0.));
#3084 = VECTOR('',#3085,1.);
#3085 = DIRECTION('',(0.,-1.));
#3086 = ( GEOMETRIC_REPRESENTATION_CONTEXT(2) 
PARAMETRIC_REPRESENTATION_CONTEXT() REPRESENTATION_CONTEXT('2D SPACE',''
  ) );
#3087 = ORIENTED_EDGE('',*,*,#2330,.F.);
#3088 = ORIENTED_EDGE('',*,*,#2377,.F.);
#3089 = ORIENTED_EDGE('',*,*,#1961,.F.);
#3090 = ADVANCED_FACE('',(#3091),#2055,.F.);
#3091 = FACE_BOUND('',#3092,.F.);
#3092 = EDGE_LOOP('',(#3093,#3116,#3137,#3138,#3139,#3140));
#3093 = ORIENTED_EDGE('',*,*,#3094,.T.);
#3094 = EDGE_CURVE('',#2096,#3095,#3097,.T.);
#3095 = VERTEX_POINT('',#3096);
#3096 = CARTESIAN_POINT('',(53.,-14.43375672974,-25.));
#3097 = SURFACE_CURVE('',#3098,(#3102,#3109),.PCURVE_S1.);
#3098 = LINE('',#3099,#3100);
#3099 = CARTESIAN_POINT('',(41.,-14.43375672974,-25.));
#3100 = VECTOR('',#3101,1.);
#3101 = DIRECTION('',(1.,0.,0.));
#3102 = PCURVE('',#2055,#3103);
#3103 = DEFINITIONAL_REPRESENTATION('',(#3104),#3108);
#3104 = LINE('',#3105,#3106);
#3105 = CARTESIAN_POINT('',(0.,0.));
#3106 = VECTOR('',#3107,1.);
#3107 = DIRECTION('',(0.,-1.));
#3108 = ( GEOMETRIC_REPRESENTATION_CONTEXT(2) 
PARAMETRIC_REPRESENTATION_CONTEXT() REPRESENTATION_CONTEXT('2D SPACE',''
  ) );
#3109 = PCURVE('',#2133,#3110);
#3110 = DEFINITIONAL_REPRESENTATION('',(#3111),#3115);
#3111 = LINE('',#3112,#3113);
#3112 = CARTESIAN_POINT('',(28.867513459481,0.));
#3113 = VECTOR('',#3114,1.);
#3114 = DIRECTION('',(0.,-1.));
#3115 = ( GEOMETRIC_REPRESENTATION_CONTEXT(2) 
PARAMETRIC_REPRESENTATION_CONTEXT() REPRESENTATION_CONTEXT('2D SPACE',''
  ) );
#3116 = ORIENTED_EDGE('',*,*,#3117,.T.);
#3117 = EDGE_CURVE('',#3095,#2966,#3118,.T.);
#3118 = SURFACE_CURVE('',#3119,(#3123,#3130),.PCURVE_S1.);
#3119 = LINE('',#3120,#3121);
#3120 = CARTESIAN_POINT('',(53.,-14.43375672974,-25.));
#3121 = VECTOR('',#3122,1.);
#3122 = DIRECTION('',(0.,1.,-6.153480596427E-16));
#3123 = PCURVE('',#2055,#3124);
#3124 = DEFINITIONAL_REPRESENTATION('',(#3125),#3129);
#3125 = LINE('',#3126,#3127);
#3126 = CARTESIAN_POINT('',(0.,-12.));
#3127 = VECTOR('',#3128,1.);
#3128 = DIRECTION('',(1.,0.));
#3129 = ( GEOMETRIC_REPRESENTATION_CONTEXT(2) 
PARAMETRIC_REPRESENTATION_CONTEXT() REPRESENTATION_CONTEXT('2D SPACE',''
  ) );
#3130 = PCURVE('',#3004,#3131);
#3131 = DEFINITIONAL_REPRESENTATION('',(#3132),#3136);
#3132 = LINE('',#3133,#3134);
#3133 = CARTESIAN_POINT('',(-25.,14.433756729741));
#3134 = VECTOR('',#3135,1.);
#3135 = DIRECTION('',(-6.153480596427E-16,-1.));
#3136 = ( GEOMETRIC_REPRESENTATION_CONTEXT(2) 
PARAMETRIC_REPRESENTATION_CONTEXT() REPRESENTATION_CONTEXT('2D SPACE',''
  ) );
#3137 = ORIENTED_EDGE('',*,*,#2965,.F.);
#3138 = ORIENTED_EDGE('',*,*,#2041,.F.);
#3139 = ORIENTED_EDGE('',*,*,#2071,.F.);
#3140 = ORIENTED_EDGE('',*,*,#2095,.F.);
#3141 = ADVANCED_FACE('',(#3142),#2133,.F.);
#3142 = FACE_BOUND('',#3143,.F.);
#3143 = EDGE_LOOP('',(#3144,#3167,#3188,#3189,#3190,#3191));
#3144 = ORIENTED_EDGE('',*,*,#3145,.T.);
#3145 = EDGE_CURVE('',#2175,#3146,#3148,.T.);
#3146 = VERTEX_POINT('',#3147);
#3147 = CARTESIAN_POINT('',(53.,-28.86751345948,3.53525079575E-15));
#3148 = SURFACE_CURVE('',#3149,(#3153,#3160),.PCURVE_S1.);
#3149 = LINE('',#3150,#3151);
#3150 = CARTESIAN_POINT('',(41.,-28.86751345948,3.53525079575E-15));
#3151 = VECTOR('',#3152,1.);
#3152 = DIRECTION('',(1.,0.,0.));
#3153 = PCURVE('',#2133,#3154);
#3154 = DEFINITIONAL_REPRESENTATION('',(#3155),#3159);
#3155 = LINE('',#3156,#3157);
#3156 = CARTESIAN_POINT('',(0.,0.));
#3157 = VECTOR('',#3158,1.);
#3158 = DIRECTION('',(0.,-1.));
#3159 = ( GEOMETRIC_REPRESENTATION_CONTEXT(2) 
PARAMETRIC_REPRESENTATION_CONTEXT() REPRESENTATION_CONTEXT('2D SPACE',''
  ) );
#3160 = PCURVE('',#2190,#3161);
#3161 = DEFINITIONAL_REPRESENTATION('',(#3162),#3166);
#3162 = LINE('',#3163,#3164);
#3163 = CARTESIAN_POINT('',(28.867513459481,0.));
#3164 = VECTOR('',#3165,1.);
#3165 = DIRECTION('',(0.,-1.));
#3166 = ( GEOMETRIC_REPRESENTATION_CONTEXT(2) 
PARAMETRIC_REPRESENTATION_CONTEXT() REPRESENTATION_CONTEXT('2D SPACE',''
  ) );
#3167 = ORIENTED_EDGE('',*,*,#3168,.T.);
#3168 = EDGE_CURVE('',#3146,#3095,#3169,.T.);
#3169 = SURFACE_CURVE('',#3170,(#3174,#3181),.PCURVE_S1.);
#3170 = LINE('',#3171,#3172);
#3171 = CARTESIAN_POINT('',(53.,-28.86751345948,3.53525079575E-15));
#3172 = VECTOR('',#3173,1.);
#3173 = DIRECTION('',(0.,0.5,-0.866025403784));
#3174 = PCURVE('',#2133,#3175);
#3175 = DEFINITIONAL_REPRESENTATION('',(#3176),#3180);
#3176 = LINE('',#3177,#3178);
#3177 = CARTESIAN_POINT('',(0.,-12.));
#3178 = VECTOR('',#3179,1.);
#3179 = DIRECTION('',(1.,0.));
#3180 = ( GEOMETRIC_REPRESENTATION_CONTEXT(2) 
PARAMETRIC_REPRESENTATION_CONTEXT() REPRESENTATION_CONTEXT('2D SPACE',''
  ) );
#3181 = PCURVE('',#3004,#3182);
#3182 = DEFINITIONAL_REPRESENTATION('',(#3183),#3187);
#3183 = LINE('',#3184,#3185);
#3184 = CARTESIAN_POINT('',(4.519807691178E-15,28.867513459481));
#3185 = VECTOR('',#3186,1.);
#3186 = DIRECTION('',(-0.866025403784,-0.5));
#3187 = ( GEOMETRIC_REPRESENTATION_CONTEXT(2) 
PARAMETRIC_REPRESENTATION_CONTEXT() REPRESENTATION_CONTEXT('2D SPACE',''
  ) );
#3188 = ORIENTED_EDGE('',*,*,#3094,.F.);
#3189 = ORIENTED_EDGE('',*,*,#2119,.F.);
#3190 = ORIENTED_EDGE('',*,*,#2149,.F.);
#3191 = ORIENTED_EDGE('',*,*,#2202,.F.);
#3192 = ADVANCED_FACE('',(#3193),#2190,.F.);
#3193 = FACE_BOUND('',#3194,.F.);
#3194 = EDGE_LOOP('',(#3195,#3218,#3239,#3240,#3241,#3242));
#3195 = ORIENTED_EDGE('',*,*,#3196,.T.);
#3196 = EDGE_CURVE('',#2253,#3197,#3199,.T.);
#3197 = VERTEX_POINT('',#3198);
#3198 = CARTESIAN_POINT('',(53.,-14.43375672974,25.));
#3199 = SURFACE_CURVE('',#3200,(#3204,#3211),.PCURVE_S1.);
#3200 = LINE('',#3201,#3202);
#3201 = CARTESIAN_POINT('',(41.,-14.43375672974,25.));
#3202 = VECTOR('',#3203,1.);
#3203 = DIRECTION('',(1.,0.,0.));
#3204 = PCURVE('',#2190,#3205);
#3205 = DEFINITIONAL_REPRESENTATION('',(#3206),#3210);
#3206 = LINE('',#3207,#3208);
#3207 = CARTESIAN_POINT('',(0.,0.));
#3208 = VECTOR('',#3209,1.);
#3209 = DIRECTION('',(0.,-1.));
#3210 = ( GEOMETRIC_REPRESENTATION_CONTEXT(2) 
PARAMETRIC_REPRESENTATION_CONTEXT() REPRESENTATION_CONTEXT('2D SPACE',''
  ) );
#3211 = PCURVE('',#2268,#3212);
#3212 = DEFINITIONAL_REPRESENTATION('',(#3213),#3217);
#3213 = LINE('',#3214,#3215);
#3214 = CARTESIAN_POINT('',(28.867513459481,0.));
#3215 = VECTOR('',#3216,1.);
#3216 = DIRECTION('',(0.,-1.));
#3217 = ( GEOMETRIC_REPRESENTATION_CONTEXT(2) 
PARAMETRIC_REPRESENTATION_CONTEXT() REPRESENTATION_CONTEXT('2D SPACE',''
  ) );
#3218 = ORIENTED_EDGE('',*,*,#3219,.T.);
#3219 = EDGE_CURVE('',#3197,#3146,#3220,.T.);
#3220 = SURFACE_CURVE('',#3221,(#3225,#3232),.PCURVE_S1.);
#3221 = LINE('',#3222,#3223);
#3222 = CARTESIAN_POINT('',(53.,-14.43375672974,25.));
#3223 = VECTOR('',#3224,1.);
#3224 = DIRECTION('',(0.,-0.5,-0.866025403784));
#3225 = PCURVE('',#2190,#3226);
#3226 = DEFINITIONAL_REPRESENTATION('',(#3227),#3231);
#3227 = LINE('',#3228,#3229);
#3228 = CARTESIAN_POINT('',(0.,-12.));
#3229 = VECTOR('',#3230,1.);
#3230 = DIRECTION('',(1.,0.));
#3231 = ( GEOMETRIC_REPRESENTATION_CONTEXT(2) 
PARAMETRIC_REPRESENTATION_CONTEXT() REPRESENTATION_CONTEXT('2D SPACE',''
  ) );
#3232 = PCURVE('',#3004,#3233);
#3233 = DEFINITIONAL_REPRESENTATION('',(#3234),#3238);
#3234 = LINE('',#3235,#3236);
#3235 = CARTESIAN_POINT('',(25.,14.433756729741));
#3236 = VECTOR('',#3237,1.);
#3237 = DIRECTION('',(-0.866025403784,0.5));
#3238 = ( GEOMETRIC_REPRESENTATION_CONTEXT(2) 
PARAMETRIC_REPRESENTATION_CONTEXT() REPRESENTATION_CONTEXT('2D SPACE',''
  ) );
#3239 = ORIENTED_EDGE('',*,*,#3145,.F.);
#3240 = ORIENTED_EDGE('',*,*,#2174,.F.);
#3241 = ORIENTED_EDGE('',*,*,#2226,.F.);
#3242 = ORIENTED_EDGE('',*,*,#2280,.F.);
#3243 = ADVANCED_FACE('',(#3244),#2268,.F.);
#3244 = FACE_BOUND('',#3245,.F.);
#3245 = EDGE_LOOP('',(#3246,#3247,#3268,#3269,#3270,#3271));
#3246 = ORIENTED_EDGE('',*,*,#3067,.T.);
#3247 = ORIENTED_EDGE('',*,*,#3248,.T.);
#3248 = EDGE_CURVE('',#3045,#3197,#3249,.T.);
#3249 = SURFACE_CURVE('',#3250,(#3254,#3261),.PCURVE_S1.);
#3250 = LINE('',#3251,#3252);
#3251 = CARTESIAN_POINT('',(53.,14.433756729741,25.));
#3252 = VECTOR('',#3253,1.);
#3253 = DIRECTION('',(0.,-1.,1.230696119285E-16));
#3254 = PCURVE('',#2268,#3255);
#3255 = DEFINITIONAL_REPRESENTATION('',(#3256),#3260);
#3256 = LINE('',#3257,#3258);
#3257 = CARTESIAN_POINT('',(0.,-12.));
#3258 = VECTOR('',#3259,1.);
#3259 = DIRECTION('',(1.,0.));
#3260 = ( GEOMETRIC_REPRESENTATION_CONTEXT(2) 
PARAMETRIC_REPRESENTATION_CONTEXT() REPRESENTATION_CONTEXT('2D SPACE',''
  ) );
#3261 = PCURVE('',#3004,#3262);
#3262 = DEFINITIONAL_REPRESENTATION('',(#3263),#3267);
#3263 = LINE('',#3264,#3265);
#3264 = CARTESIAN_POINT('',(25.,-14.43375672974));
#3265 = VECTOR('',#3266,1.);
#3266 = DIRECTION('',(1.230696119285E-16,1.));
#3267 = ( GEOMETRIC_REPRESENTATION_CONTEXT(2) 
PARAMETRIC_REPRESENTATION_CONTEXT() REPRESENTATION_CONTEXT('2D SPACE',''
  ) );
#3268 = ORIENTED_EDGE('',*,*,#3196,.F.);
#3269 = ORIENTED_EDGE('',*,*,#2252,.F.);
#3270 = ORIENTED_EDGE('',*,*,#2304,.F.);
#3271 = ORIENTED_EDGE('',*,*,#2353,.F.);
#3272 = ADVANCED_FACE('',(#3273),#2457,.F.);
#3273 = FACE_BOUND('',#3274,.F.);
#3274 = EDGE_LOOP('',(#3275,#3298,#3299,#3300,#3301,#3324));
#3275 = ORIENTED_EDGE('',*,*,#3276,.T.);
#3276 = EDGE_CURVE('',#3277,#2838,#3279,.T.);
#3277 = VERTEX_POINT('',#3278);
#3278 = CARTESIAN_POINT('',(-53.,14.433756729741,-25.));
#3279 = SURFACE_CURVE('',#3280,(#3284,#3291),.PCURVE_S1.);
#3280 = LINE('',#3281,#3282);
#3281 = CARTESIAN_POINT('',(-53.,14.433756729741,-25.));
#3282 = VECTOR('',#3283,1.);
#3283 = DIRECTION('',(1.,0.,0.));
#3284 = PCURVE('',#2457,#3285);
#3285 = DEFINITIONAL_REPRESENTATION('',(#3286),#3290);
#3286 = LINE('',#3287,#3288);
#3287 = CARTESIAN_POINT('',(0.,0.));
#3288 = VECTOR('',#3289,1.);
#3289 = DIRECTION('',(0.,-1.));
#3290 = ( GEOMETRIC_REPRESENTATION_CONTEXT(2) 
PARAMETRIC_REPRESENTATION_CONTEXT() REPRESENTATION_CONTEXT('2D SPACE',''
  ) );
#3291 = PCURVE('',#2775,#3292);
#3292 = DEFINITIONAL_REPRESENTATION('',(#3293),#3297);
#3293 = LINE('',#3294,#3295);
#3294 = CARTESIAN_POINT('',(28.867513459481,0.));
#3295 = VECTOR('',#3296,1.);
#3296 = DIRECTION('',(0.,-1.));
#3297 = ( GEOMETRIC_REPRESENTATION_CONTEXT(2) 
PARAMETRIC_REPRESENTATION_CONTEXT() REPRESENTATION_CONTEXT('2D SPACE',''
  ) );
#3298 = ORIENTED_EDGE('',*,*,#2837,.T.);
#3299 = ORIENTED_EDGE('',*,*,#2886,.T.);
#3300 = ORIENTED_EDGE('',*,*,#2441,.T.);
#3301 = ORIENTED_EDGE('',*,*,#3302,.F.);
#3302 = EDGE_CURVE('',#3303,#2442,#3305,.T.);
#3303 = VERTEX_POINT('',#3304);
#3304 = CARTESIAN_POINT('',(-53.,28.867513459481,0.));
#3305 = SURFACE_CURVE('',#3306,(#3310,#3317),.PCURVE_S1.);
#3306 = LINE('',#3307,#3308);
#3307 = CARTESIAN_POINT('',(-53.,28.867513459481,0.));
#3308 = VECTOR('',#3309,1.);
#3309 = DIRECTION('',(1.,0.,0.));
#3310 = PCURVE('',#2457,#3311);
#3311 = DEFINITIONAL_REPRESENTATION('',(#3312),#3316);
#3312 = LINE('',#3313,#3314);
#3313 = CARTESIAN_POINT('',(28.867513459481,0.));
#3314 = VECTOR('',#3315,1.);
#3315 = DIRECTION('',(0.,-1.));
#3316 = ( GEOMETRIC_REPRESENTATION_CONTEXT(2) 
PARAMETRIC_REPRESENTATION_CONTEXT() REPRESENTATION_CONTEXT('2D SPACE',''
  ) );
#3317 = PCURVE('',#2483,#3318);
#3318 = DEFINITIONAL_REPRESENTATION('',(#3319),#3323);
#3319 = LINE('',#3320,#3321);
#3320 = CARTESIAN_POINT('',(0.,0.));
#3321 = VECTOR('',#3322,1.);
#3322 = DIRECTION('',(0.,-1.));
#3323 = ( GEOMETRIC_REPRESENTATION_CONTEXT(2) 
PARAMETRIC_REPRESENTATION_CONTEXT() REPRESENTATION_CONTEXT('2D SPACE',''
  ) );
#3324 = ORIENTED_EDGE('',*,*,#3325,.F.);
#3325 = EDGE_CURVE('',#3277,#3303,#3326,.T.);
#3326 = SURFACE_CURVE('',#3327,(#3331,#3338),.PCURVE_S1.);
#3327 = LINE('',#3328,#3329);
#3328 = CARTESIAN_POINT('',(-53.,14.433756729741,-25.));
#3329 = VECTOR('',#3330,1.);
#3330 = DIRECTION('',(0.,0.5,0.866025403784));
#3331 = PCURVE('',#2457,#3332);
#3332 = DEFINITIONAL_REPRESENTATION('',(#3333),#3337);
#3333 = LINE('',#3334,#3335);
#3334 = CARTESIAN_POINT('',(0.,0.));
#3335 = VECTOR('',#3336,1.);
#3336 = DIRECTION('',(1.,0.));
#3337 = ( GEOMETRIC_REPRESENTATION_CONTEXT(2) 
PARAMETRIC_REPRESENTATION_CONTEXT() REPRESENTATION_CONTEXT('2D SPACE',''
  ) );
#3338 = PCURVE('',#3339,#3344);
#3339 = PLANE('',#3340);
#3340 = AXIS2_PLACEMENT_3D('',#3341,#3342,#3343);
#3341 = CARTESIAN_POINT('',(-53.,-1.640928159047E-15,-9.845568954284E-16
    ));
#3342 = DIRECTION('',(1.,0.,0.));
#3343 = DIRECTION('',(-0.,0.,1.));
#3344 = DEFINITIONAL_REPRESENTATION('',(#3345),#3349);
#3345 = LINE('',#3346,#3347);
#3346 = CARTESIAN_POINT('',(-25.,-14.43375672974));
#3347 = VECTOR('',#3348,1.);
#3348 = DIRECTION('',(0.866025403784,-0.5));
#3349 = ( GEOMETRIC_REPRESENTATION_CONTEXT(2) 
PARAMETRIC_REPRESENTATION_CONTEXT() REPRESENTATION_CONTEXT('2D SPACE',''
  ) );
#3350 = ADVANCED_FACE('',(#3351),#2483,.F.);
#3351 = FACE_BOUND('',#3352,.F.);
#3352 = EDGE_LOOP('',(#3353,#3354,#3355,#3356,#3357,#3380));
#3353 = ORIENTED_EDGE('',*,*,#3302,.T.);
#3354 = ORIENTED_EDGE('',*,*,#2469,.T.);
#3355 = ORIENTED_EDGE('',*,*,#2500,.T.);
#3356 = ORIENTED_EDGE('',*,*,#2526,.T.);
#3357 = ORIENTED_EDGE('',*,*,#3358,.F.);
#3358 = EDGE_CURVE('',#3359,#2527,#3361,.T.);
#3359 = VERTEX_POINT('',#3360);
#3360 = CARTESIAN_POINT('',(-53.,14.433756729741,25.));
#3361 = SURFACE_CURVE('',#3362,(#3366,#3373),.PCURVE_S1.);
#3362 = LINE('',#3363,#3364);
#3363 = CARTESIAN_POINT('',(-53.,14.433756729741,25.));
#3364 = VECTOR('',#3365,1.);
#3365 = DIRECTION('',(1.,0.,0.));
#3366 = PCURVE('',#2483,#3367);
#3367 = DEFINITIONAL_REPRESENTATION('',(#3368),#3372);
#3368 = LINE('',#3369,#3370);
#3369 = CARTESIAN_POINT('',(28.867513459481,0.));
#3370 = VECTOR('',#3371,1.);
#3371 = DIRECTION('',(0.,-1.));
#3372 = ( GEOMETRIC_REPRESENTATION_CONTEXT(2) 
PARAMETRIC_REPRESENTATION_CONTEXT() REPRESENTATION_CONTEXT('2D SPACE',''
  ) );
#3373 = PCURVE('',#2563,#3374);
#3374 = DEFINITIONAL_REPRESENTATION('',(#3375),#3379);
#3375 = LINE('',#3376,#3377);
#3376 = CARTESIAN_POINT('',(0.,0.));
#3377 = VECTOR('',#3378,1.);
#3378 = DIRECTION('',(0.,-1.));
#3379 = ( GEOMETRIC_REPRESENTATION_CONTEXT(2) 
PARAMETRIC_REPRESENTATION_CONTEXT() REPRESENTATION_CONTEXT('2D SPACE',''
  ) );
#3380 = ORIENTED_EDGE('',*,*,#3381,.F.);
#3381 = EDGE_CURVE('',#3303,#3359,#3382,.T.);
#3382 = SURFACE_CURVE('',#3383,(#3387,#3394),.PCURVE_S1.);
#3383 = LINE('',#3384,#3385);
#3384 = CARTESIAN_POINT('',(-53.,28.867513459481,0.));
#3385 = VECTOR('',#3386,1.);
#3386 = DIRECTION('',(0.,-0.5,0.866025403784));
#3387 = PCURVE('',#2483,#3388);
#3388 = DEFINITIONAL_REPRESENTATION('',(#3389),#3393);
#3389 = LINE('',#3390,#3391);
#3390 = CARTESIAN_POINT('',(0.,0.));
#3391 = VECTOR('',#3392,1.);
#3392 = DIRECTION('',(1.,0.));
#3393 = ( GEOMETRIC_REPRESENTATION_CONTEXT(2) 
PARAMETRIC_REPRESENTATION_CONTEXT() REPRESENTATION_CONTEXT('2D SPACE',''
  ) );
#3394 = PCURVE('',#3339,#3395);
#3395 = DEFINITIONAL_REPRESENTATION('',(#3396),#3400);
#3396 = LINE('',#3397,#3398);
#3397 = CARTESIAN_POINT('',(9.845568954284E-16,-28.86751345948));
#3398 = VECTOR('',#3399,1.);
#3399 = DIRECTION('',(0.866025403784,0.5));
#3400 = ( GEOMETRIC_REPRESENTATION_CONTEXT(2) 
PARAMETRIC_REPRESENTATION_CONTEXT() REPRESENTATION_CONTEXT('2D SPACE',''
  ) );
#3401 = ADVANCED_FACE('',(#3402),#2563,.F.);
#3402 = FACE_BOUND('',#3403,.F.);
#3403 = EDGE_LOOP('',(#3404,#3405,#3406,#3407,#3408,#3431));
#3404 = ORIENTED_EDGE('',*,*,#3358,.T.);
#3405 = ORIENTED_EDGE('',*,*,#2549,.T.);
#3406 = ORIENTED_EDGE('',*,*,#2578,.T.);
#3407 = ORIENTED_EDGE('',*,*,#2604,.T.);
#3408 = ORIENTED_EDGE('',*,*,#3409,.F.);
#3409 = EDGE_CURVE('',#3410,#2605,#3412,.T.);
#3410 = VERTEX_POINT('',#3411);
#3411 = CARTESIAN_POINT('',(-53.,-14.43375672974,25.));
#3412 = SURFACE_CURVE('',#3413,(#3417,#3424),.PCURVE_S1.);
#3413 = LINE('',#3414,#3415);
#3414 = CARTESIAN_POINT('',(-53.,-14.43375672974,25.));
#3415 = VECTOR('',#3416,1.);
#3416 = DIRECTION('',(1.,0.,0.));
#3417 = PCURVE('',#2563,#3418);
#3418 = DEFINITIONAL_REPRESENTATION('',(#3419),#3423);
#3419 = LINE('',#3420,#3421);
#3420 = CARTESIAN_POINT('',(28.867513459481,0.));
#3421 = VECTOR('',#3422,1.);
#3422 = DIRECTION('',(0.,-1.));
#3423 = ( GEOMETRIC_REPRESENTATION_CONTEXT(2) 
PARAMETRIC_REPRESENTATION_CONTEXT() REPRESENTATION_CONTEXT('2D SPACE',''
  ) );
#3424 = PCURVE('',#2641,#3425);
#3425 = DEFINITIONAL_REPRESENTATION('',(#3426),#3430);
#3426 = LINE('',#3427,#3428);
#3427 = CARTESIAN_POINT('',(0.,0.));
#3428 = VECTOR('',#3429,1.);
#3429 = DIRECTION('',(0.,-1.));
#3430 = ( GEOMETRIC_REPRESENTATION_CONTEXT(2) 
PARAMETRIC_REPRESENTATION_CONTEXT() REPRESENTATION_CONTEXT('2D SPACE',''
  ) );
#3431 = ORIENTED_EDGE('',*,*,#3432,.F.);
#3432 = EDGE_CURVE('',#3359,#3410,#3433,.T.);
#3433 = SURFACE_CURVE('',#3434,(#3438,#3445),.PCURVE_S1.);
#3434 = LINE('',#3435,#3436);
#3435 = CARTESIAN_POINT('',(-53.,14.433756729741,25.));
#3436 = VECTOR('',#3437,1.);
#3437 = DIRECTION('',(0.,-1.,1.230696119285E-16));
#3438 = PCURVE('',#2563,#3439);
#3439 = DEFINITIONAL_REPRESENTATION('',(#3440),#3444);
#3440 = LINE('',#3441,#3442);
#3441 = CARTESIAN_POINT('',(0.,0.));
#3442 = VECTOR('',#3443,1.);
#3443 = DIRECTION('',(1.,0.));
#3444 = ( GEOMETRIC_REPRESENTATION_CONTEXT(2) 
PARAMETRIC_REPRESENTATION_CONTEXT() REPRESENTATION_CONTEXT('2D SPACE',''
  ) );
#3445 = PCURVE('',#3339,#3446);
#3446 = DEFINITIONAL_REPRESENTATION('',(#3447),#3451);
#3447 = LINE('',#3448,#3449);
#3448 = CARTESIAN_POINT('',(25.,-14.43375672974));
#3449 = VECTOR('',#3450,1.);
#3450 = DIRECTION('',(1.230696119285E-16,1.));
#3451 = ( GEOMETRIC_REPRESENTATION_CONTEXT(2) 
PARAMETRIC_REPRESENTATION_CONTEXT() REPRESENTATION_CONTEXT('2D SPACE',''
  ) );
#3452 = ADVANCED_FACE('',(#3453),#2641,.F.);
#3453 = FACE_BOUND('',#3454,.F.);
#3454 = EDGE_LOOP('',(#3455,#3456,#3457,#3458,#3459,#3482));
#3455 = ORIENTED_EDGE('',*,*,#3409,.T.);
#3456 = ORIENTED_EDGE('',*,*,#2627,.T.);
#3457 = ORIENTED_EDGE('',*,*,#2656,.T.);
#3458 = ORIENTED_EDGE('',*,*,#2682,.T.);
#3459 = ORIENTED_EDGE('',*,*,#3460,.F.);
#3460 = EDGE_CURVE('',#3461,#2683,#3463,.T.);
#3461 = VERTEX_POINT('',#3462);
#3462 = CARTESIAN_POINT('',(-53.,-28.86751345948,3.53525079575E-15));
#3463 = SURFACE_CURVE('',#3464,(#3468,#3475),.PCURVE_S1.);
#3464 = LINE('',#3465,#3466);
#3465 = CARTESIAN_POINT('',(-53.,-28.86751345948,3.53525079575E-15));
#3466 = VECTOR('',#3467,1.);
#3467 = DIRECTION('',(1.,0.,0.));
#3468 = PCURVE('',#2641,#3469);
#3469 = DEFINITIONAL_REPRESENTATION('',(#3470),#3474);
#3470 = LINE('',#3471,#3472);
#3471 = CARTESIAN_POINT('',(28.867513459481,0.));
#3472 = VECTOR('',#3473,1.);
#3473 = DIRECTION('',(0.,-1.));
#3474 = ( GEOMETRIC_REPRESENTATION_CONTEXT(2) 
PARAMETRIC_REPRESENTATION_CONTEXT() REPRESENTATION_CONTEXT('2D SPACE',''
  ) );
#3475 = PCURVE('',#2719,#3476);
#3476 = DEFINITIONAL_REPRESENTATION('',(#3477),#3481);
#3477 = LINE('',#3478,#3479);
#3478 = CARTESIAN_POINT('',(0.,0.));
#3479 = VECTOR('',#3480,1.);
#3480 = DIRECTION('',(0.,-1.));
#3481 = ( GEOMETRIC_REPRESENTATION_CONTEXT(2) 
PARAMETRIC_REPRESENTATION_CONTEXT() REPRESENTATION_CONTEXT('2D SPACE',''
  ) );
#3482 = ORIENTED_EDGE('',*,*,#3483,.F.);
#3483 = EDGE_CURVE('',#3410,#3461,#3484,.T.);
#3484 = SURFACE_CURVE('',#3485,(#3489,#3496),.PCURVE_S1.);
#3485 = LINE('',#3486,#3487);
#3486 = CARTESIAN_POINT('',(-53.,-14.43375672974,25.));
#3487 = VECTOR('',#3488,1.);
#3488 = DIRECTION('',(0.,-0.5,-0.866025403784));
#3489 = PCURVE('',#2641,#3490);
#3490 = DEFINITIONAL_REPRESENTATION('',(#3491),#3495);
#3491 = LINE('',#3492,#3493);
#3492 = CARTESIAN_POINT('',(0.,0.));
#3493 = VECTOR('',#3494,1.);
#3494 = DIRECTION('',(1.,0.));
#3495 = ( GEOMETRIC_REPRESENTATION_CONTEXT(2) 
PARAMETRIC_REPRESENTATION_CONTEXT() REPRESENTATION_CONTEXT('2D SPACE',''
  ) );
#3496 = PCURVE('',#3339,#3497);
#3497 = DEFINITIONAL_REPRESENTATION('',(#3498),#3502);
#3498 = LINE('',#3499,#3500);
#3499 = CARTESIAN_POINT('',(25.,14.433756729741));
#3500 = VECTOR('',#3501,1.);
#3501 = DIRECTION('',(-0.866025403784,0.5));
#3502 = ( GEOMETRIC_REPRESENTATION_CONTEXT(2) 
PARAMETRIC_REPRESENTATION_CONTEXT() REPRESENTATION_CONTEXT('2D SPACE',''
  ) );
#3503 = ADVANCED_FACE('',(#3504),#2719,.F.);
#3504 = FACE_BOUND('',#3505,.F.);
#3505 = EDGE_LOOP('',(#3506,#3507,#3508,#3509,#3510,#3533));
#3506 = ORIENTED_EDGE('',*,*,#3460,.T.);
#3507 = ORIENTED_EDGE('',*,*,#2705,.T.);
#3508 = ORIENTED_EDGE('',*,*,#2735,.T.);
#3509 = ORIENTED_EDGE('',*,*,#2788,.T.);
#3510 = ORIENTED_EDGE('',*,*,#3511,.F.);
#3511 = EDGE_CURVE('',#3512,#2760,#3514,.T.);
#3512 = VERTEX_POINT('',#3513);
#3513 = CARTESIAN_POINT('',(-53.,-14.43375672974,-25.));
#3514 = SURFACE_CURVE('',#3515,(#3519,#3526),.PCURVE_S1.);
#3515 = LINE('',#3516,#3517);
#3516 = CARTESIAN_POINT('',(-53.,-14.43375672974,-25.));
#3517 = VECTOR('',#3518,1.);
#3518 = DIRECTION('',(1.,0.,0.));
#3519 = PCURVE('',#2719,#3520);
#3520 = DEFINITIONAL_REPRESENTATION('',(#3521),#3525);
#3521 = LINE('',#3522,#3523);
#3522 = CARTESIAN_POINT('',(28.867513459481,0.));
#3523 = VECTOR('',#3524,1.);
#3524 = DIRECTION('',(0.,-1.));
#3525 = ( GEOMETRIC_REPRESENTATION_CONTEXT(2) 
PARAMETRIC_REPRESENTATION_CONTEXT() REPRESENTATION_CONTEXT('2D SPACE',''
  ) );
#3526 = PCURVE('',#2775,#3527);
#3527 = DEFINITIONAL_REPRESENTATION('',(#3528),#3532);
#3528 = LINE('',#3529,#3530);
#3529 = CARTESIAN_POINT('',(0.,0.));
#3530 = VECTOR('',#3531,1.);
#3531 = DIRECTION('',(0.,-1.));
#3532 = ( GEOMETRIC_REPRESENTATION_CONTEXT(2) 
PARAMETRIC_REPRESENTATION_CONTEXT() REPRESENTATION_CONTEXT('2D SPACE',''
  ) );
#3533 = ORIENTED_EDGE('',*,*,#3534,.F.);
#3534 = EDGE_CURVE('',#3461,#3512,#3535,.T.);
#3535 = SURFACE_CURVE('',#3536,(#3540,#3547),.PCURVE_S1.);
#3536 = LINE('',#3537,#3538);
#3537 = CARTESIAN_POINT('',(-53.,-28.86751345948,3.53525079575E-15));
#3538 = VECTOR('',#3539,1.);
#3539 = DIRECTION('',(0.,0.5,-0.866025403784));
#3540 = PCURVE('',#2719,#3541);
#3541 = DEFINITIONAL_REPRESENTATION('',(#3542),#3546);
#3542 = LINE('',#3543,#3544);
#3543 = CARTESIAN_POINT('',(0.,0.));
#3544 = VECTOR('',#3545,1.);
#3545 = DIRECTION('',(1.,0.));
#3546 = ( GEOMETRIC_REPRESENTATION_CONTEXT(2) 
PARAMETRIC_REPRESENTATION_CONTEXT() REPRESENTATION_CONTEXT('2D SPACE',''
  ) );
#3547 = PCURVE('',#3339,#3548);
#3548 = DEFINITIONAL_REPRESENTATION('',(#3549),#3553);
#3549 = LINE('',#3550,#3551);
#3550 = CARTESIAN_POINT('',(4.519807691178E-15,28.867513459481));
#3551 = VECTOR('',#3552,1.);
#3552 = DIRECTION('',(-0.866025403784,-0.5));
#3553 = ( GEOMETRIC_REPRESENTATION_CONTEXT(2) 
PARAMETRIC_REPRESENTATION_CONTEXT() REPRESENTATION_CONTEXT('2D SPACE',''
  ) );
#3554 = ADVANCED_FACE('',(#3555),#2775,.F.);
#3555 = FACE_BOUND('',#3556,.F.);
#3556 = EDGE_LOOP('',(#3557,#3558,#3559,#3560,#3561,#3562));
#3557 = ORIENTED_EDGE('',*,*,#3511,.T.);
#3558 = ORIENTED_EDGE('',*,*,#2759,.T.);
#3559 = ORIENTED_EDGE('',*,*,#2813,.T.);
#3560 = ORIENTED_EDGE('',*,*,#2861,.T.);
#3561 = ORIENTED_EDGE('',*,*,#3276,.F.);
#3562 = ORIENTED_EDGE('',*,*,#3563,.F.);
#3563 = EDGE_CURVE('',#3512,#3277,#3564,.T.);
#3564 = SURFACE_CURVE('',#3565,(#3569,#3576),.PCURVE_S1.);
#3565 = LINE('',#3566,#3567);
#3566 = CARTESIAN_POINT('',(-53.,-14.43375672974,-25.));
#3567 = VECTOR('',#3568,1.);
#3568 = DIRECTION('',(0.,1.,-6.153480596427E-16));
#3569 = PCURVE('',#2775,#3570);
#3570 = DEFINITIONAL_REPRESENTATION('',(#3571),#3575);
#3571 = LINE('',#3572,#3573);
#3572 = CARTESIAN_POINT('',(0.,0.));
#3573 = VECTOR('',#3574,1.);
#3574 = DIRECTION('',(1.,0.));
#3575 = ( GEOMETRIC_REPRESENTATION_CONTEXT(2) 
PARAMETRIC_REPRESENTATION_CONTEXT() REPRESENTATION_CONTEXT('2D SPACE',''
  ) );
#3576 = PCURVE('',#3339,#3577);
#3577 = DEFINITIONAL_REPRESENTATION('',(#3578),#3582);
#3578 = LINE('',#3579,#3580);
#3579 = CARTESIAN_POINT('',(-25.,14.433756729741));
#3580 = VECTOR('',#3581,1.);
#3581 = DIRECTION('',(-6.153480596427E-16,-1.));
#3582 = ( GEOMETRIC_REPRESENTATION_CONTEXT(2) 
PARAMETRIC_REPRESENTATION_CONTEXT() REPRESENTATION_CONTEXT('2D SPACE',''
  ) );
#3583 = ADVANCED_FACE('',(#3584),#2949,.T.);
#3584 = FACE_BOUND('',#3585,.T.);
#3585 = EDGE_LOOP('',(#3586));
#3586 = ORIENTED_EDGE('',*,*,#2934,.T.);
#3587 = ADVANCED_FACE('',(#3588,#3596),#3004,.T.);
#3588 = FACE_BOUND('',#3589,.T.);
#3589 = EDGE_LOOP('',(#3590,#3591,#3592,#3593,#3594,#3595));
#3590 = ORIENTED_EDGE('',*,*,#3044,.T.);
#3591 = ORIENTED_EDGE('',*,*,#3248,.T.);
#3592 = ORIENTED_EDGE('',*,*,#3219,.T.);
#3593 = ORIENTED_EDGE('',*,*,#3168,.T.);
#3594 = ORIENTED_EDGE('',*,*,#3117,.T.);
#3595 = ORIENTED_EDGE('',*,*,#2988,.T.);
#3596 = FACE_BOUND('',#3597,.T.);
#3597 = EDGE_LOOP('',(#3598));
#3598 = ORIENTED_EDGE('',*,*,#3599,.F.);
#3599 = EDGE_CURVE('',#3600,#3600,#3602,.T.);
#3600 = VERTEX_POINT('',#3601);
#3601 = CARTESIAN_POINT('',(53.,20.955,0.));
#3602 = SURFACE_CURVE('',#3603,(#3608,#3615),.PCURVE_S1.);
#3603 = CIRCLE('',#3604,20.955);
#3604 = AXIS2_PLACEMENT_3D('',#3605,#3606,#3607);
#3605 = CARTESIAN_POINT('',(53.,0.,0.));
#3606 = DIRECTION('',(1.,0.,0.));
#3607 = DIRECTION('',(0.,1.,0.));
#3608 = PCURVE('',#3004,#3609);
#3609 = DEFINITIONAL_REPRESENTATION('',(#3610),#3614);
#3610 = CIRCLE('',#3611,20.955);
#3611 = AXIS2_PLACEMENT_2D('',#3612,#3613);
#3612 = CARTESIAN_POINT('',(9.845568954284E-16,-1.640928159047E-15));
#3613 = DIRECTION('',(0.,-1.));
#3614 = ( GEOMETRIC_REPRESENTATION_CONTEXT(2) 
PARAMETRIC_REPRESENTATION_CONTEXT() REPRESENTATION_CONTEXT('2D SPACE',''
  ) );
#3615 = PCURVE('',#3616,#3621);
#3616 = CYLINDRICAL_SURFACE('',#3617,20.955);
#3617 = AXIS2_PLACEMENT_3D('',#3618,#3619,#3620);
#3618 = CARTESIAN_POINT('',(53.,0.,0.));
#3619 = DIRECTION('',(-1.,-0.,-0.));
#3620 = DIRECTION('',(0.,1.,0.));
#3621 = DEFINITIONAL_REPRESENTATION('',(#3622),#3626);
#3622 = LINE('',#3623,#3624);
#3623 = CARTESIAN_POINT('',(-0.,0.));
#3624 = VECTOR('',#3625,1.);
#3625 = DIRECTION('',(-1.,0.));
#3626 = ( GEOMETRIC_REPRESENTATION_CONTEXT(2) 
PARAMETRIC_REPRESENTATION_CONTEXT() REPRESENTATION_CONTEXT('2D SPACE',''
  ) );
#3627 = ADVANCED_FACE('',(#3628,#3636),#3339,.F.);
#3628 = FACE_BOUND('',#3629,.F.);
#3629 = EDGE_LOOP('',(#3630,#3631,#3632,#3633,#3634,#3635));
#3630 = ORIENTED_EDGE('',*,*,#3381,.T.);
#3631 = ORIENTED_EDGE('',*,*,#3432,.T.);
#3632 = ORIENTED_EDGE('',*,*,#3483,.T.);
#3633 = ORIENTED_EDGE('',*,*,#3534,.T.);
#3634 = ORIENTED_EDGE('',*,*,#3563,.T.);
#3635 = ORIENTED_EDGE('',*,*,#3325,.T.);
#3636 = FACE_BOUND('',#3637,.F.);
#3637 = EDGE_LOOP('',(#3638));
#3638 = ORIENTED_EDGE('',*,*,#3639,.F.);
#3639 = EDGE_CURVE('',#3640,#3640,#3642,.T.);
#3640 = VERTEX_POINT('',#3641);
#3641 = CARTESIAN_POINT('',(-53.,20.955,0.));
#3642 = SURFACE_CURVE('',#3643,(#3648,#3655),.PCURVE_S1.);
#3643 = CIRCLE('',#3644,20.955);
#3644 = AXIS2_PLACEMENT_3D('',#3645,#3646,#3647);
#3645 = CARTESIAN_POINT('',(-53.,0.,0.));
#3646 = DIRECTION('',(1.,0.,0.));
#3647 = DIRECTION('',(0.,1.,0.));
#3648 = PCURVE('',#3339,#3649);
#3649 = DEFINITIONAL_REPRESENTATION('',(#3650),#3654);
#3650 = CIRCLE('',#3651,20.955);
#3651 = AXIS2_PLACEMENT_2D('',#3652,#3653);
#3652 = CARTESIAN_POINT('',(9.845568954284E-16,-1.640928159047E-15));
#3653 = DIRECTION('',(0.,-1.));
#3654 = ( GEOMETRIC_REPRESENTATION_CONTEXT(2) 
PARAMETRIC_REPRESENTATION_CONTEXT() REPRESENTATION_CONTEXT('2D SPACE',''
  ) );
#3655 = PCURVE('',#3656,#3661);
#3656 = CYLINDRICAL_SURFACE('',#3657,20.955);
#3657 = AXIS2_PLACEMENT_3D('',#3658,#3659,#3660);
#3658 = CARTESIAN_POINT('',(-75.,0.,0.));
#3659 = DIRECTION('',(-1.,-0.,-0.));
#3660 = DIRECTION('',(0.,1.,0.));
#3661 = DEFINITIONAL_REPRESENTATION('',(#3662),#3666);
#3662 = LINE('',#3663,#3664);
#3663 = CARTESIAN_POINT('',(-0.,-22.));
#3664 = VECTOR('',#3665,1.);
#3665 = DIRECTION('',(-1.,0.));
#3666 = ( GEOMETRIC_REPRESENTATION_CONTEXT(2) 
PARAMETRIC_REPRESENTATION_CONTEXT() REPRESENTATION_CONTEXT('2D SPACE',''
  ) );
#3667 = ADVANCED_FACE('',(#3668),#3616,.T.);
#3668 = FACE_BOUND('',#3669,.F.);
#3669 = EDGE_LOOP('',(#3670,#3671,#3694,#3725));
#3670 = ORIENTED_EDGE('',*,*,#3599,.F.);
#3671 = ORIENTED_EDGE('',*,*,#3672,.T.);
#3672 = EDGE_CURVE('',#3600,#3673,#3675,.T.);
#3673 = VERTEX_POINT('',#3674);
#3674 = CARTESIAN_POINT('',(54.5,20.955,0.));
#3675 = SEAM_CURVE('',#3676,(#3680,#3687),.PCURVE_S1.);
#3676 = LINE('',#3677,#3678);
#3677 = CARTESIAN_POINT('',(53.,20.955,0.));
#3678 = VECTOR('',#3679,1.);
#3679 = DIRECTION('',(1.,0.,0.));
#3680 = PCURVE('',#3616,#3681);
#3681 = DEFINITIONAL_REPRESENTATION('',(#3682),#3686);
#3682 = LINE('',#3683,#3684);
#3683 = CARTESIAN_POINT('',(-6.28318530718,0.));
#3684 = VECTOR('',#3685,1.);
#3685 = DIRECTION('',(-0.,-1.));
#3686 = ( GEOMETRIC_REPRESENTATION_CONTEXT(2) 
PARAMETRIC_REPRESENTATION_CONTEXT() REPRESENTATION_CONTEXT('2D SPACE',''
  ) );
#3687 = PCURVE('',#3616,#3688);
#3688 = DEFINITIONAL_REPRESENTATION('',(#3689),#3693);
#3689 = LINE('',#3690,#3691);
#3690 = CARTESIAN_POINT('',(-0.,0.));
#3691 = VECTOR('',#3692,1.);
#3692 = DIRECTION('',(-0.,-1.));
#3693 = ( GEOMETRIC_REPRESENTATION_CONTEXT(2) 
PARAMETRIC_REPRESENTATION_CONTEXT() REPRESENTATION_CONTEXT('2D SPACE',''
  ) );
#3694 = ORIENTED_EDGE('',*,*,#3695,.F.);
#3695 = EDGE_CURVE('',#3673,#3673,#3696,.T.);
#3696 = SURFACE_CURVE('',#3697,(#3702,#3709),.PCURVE_S1.);
#3697 = CIRCLE('',#3698,20.955);
#3698 = AXIS2_PLACEMENT_3D('',#3699,#3700,#3701);
#3699 = CARTESIAN_POINT('',(54.5,0.,0.));
#3700 = DIRECTION('',(-1.,0.,0.));
#3701 = DIRECTION('',(0.,1.,0.));
#3702 = PCURVE('',#3616,#3703);
#3703 = DEFINITIONAL_REPRESENTATION('',(#3704),#3708);
#3704 = LINE('',#3705,#3706);
#3705 = CARTESIAN_POINT('',(-6.28318530718,-1.5));
#3706 = VECTOR('',#3707,1.);
#3707 = DIRECTION('',(1.,-0.));
#3708 = ( GEOMETRIC_REPRESENTATION_CONTEXT(2) 
PARAMETRIC_REPRESENTATION_CONTEXT() REPRESENTATION_CONTEXT('2D SPACE',''
  ) );
#3709 = PCURVE('',#3710,#3715);
#3710 = PLANE('',#3711);
#3711 = AXIS2_PLACEMENT_3D('',#3712,#3713,#3714);
#3712 = CARTESIAN_POINT('',(54.5,-4.982701462225E-16,1.096843235714E-15)
  );
#3713 = DIRECTION('',(1.,0.,0.));
#3714 = DIRECTION('',(-0.,0.,1.));
#3715 = DEFINITIONAL_REPRESENTATION('',(#3716),#3724);
#3716 = ( BOUNDED_CURVE() B_SPLINE_CURVE(2,(#3717,#3718,#3719,#3720,
#3721,#3722,#3723),.UNSPECIFIED.,.T.,.F.) B_SPLINE_CURVE_WITH_KNOTS((1,2
    ,2,2,2,1),(-2.094395102393,0.,2.094395102393,4.188790204786,
6.28318530718,8.377580409573),.UNSPECIFIED.) CURVE() 
GEOMETRIC_REPRESENTATION_ITEM() RATIONAL_B_SPLINE_CURVE((1.,0.5,1.,0.5,
1.,0.5,1.)) REPRESENTATION_ITEM('') );
#3717 = CARTESIAN_POINT('',(-1.096843235714E-15,-20.955));
#3718 = CARTESIAN_POINT('',(-36.2951246726,-20.955));
#3719 = CARTESIAN_POINT('',(-18.1475623363,10.4775));
#3720 = CARTESIAN_POINT('',(-6.229337970941E-15,41.91));
#3721 = CARTESIAN_POINT('',(18.147562336303,10.4775));
#3722 = CARTESIAN_POINT('',(36.295124672606,-20.955));
#3723 = CARTESIAN_POINT('',(-1.096843235714E-15,-20.955));
#3724 = ( GEOMETRIC_REPRESENTATION_CONTEXT(2) 
PARAMETRIC_REPRESENTATION_CONTEXT() REPRESENTATION_CONTEXT('2D SPACE',''
  ) );
#3725 = ORIENTED_EDGE('',*,*,#3672,.F.);
#3726 = ADVANCED_FACE('',(#3727),#3656,.T.);
#3727 = FACE_BOUND('',#3728,.F.);
#3728 = EDGE_LOOP('',(#3729,#3762,#3783,#3784));
#3729 = ORIENTED_EDGE('',*,*,#3730,.T.);
#3730 = EDGE_CURVE('',#3731,#3731,#3733,.T.);
#3731 = VERTEX_POINT('',#3732);
#3732 = CARTESIAN_POINT('',(-56.18181818181,20.955,0.));
#3733 = SURFACE_CURVE('',#3734,(#3739,#3746),.PCURVE_S1.);
#3734 = CIRCLE('',#3735,20.955);
#3735 = AXIS2_PLACEMENT_3D('',#3736,#3737,#3738);
#3736 = CARTESIAN_POINT('',(-56.18181818181,0.,0.));
#3737 = DIRECTION('',(-1.,0.,0.));
#3738 = DIRECTION('',(0.,1.,0.));
#3739 = PCURVE('',#3656,#3740);
#3740 = DEFINITIONAL_REPRESENTATION('',(#3741),#3745);
#3741 = LINE('',#3742,#3743);
#3742 = CARTESIAN_POINT('',(-6.28318530718,-18.81818181818));
#3743 = VECTOR('',#3744,1.);
#3744 = DIRECTION('',(1.,-0.));
#3745 = ( GEOMETRIC_REPRESENTATION_CONTEXT(2) 
PARAMETRIC_REPRESENTATION_CONTEXT() REPRESENTATION_CONTEXT('2D SPACE',''
  ) );
#3746 = PCURVE('',#3747,#3752);
#3747 = PLANE('',#3748);
#3748 = AXIS2_PLACEMENT_3D('',#3749,#3750,#3751);
#3749 = CARTESIAN_POINT('',(-56.18181818181,-4.982701462225E-16,
    1.096843235714E-15));
#3750 = DIRECTION('',(1.,0.,0.));
#3751 = DIRECTION('',(-0.,0.,1.));
#3752 = DEFINITIONAL_REPRESENTATION('',(#3753),#3761);
#3753 = ( BOUNDED_CURVE() B_SPLINE_CURVE(2,(#3754,#3755,#3756,#3757,
#3758,#3759,#3760),.UNSPECIFIED.,.T.,.F.) B_SPLINE_CURVE_WITH_KNOTS((1,2
    ,2,2,2,1),(-2.094395102393,0.,2.094395102393,4.188790204786,
6.28318530718,8.377580409573),.UNSPECIFIED.) CURVE() 
GEOMETRIC_REPRESENTATION_ITEM() RATIONAL_B_SPLINE_CURVE((1.,0.5,1.,0.5,
1.,0.5,1.)) REPRESENTATION_ITEM('') );
#3754 = CARTESIAN_POINT('',(-1.096843235714E-15,-20.955));
#3755 = CARTESIAN_POINT('',(-36.2951246726,-20.955));
#3756 = CARTESIAN_POINT('',(-18.1475623363,10.4775));
#3757 = CARTESIAN_POINT('',(-6.229337970941E-15,41.91));
#3758 = CARTESIAN_POINT('',(18.147562336303,10.4775));
#3759 = CARTESIAN_POINT('',(36.295124672606,-20.955));
#3760 = CARTESIAN_POINT('',(-1.096843235714E-15,-20.955));
#3761 = ( GEOMETRIC_REPRESENTATION_CONTEXT(2) 
PARAMETRIC_REPRESENTATION_CONTEXT() REPRESENTATION_CONTEXT('2D SPACE',''
  ) );
#3762 = ORIENTED_EDGE('',*,*,#3763,.T.);
#3763 = EDGE_CURVE('',#3731,#3640,#3764,.T.);
#3764 = SEAM_CURVE('',#3765,(#3769,#3776),.PCURVE_S1.);
#3765 = LINE('',#3766,#3767);
#3766 = CARTESIAN_POINT('',(-75.,20.955,0.));
#3767 = VECTOR('',#3768,1.);
#3768 = DIRECTION('',(1.,0.,0.));
#3769 = PCURVE('',#3656,#3770);
#3770 = DEFINITIONAL_REPRESENTATION('',(#3771),#3775);
#3771 = LINE('',#3772,#3773);
#3772 = CARTESIAN_POINT('',(-6.28318530718,0.));
#3773 = VECTOR('',#3774,1.);
#3774 = DIRECTION('',(-0.,-1.));
#3775 = ( GEOMETRIC_REPRESENTATION_CONTEXT(2) 
PARAMETRIC_REPRESENTATION_CONTEXT() REPRESENTATION_CONTEXT('2D SPACE',''
  ) );
#3776 = PCURVE('',#3656,#3777);
#3777 = DEFINITIONAL_REPRESENTATION('',(#3778),#3782);
#3778 = LINE('',#3779,#3780);
#3779 = CARTESIAN_POINT('',(-0.,0.));
#3780 = VECTOR('',#3781,1.);
#3781 = DIRECTION('',(-0.,-1.));
#3782 = ( GEOMETRIC_REPRESENTATION_CONTEXT(2) 
PARAMETRIC_REPRESENTATION_CONTEXT() REPRESENTATION_CONTEXT('2D SPACE',''
  ) );
#3783 = ORIENTED_EDGE('',*,*,#3639,.T.);
#3784 = ORIENTED_EDGE('',*,*,#3763,.F.);
#3785 = ADVANCED_FACE('',(#3786,#3789),#3710,.T.);
#3786 = FACE_BOUND('',#3787,.T.);
#3787 = EDGE_LOOP('',(#3788));
#3788 = ORIENTED_EDGE('',*,*,#3695,.F.);
#3789 = FACE_BOUND('',#3790,.T.);
#3790 = EDGE_LOOP('',(#3791));
#3791 = ORIENTED_EDGE('',*,*,#3792,.F.);
#3792 = EDGE_CURVE('',#3793,#3793,#3795,.T.);
#3793 = VERTEX_POINT('',#3794);
#3794 = CARTESIAN_POINT('',(54.5,20.216090909091,1.294543813728E-15));
#3795 = SURFACE_CURVE('',#3796,(#3801,#3808),.PCURVE_S1.);
#3796 = CIRCLE('',#3797,20.216090909091);
#3797 = AXIS2_PLACEMENT_3D('',#3798,#3799,#3800);
#3798 = CARTESIAN_POINT('',(54.5,1.038871410517E-13,1.294543813728E-15)
  );
#3799 = DIRECTION('',(1.,0.,0.));
#3800 = DIRECTION('',(0.,1.,0.));
#3801 = PCURVE('',#3710,#3802);
#3802 = DEFINITIONAL_REPRESENTATION('',(#3803),#3807);
#3803 = CIRCLE('',#3804,20.216090909091);
#3804 = AXIS2_PLACEMENT_2D('',#3805,#3806);
#3805 = CARTESIAN_POINT('',(1.977005780142E-16,-1.043854111979E-13));
#3806 = DIRECTION('',(0.,-1.));
#3807 = ( GEOMETRIC_REPRESENTATION_CONTEXT(2) 
PARAMETRIC_REPRESENTATION_CONTEXT() REPRESENTATION_CONTEXT('2D SPACE',''
  ) );
#3808 = PCURVE('',#3809,#3814);
#3809 = CYLINDRICAL_SURFACE('',#3810,20.216090909091);
#3810 = AXIS2_PLACEMENT_3D('',#3811,#3812,#3813);
#3811 = CARTESIAN_POINT('',(54.5,1.038871410517E-13,1.294543813728E-15)
  );
#3812 = DIRECTION('',(-1.,-0.,-0.));
#3813 = DIRECTION('',(0.,1.,0.));
#3814 = DEFINITIONAL_REPRESENTATION('',(#3815),#3819);
#3815 = LINE('',#3816,#3817);
#3816 = CARTESIAN_POINT('',(-0.,0.));
#3817 = VECTOR('',#3818,1.);
#3818 = DIRECTION('',(-1.,0.));
#3819 = ( GEOMETRIC_REPRESENTATION_CONTEXT(2) 
PARAMETRIC_REPRESENTATION_CONTEXT() REPRESENTATION_CONTEXT('2D SPACE',''
  ) );
#3820 = ADVANCED_FACE('',(#3821,#3824),#3747,.F.);
#3821 = FACE_BOUND('',#3822,.F.);
#3822 = EDGE_LOOP('',(#3823));
#3823 = ORIENTED_EDGE('',*,*,#3730,.F.);
#3824 = FACE_BOUND('',#3825,.F.);
#3825 = EDGE_LOOP('',(#3826));
#3826 = ORIENTED_EDGE('',*,*,#3827,.F.);
#3827 = EDGE_CURVE('',#3828,#3828,#3830,.T.);
#3828 = VERTEX_POINT('',#3829);
#3829 = CARTESIAN_POINT('',(-56.18181818181,20.216090909091,
    1.294543813728E-15));
#3830 = SURFACE_CURVE('',#3831,(#3836,#3843),.PCURVE_S1.);
#3831 = CIRCLE('',#3832,20.216090909091);
#3832 = AXIS2_PLACEMENT_3D('',#3833,#3834,#3835);
#3833 = CARTESIAN_POINT('',(-56.18181818181,1.038871410517E-13,
    1.294543813728E-15));
#3834 = DIRECTION('',(1.,0.,0.));
#3835 = DIRECTION('',(0.,1.,0.));
#3836 = PCURVE('',#3747,#3837);
#3837 = DEFINITIONAL_REPRESENTATION('',(#3838),#3842);
#3838 = CIRCLE('',#3839,20.216090909091);
#3839 = AXIS2_PLACEMENT_2D('',#3840,#3841);
#3840 = CARTESIAN_POINT('',(1.977005780142E-16,-1.043854111979E-13));
#3841 = DIRECTION('',(0.,-1.));
#3842 = ( GEOMETRIC_REPRESENTATION_CONTEXT(2) 
PARAMETRIC_REPRESENTATION_CONTEXT() REPRESENTATION_CONTEXT('2D SPACE',''
  ) );
#3843 = PCURVE('',#3844,#3849);
#3844 = CYLINDRICAL_SURFACE('',#3845,20.216090909091);
#3845 = AXIS2_PLACEMENT_3D('',#3846,#3847,#3848);
#3846 = CARTESIAN_POINT('',(-57.33636363636,1.038871410517E-13,
    1.294543813728E-15));
#3847 = DIRECTION('',(-1.,-0.,-0.));
#3848 = DIRECTION('',(0.,1.,0.));
#3849 = DEFINITIONAL_REPRESENTATION('',(#3850),#3854);
#3850 = LINE('',#3851,#3852);
#3851 = CARTESIAN_POINT('',(-0.,-1.154545454545));
#3852 = VECTOR('',#3853,1.);
#3853 = DIRECTION('',(-1.,0.));
#3854 = ( GEOMETRIC_REPRESENTATION_CONTEXT(2) 
PARAMETRIC_REPRESENTATION_CONTEXT() REPRESENTATION_CONTEXT('2D SPACE',''
  ) );
#3855 = ADVANCED_FACE('',(#3856),#3809,.T.);
#3856 = FACE_BOUND('',#3857,.F.);
#3857 = EDGE_LOOP('',(#3858,#3881,#3908,#3909));
#3858 = ORIENTED_EDGE('',*,*,#3859,.T.);
#3859 = EDGE_CURVE('',#3793,#3860,#3862,.T.);
#3860 = VERTEX_POINT('',#3861);
#3861 = CARTESIAN_POINT('',(55.654545454545,20.216090909091,
    1.294543813728E-15));
#3862 = SEAM_CURVE('',#3863,(#3867,#3874),.PCURVE_S1.);
#3863 = LINE('',#3864,#3865);
#3864 = CARTESIAN_POINT('',(54.5,20.216090909091,1.294543813728E-15));
#3865 = VECTOR('',#3866,1.);
#3866 = DIRECTION('',(1.,0.,0.));
#3867 = PCURVE('',#3809,#3868);
#3868 = DEFINITIONAL_REPRESENTATION('',(#3869),#3873);
#3869 = LINE('',#3870,#3871);
#3870 = CARTESIAN_POINT('',(-0.,0.));
#3871 = VECTOR('',#3872,1.);
#3872 = DIRECTION('',(-0.,-1.));
#3873 = ( GEOMETRIC_REPRESENTATION_CONTEXT(2) 
PARAMETRIC_REPRESENTATION_CONTEXT() REPRESENTATION_CONTEXT('2D SPACE',''
  ) );
#3874 = PCURVE('',#3809,#3875);
#3875 = DEFINITIONAL_REPRESENTATION('',(#3876),#3880);
#3876 = LINE('',#3877,#3878);
#3877 = CARTESIAN_POINT('',(-6.28318530718,0.));
#3878 = VECTOR('',#3879,1.);
#3879 = DIRECTION('',(-0.,-1.));
#3880 = ( GEOMETRIC_REPRESENTATION_CONTEXT(2) 
PARAMETRIC_REPRESENTATION_CONTEXT() REPRESENTATION_CONTEXT('2D SPACE',''
  ) );
#3881 = ORIENTED_EDGE('',*,*,#3882,.T.);
#3882 = EDGE_CURVE('',#3860,#3860,#3883,.T.);
#3883 = SURFACE_CURVE('',#3884,(#3889,#3896),.PCURVE_S1.);
#3884 = CIRCLE('',#3885,20.216090909091);
#3885 = AXIS2_PLACEMENT_3D('',#3886,#3887,#3888);
#3886 = CARTESIAN_POINT('',(55.654545454545,1.038871410517E-13,
    1.294543813728E-15));
#3887 = DIRECTION('',(1.,0.,0.));
#3888 = DIRECTION('',(0.,1.,0.));
#3889 = PCURVE('',#3809,#3890);
#3890 = DEFINITIONAL_REPRESENTATION('',(#3891),#3895);
#3891 = LINE('',#3892,#3893);
#3892 = CARTESIAN_POINT('',(-0.,-1.154545454545));
#3893 = VECTOR('',#3894,1.);
#3894 = DIRECTION('',(-1.,0.));
#3895 = ( GEOMETRIC_REPRESENTATION_CONTEXT(2) 
PARAMETRIC_REPRESENTATION_CONTEXT() REPRESENTATION_CONTEXT('2D SPACE',''
  ) );
#3896 = PCURVE('',#3897,#3902);
#3897 = PLANE('',#3898);
#3898 = AXIS2_PLACEMENT_3D('',#3899,#3900,#3901);
#3899 = CARTESIAN_POINT('',(55.654545454545,-4.982701462225E-16,
    1.096843235714E-15));
#3900 = DIRECTION('',(1.,0.,0.));
#3901 = DIRECTION('',(-0.,0.,1.));
#3902 = DEFINITIONAL_REPRESENTATION('',(#3903),#3907);
#3903 = CIRCLE('',#3904,20.216090909091);
#3904 = AXIS2_PLACEMENT_2D('',#3905,#3906);
#3905 = CARTESIAN_POINT('',(1.977005780142E-16,-1.043854111979E-13));
#3906 = DIRECTION('',(0.,-1.));
#3907 = ( GEOMETRIC_REPRESENTATION_CONTEXT(2) 
PARAMETRIC_REPRESENTATION_CONTEXT() REPRESENTATION_CONTEXT('2D SPACE',''
  ) );
#3908 = ORIENTED_EDGE('',*,*,#3859,.F.);
#3909 = ORIENTED_EDGE('',*,*,#3792,.F.);
#3910 = ADVANCED_FACE('',(#3911),#3844,.T.);
#3911 = FACE_BOUND('',#3912,.F.);
#3912 = EDGE_LOOP('',(#3913,#3936,#3937,#3938));
#3913 = ORIENTED_EDGE('',*,*,#3914,.T.);
#3914 = EDGE_CURVE('',#3915,#3828,#3917,.T.);
#3915 = VERTEX_POINT('',#3916);
#3916 = CARTESIAN_POINT('',(-57.33636363636,20.216090909091,
    1.294543813728E-15));
#3917 = SEAM_CURVE('',#3918,(#3922,#3929),.PCURVE_S1.);
#3918 = LINE('',#3919,#3920);
#3919 = CARTESIAN_POINT('',(-57.33636363636,20.216090909091,
    1.294543813728E-15));
#3920 = VECTOR('',#3921,1.);
#3921 = DIRECTION('',(1.,0.,0.));
#3922 = PCURVE('',#3844,#3923);
#3923 = DEFINITIONAL_REPRESENTATION('',(#3924),#3928);
#3924 = LINE('',#3925,#3926);
#3925 = CARTESIAN_POINT('',(-0.,0.));
#3926 = VECTOR('',#3927,1.);
#3927 = DIRECTION('',(-0.,-1.));
#3928 = ( GEOMETRIC_REPRESENTATION_CONTEXT(2) 
PARAMETRIC_REPRESENTATION_CONTEXT() REPRESENTATION_CONTEXT('2D SPACE',''
  ) );
#3929 = PCURVE('',#3844,#3930);
#3930 = DEFINITIONAL_REPRESENTATION('',(#3931),#3935);
#3931 = LINE('',#3932,#3933);
#3932 = CARTESIAN_POINT('',(-6.28318530718,0.));
#3933 = VECTOR('',#3934,1.);
#3934 = DIRECTION('',(-0.,-1.));
#3935 = ( GEOMETRIC_REPRESENTATION_CONTEXT(2) 
PARAMETRIC_REPRESENTATION_CONTEXT() REPRESENTATION_CONTEXT('2D SPACE',''
  ) );
#3936 = ORIENTED_EDGE('',*,*,#3827,.T.);
#3937 = ORIENTED_EDGE('',*,*,#3914,.F.);
#3938 = ORIENTED_EDGE('',*,*,#3939,.F.);
#3939 = EDGE_CURVE('',#3915,#3915,#3940,.T.);
#3940 = SURFACE_CURVE('',#3941,(#3946,#3953),.PCURVE_S1.);
#3941 = CIRCLE('',#3942,20.216090909091);
#3942 = AXIS2_PLACEMENT_3D('',#3943,#3944,#3945);
#3943 = CARTESIAN_POINT('',(-57.33636363636,1.038871410517E-13,
    1.294543813728E-15));
#3944 = DIRECTION('',(1.,0.,0.));
#3945 = DIRECTION('',(0.,1.,0.));
#3946 = PCURVE('',#3844,#3947);
#3947 = DEFINITIONAL_REPRESENTATION('',(#3948),#3952);
#3948 = LINE('',#3949,#3950);
#3949 = CARTESIAN_POINT('',(-0.,0.));
#3950 = VECTOR('',#3951,1.);
#3951 = DIRECTION('',(-1.,0.));
#3952 = ( GEOMETRIC_REPRESENTATION_CONTEXT(2) 
PARAMETRIC_REPRESENTATION_CONTEXT() REPRESENTATION_CONTEXT('2D SPACE',''
  ) );
#3953 = PCURVE('',#3954,#3959);
#3954 = PLANE('',#3955);
#3955 = AXIS2_PLACEMENT_3D('',#3956,#3957,#3958);
#3956 = CARTESIAN_POINT('',(-57.33636363636,-4.982701462225E-16,
    1.096843235714E-15));
#3957 = DIRECTION('',(1.,0.,0.));
#3958 = DIRECTION('',(-0.,0.,1.));
#3959 = DEFINITIONAL_REPRESENTATION('',(#3960),#3964);
#3960 = CIRCLE('',#3961,20.216090909091);
#3961 = AXIS2_PLACEMENT_2D('',#3962,#3963);
#3962 = CARTESIAN_POINT('',(1.977005780142E-16,-1.043854111979E-13));
#3963 = DIRECTION('',(0.,-1.));
#3964 = ( GEOMETRIC_REPRESENTATION_CONTEXT(2) 
PARAMETRIC_REPRESENTATION_CONTEXT() REPRESENTATION_CONTEXT('2D SPACE',''
  ) );
#3965 = ADVANCED_FACE('',(#3966,#4001),#3897,.F.);
#3966 = FACE_BOUND('',#3967,.F.);
#3967 = EDGE_LOOP('',(#3968));
#3968 = ORIENTED_EDGE('',*,*,#3969,.F.);
#3969 = EDGE_CURVE('',#3970,#3970,#3972,.T.);
#3970 = VERTEX_POINT('',#3971);
#3971 = CARTESIAN_POINT('',(55.654545454545,20.955,0.));
#3972 = SURFACE_CURVE('',#3973,(#3978,#3989),.PCURVE_S1.);
#3973 = CIRCLE('',#3974,20.955);
#3974 = AXIS2_PLACEMENT_3D('',#3975,#3976,#3977);
#3975 = CARTESIAN_POINT('',(55.654545454545,0.,0.));
#3976 = DIRECTION('',(-1.,0.,0.));
#3977 = DIRECTION('',(0.,1.,0.));
#3978 = PCURVE('',#3897,#3979);
#3979 = DEFINITIONAL_REPRESENTATION('',(#3980),#3988);
#3980 = ( BOUNDED_CURVE() B_SPLINE_CURVE(2,(#3981,#3982,#3983,#3984,
#3985,#3986,#3987),.UNSPECIFIED.,.T.,.F.) B_SPLINE_CURVE_WITH_KNOTS((1,2
    ,2,2,2,1),(-2.094395102393,0.,2.094395102393,4.188790204786,
6.28318530718,8.377580409573),.UNSPECIFIED.) CURVE() 
GEOMETRIC_REPRESENTATION_ITEM() RATIONAL_B_SPLINE_CURVE((1.,0.5,1.,0.5,
1.,0.5,1.)) REPRESENTATION_ITEM('') );
#3981 = CARTESIAN_POINT('',(-1.096843235714E-15,-20.955));
#3982 = CARTESIAN_POINT('',(-36.2951246726,-20.955));
#3983 = CARTESIAN_POINT('',(-18.1475623363,10.4775));
#3984 = CARTESIAN_POINT('',(-6.229337970941E-15,41.91));
#3985 = CARTESIAN_POINT('',(18.147562336303,10.4775));
#3986 = CARTESIAN_POINT('',(36.295124672606,-20.955));
#3987 = CARTESIAN_POINT('',(-1.096843235714E-15,-20.955));
#3988 = ( GEOMETRIC_REPRESENTATION_CONTEXT(2) 
PARAMETRIC_REPRESENTATION_CONTEXT() REPRESENTATION_CONTEXT('2D SPACE',''
  ) );
#3989 = PCURVE('',#3990,#3995);
#3990 = CYLINDRICAL_SURFACE('',#3991,20.955);
#3991 = AXIS2_PLACEMENT_3D('',#3992,#3993,#3994);
#3992 = CARTESIAN_POINT('',(53.,0.,0.));
#3993 = DIRECTION('',(-1.,-0.,-0.));
#3994 = DIRECTION('',(0.,1.,0.));
#3995 = DEFINITIONAL_REPRESENTATION('',(#3996),#4000);
#3996 = LINE('',#3997,#3998);
#3997 = CARTESIAN_POINT('',(-6.28318530718,-2.654545454545));
#3998 = VECTOR('',#3999,1.);
#3999 = DIRECTION('',(1.,-0.));
#4000 = ( GEOMETRIC_REPRESENTATION_CONTEXT(2) 
PARAMETRIC_REPRESENTATION_CONTEXT() REPRESENTATION_CONTEXT('2D SPACE',''
  ) );
#4001 = FACE_BOUND('',#4002,.F.);
#4002 = EDGE_LOOP('',(#4003));
#4003 = ORIENTED_EDGE('',*,*,#3882,.F.);
#4004 = ADVANCED_FACE('',(#4005,#4040),#3954,.T.);
#4005 = FACE_BOUND('',#4006,.T.);
#4006 = EDGE_LOOP('',(#4007));
#4007 = ORIENTED_EDGE('',*,*,#4008,.F.);
#4008 = EDGE_CURVE('',#4009,#4009,#4011,.T.);
#4009 = VERTEX_POINT('',#4010);
#4010 = CARTESIAN_POINT('',(-57.33636363636,20.955,0.));
#4011 = SURFACE_CURVE('',#4012,(#4017,#4028),.PCURVE_S1.);
#4012 = CIRCLE('',#4013,20.955);
#4013 = AXIS2_PLACEMENT_3D('',#4014,#4015,#4016);
#4014 = CARTESIAN_POINT('',(-57.33636363636,0.,0.));
#4015 = DIRECTION('',(-1.,0.,0.));
#4016 = DIRECTION('',(0.,1.,0.));
#4017 = PCURVE('',#3954,#4018);
#4018 = DEFINITIONAL_REPRESENTATION('',(#4019),#4027);
#4019 = ( BOUNDED_CURVE() B_SPLINE_CURVE(2,(#4020,#4021,#4022,#4023,
#4024,#4025,#4026),.UNSPECIFIED.,.T.,.F.) B_SPLINE_CURVE_WITH_KNOTS((1,2
    ,2,2,2,1),(-2.094395102393,0.,2.094395102393,4.188790204786,
6.28318530718,8.377580409573),.UNSPECIFIED.) CURVE() 
GEOMETRIC_REPRESENTATION_ITEM() RATIONAL_B_SPLINE_CURVE((1.,0.5,1.,0.5,
1.,0.5,1.)) REPRESENTATION_ITEM('') );
#4020 = CARTESIAN_POINT('',(-1.096843235714E-15,-20.955));
#4021 = CARTESIAN_POINT('',(-36.2951246726,-20.955));
#4022 = CARTESIAN_POINT('',(-18.1475623363,10.4775));
#4023 = CARTESIAN_POINT('',(-6.229337970941E-15,41.91));
#4024 = CARTESIAN_POINT('',(18.147562336303,10.4775));
#4025 = CARTESIAN_POINT('',(36.295124672606,-20.955));
#4026 = CARTESIAN_POINT('',(-1.096843235714E-15,-20.955));
#4027 = ( GEOMETRIC_REPRESENTATION_CONTEXT(2) 
PARAMETRIC_REPRESENTATION_CONTEXT() REPRESENTATION_CONTEXT('2D SPACE',''
  ) );
#4028 = PCURVE('',#4029,#4034);
#4029 = CYLINDRICAL_SURFACE('',#4030,20.955);
#4030 = AXIS2_PLACEMENT_3D('',#4031,#4032,#4033);
#4031 = CARTESIAN_POINT('',(-75.,0.,0.));
#4032 = DIRECTION('',(-1.,-0.,-0.));
#4033 = DIRECTION('',(0.,1.,0.));
#4034 = DEFINITIONAL_REPRESENTATION('',(#4035),#4039);
#4035 = LINE('',#4036,#4037);
#4036 = CARTESIAN_POINT('',(-6.28318530718,-17.66363636363));
#4037 = VECTOR('',#4038,1.);
#4038 = DIRECTION('',(1.,-0.));
#4039 = ( GEOMETRIC_REPRESENTATION_CONTEXT(2) 
PARAMETRIC_REPRESENTATION_CONTEXT() REPRESENTATION_CONTEXT('2D SPACE',''
  ) );
#4040 = FACE_BOUND('',#4041,.T.);
#4041 = EDGE_LOOP('',(#4042));
#4042 = ORIENTED_EDGE('',*,*,#3939,.F.);
#4043 = ADVANCED_FACE('',(#4044),#3990,.T.);
#4044 = FACE_BOUND('',#4045,.F.);
#4045 = EDGE_LOOP('',(#4046,#4069,#4070,#4071));
#4046 = ORIENTED_EDGE('',*,*,#4047,.F.);
#4047 = EDGE_CURVE('',#3970,#4048,#4050,.T.);
#4048 = VERTEX_POINT('',#4049);
#4049 = CARTESIAN_POINT('',(56.809090909091,20.955,0.));
#4050 = SEAM_CURVE('',#4051,(#4055,#4062),.PCURVE_S1.);
#4051 = LINE('',#4052,#4053);
#4052 = CARTESIAN_POINT('',(53.,20.955,0.));
#4053 = VECTOR('',#4054,1.);
#4054 = DIRECTION('',(1.,0.,0.));
#4055 = PCURVE('',#3990,#4056);
#4056 = DEFINITIONAL_REPRESENTATION('',(#4057),#4061);
#4057 = LINE('',#4058,#4059);
#4058 = CARTESIAN_POINT('',(-6.28318530718,0.));
#4059 = VECTOR('',#4060,1.);
#4060 = DIRECTION('',(-0.,-1.));
#4061 = ( GEOMETRIC_REPRESENTATION_CONTEXT(2) 
PARAMETRIC_REPRESENTATION_CONTEXT() REPRESENTATION_CONTEXT('2D SPACE',''
  ) );
#4062 = PCURVE('',#3990,#4063);
#4063 = DEFINITIONAL_REPRESENTATION('',(#4064),#4068);
#4064 = LINE('',#4065,#4066);
#4065 = CARTESIAN_POINT('',(-0.,0.));
#4066 = VECTOR('',#4067,1.);
#4067 = DIRECTION('',(-0.,-1.));
#4068 = ( GEOMETRIC_REPRESENTATION_CONTEXT(2) 
PARAMETRIC_REPRESENTATION_CONTEXT() REPRESENTATION_CONTEXT('2D SPACE',''
  ) );
#4069 = ORIENTED_EDGE('',*,*,#3969,.T.);
#4070 = ORIENTED_EDGE('',*,*,#4047,.T.);
#4071 = ORIENTED_EDGE('',*,*,#4072,.F.);
#4072 = EDGE_CURVE('',#4048,#4048,#4073,.T.);
#4073 = SURFACE_CURVE('',#4074,(#4079,#4086),.PCURVE_S1.);
#4074 = CIRCLE('',#4075,20.955);
#4075 = AXIS2_PLACEMENT_3D('',#4076,#4077,#4078);
#4076 = CARTESIAN_POINT('',(56.809090909091,0.,0.));
#4077 = DIRECTION('',(-1.,0.,0.));
#4078 = DIRECTION('',(0.,1.,0.));
#4079 = PCURVE('',#3990,#4080);
#4080 = DEFINITIONAL_REPRESENTATION('',(#4081),#4085);
#4081 = LINE('',#4082,#4083);
#4082 = CARTESIAN_POINT('',(-6.28318530718,-3.809090909091));
#4083 = VECTOR('',#4084,1.);
#4084 = DIRECTION('',(1.,-0.));
#4085 = ( GEOMETRIC_REPRESENTATION_CONTEXT(2) 
PARAMETRIC_REPRESENTATION_CONTEXT() REPRESENTATION_CONTEXT('2D SPACE',''
  ) );
#4086 = PCURVE('',#4087,#4092);
#4087 = PLANE('',#4088);
#4088 = AXIS2_PLACEMENT_3D('',#4089,#4090,#4091);
#4089 = CARTESIAN_POINT('',(56.809090909091,-4.982701462225E-16,
    1.096843235714E-15));
#4090 = DIRECTION('',(1.,0.,0.));
#4091 = DIRECTION('',(-0.,0.,1.));
#4092 = DEFINITIONAL_REPRESENTATION('',(#4093),#4101);
#4093 = ( BOUNDED_CURVE() B_SPLINE_CURVE(2,(#4094,#4095,#4096,#4097,
#4098,#4099,#4100),.UNSPECIFIED.,.T.,.F.) B_SPLINE_CURVE_WITH_KNOTS((1,2
    ,2,2,2,1),(-2.094395102393,0.,2.094395102393,4.188790204786,
6.28318530718,8.377580409573),.UNSPECIFIED.) CURVE() 
GEOMETRIC_REPRESENTATION_ITEM() RATIONAL_B_SPLINE_CURVE((1.,0.5,1.,0.5,
1.,0.5,1.)) REPRESENTATION_ITEM('') );
#4094 = CARTESIAN_POINT('',(-1.096843235714E-15,-20.955));
#4095 = CARTESIAN_POINT('',(-36.2951246726,-20.955));
#4096 = CARTESIAN_POINT('',(-18.1475623363,10.4775));
#4097 = CARTESIAN_POINT('',(-6.229337970941E-15,41.91));
#4098 = CARTESIAN_POINT('',(18.147562336303,10.4775));
#4099 = CARTESIAN_POINT('',(36.295124672606,-20.955));
#4100 = CARTESIAN_POINT('',(-1.096843235714E-15,-20.955));
#4101 = ( GEOMETRIC_REPRESENTATION_CONTEXT(2) 
PARAMETRIC_REPRESENTATION_CONTEXT() REPRESENTATION_CONTEXT('2D SPACE',''
  ) );
#4102 = ADVANCED_FACE('',(#4103),#4029,.T.);
#4103 = FACE_BOUND('',#4104,.F.);
#4104 = EDGE_LOOP('',(#4105,#4128,#4159,#4160));
#4105 = ORIENTED_EDGE('',*,*,#4106,.F.);
#4106 = EDGE_CURVE('',#4107,#4009,#4109,.T.);
#4107 = VERTEX_POINT('',#4108);
#4108 = CARTESIAN_POINT('',(-58.4909090909,20.955,0.));
#4109 = SEAM_CURVE('',#4110,(#4114,#4121),.PCURVE_S1.);
#4110 = LINE('',#4111,#4112);
#4111 = CARTESIAN_POINT('',(-75.,20.955,0.));
#4112 = VECTOR('',#4113,1.);
#4113 = DIRECTION('',(1.,0.,0.));
#4114 = PCURVE('',#4029,#4115);
#4115 = DEFINITIONAL_REPRESENTATION('',(#4116),#4120);
#4116 = LINE('',#4117,#4118);
#4117 = CARTESIAN_POINT('',(-6.28318530718,0.));
#4118 = VECTOR('',#4119,1.);
#4119 = DIRECTION('',(-0.,-1.));
#4120 = ( GEOMETRIC_REPRESENTATION_CONTEXT(2) 
PARAMETRIC_REPRESENTATION_CONTEXT() REPRESENTATION_CONTEXT('2D SPACE',''
  ) );
#4121 = PCURVE('',#4029,#4122);
#4122 = DEFINITIONAL_REPRESENTATION('',(#4123),#4127);
#4123 = LINE('',#4124,#4125);
#4124 = CARTESIAN_POINT('',(-0.,0.));
#4125 = VECTOR('',#4126,1.);
#4126 = DIRECTION('',(-0.,-1.));
#4127 = ( GEOMETRIC_REPRESENTATION_CONTEXT(2) 
PARAMETRIC_REPRESENTATION_CONTEXT() REPRESENTATION_CONTEXT('2D SPACE',''
  ) );
#4128 = ORIENTED_EDGE('',*,*,#4129,.T.);
#4129 = EDGE_CURVE('',#4107,#4107,#4130,.T.);
#4130 = SURFACE_CURVE('',#4131,(#4136,#4143),.PCURVE_S1.);
#4131 = CIRCLE('',#4132,20.955);
#4132 = AXIS2_PLACEMENT_3D('',#4133,#4134,#4135);
#4133 = CARTESIAN_POINT('',(-58.4909090909,0.,0.));
#4134 = DIRECTION('',(-1.,0.,0.));
#4135 = DIRECTION('',(0.,1.,0.));
#4136 = PCURVE('',#4029,#4137);
#4137 = DEFINITIONAL_REPRESENTATION('',(#4138),#4142);
#4138 = LINE('',#4139,#4140);
#4139 = CARTESIAN_POINT('',(-6.28318530718,-16.50909090909));
#4140 = VECTOR('',#4141,1.);
#4141 = DIRECTION('',(1.,-0.));
#4142 = ( GEOMETRIC_REPRESENTATION_CONTEXT(2) 
PARAMETRIC_REPRESENTATION_CONTEXT() REPRESENTATION_CONTEXT('2D SPACE',''
  ) );
#4143 = PCURVE('',#4144,#4149);
#4144 = PLANE('',#4145);
#4145 = AXIS2_PLACEMENT_3D('',#4146,#4147,#4148);
#4146 = CARTESIAN_POINT('',(-58.4909090909,-4.982701462225E-16,
    1.096843235714E-15));
#4147 = DIRECTION('',(1.,0.,0.));
#4148 = DIRECTION('',(-0.,0.,1.));
#4149 = DEFINITIONAL_REPRESENTATION('',(#4150),#4158);
#4150 = ( BOUNDED_CURVE() B_SPLINE_CURVE(2,(#4151,#4152,#4153,#4154,
#4155,#4156,#4157),.UNSPECIFIED.,.T.,.F.) B_SPLINE_CURVE_WITH_KNOTS((1,2
    ,2,2,2,1),(-2.094395102393,0.,2.094395102393,4.188790204786,
6.28318530718,8.377580409573),.UNSPECIFIED.) CURVE() 
GEOMETRIC_REPRESENTATION_ITEM() RATIONAL_B_SPLINE_CURVE((1.,0.5,1.,0.5,
1.,0.5,1.)) REPRESENTATION_ITEM('') );
#4151 = CARTESIAN_POINT('',(-1.096843235714E-15,-20.955));
#4152 = CARTESIAN_POINT('',(-36.2951246726,-20.955));
#4153 = CARTESIAN_POINT('',(-18.1475623363,10.4775));
#4154 = CARTESIAN_POINT('',(-6.229337970941E-15,41.91));
#4155 = CARTESIAN_POINT('',(18.147562336303,10.4775));
#4156 = CARTESIAN_POINT('',(36.295124672606,-20.955));
#4157 = CARTESIAN_POINT('',(-1.096843235714E-15,-20.955));
#4158 = ( GEOMETRIC_REPRESENTATION_CONTEXT(2) 
PARAMETRIC_REPRESENTATION_CONTEXT() REPRESENTATION_CONTEXT('2D SPACE',''
  ) );
#4159 = ORIENTED_EDGE('',*,*,#4106,.T.);
#4160 = ORIENTED_EDGE('',*,*,#4008,.F.);
#4161 = ADVANCED_FACE('',(#4162,#4165),#4087,.T.);
#4162 = FACE_BOUND('',#4163,.T.);
#4163 = EDGE_LOOP('',(#4164));
#4164 = ORIENTED_EDGE('',*,*,#4072,.F.);
#4165 = FACE_BOUND('',#4166,.T.);
#4166 = EDGE_LOOP('',(#4167));
#4167 = ORIENTED_EDGE('',*,*,#4168,.F.);
#4168 = EDGE_CURVE('',#4169,#4169,#4171,.T.);
#4169 = VERTEX_POINT('',#4170);
#4170 = CARTESIAN_POINT('',(56.809090909091,20.216090909091,
    1.294543813728E-15));
#4171 = SURFACE_CURVE('',#4172,(#4177,#4184),.PCURVE_S1.);
#4172 = CIRCLE('',#4173,20.216090909091);
#4173 = AXIS2_PLACEMENT_3D('',#4174,#4175,#4176);
#4174 = CARTESIAN_POINT('',(56.809090909091,1.038871410517E-13,
    1.294543813728E-15));
#4175 = DIRECTION('',(1.,0.,0.));
#4176 = DIRECTION('',(0.,1.,0.));
#4177 = PCURVE('',#4087,#4178);
#4178 = DEFINITIONAL_REPRESENTATION('',(#4179),#4183);
#4179 = CIRCLE('',#4180,20.216090909091);
#4180 = AXIS2_PLACEMENT_2D('',#4181,#4182);
#4181 = CARTESIAN_POINT('',(1.977005780142E-16,-1.043854111979E-13));
#4182 = DIRECTION('',(0.,-1.));
#4183 = ( GEOMETRIC_REPRESENTATION_CONTEXT(2) 
PARAMETRIC_REPRESENTATION_CONTEXT() REPRESENTATION_CONTEXT('2D SPACE',''
  ) );
#4184 = PCURVE('',#4185,#4190);
#4185 = CYLINDRICAL_SURFACE('',#4186,20.216090909091);
#4186 = AXIS2_PLACEMENT_3D('',#4187,#4188,#4189);
#4187 = CARTESIAN_POINT('',(56.809090909091,1.038871410517E-13,
    1.294543813728E-15));
#4188 = DIRECTION('',(-1.,-0.,-0.));
#4189 = DIRECTION('',(0.,1.,0.));
#4190 = DEFINITIONAL_REPRESENTATION('',(#4191),#4195);
#4191 = LINE('',#4192,#4193);
#4192 = CARTESIAN_POINT('',(-0.,0.));
#4193 = VECTOR('',#4194,1.);
#4194 = DIRECTION('',(-1.,0.));
#4195 = ( GEOMETRIC_REPRESENTATION_CONTEXT(2) 
PARAMETRIC_REPRESENTATION_CONTEXT() REPRESENTATION_CONTEXT('2D SPACE',''
  ) );
#4196 = ADVANCED_FACE('',(#4197,#4200),#4144,.F.);
#4197 = FACE_BOUND('',#4198,.F.);
#4198 = EDGE_LOOP('',(#4199));
#4199 = ORIENTED_EDGE('',*,*,#4129,.F.);
#4200 = FACE_BOUND('',#4201,.F.);
#4201 = EDGE_LOOP('',(#4202));
#4202 = ORIENTED_EDGE('',*,*,#4203,.F.);
#4203 = EDGE_CURVE('',#4204,#4204,#4206,.T.);
#4204 = VERTEX_POINT('',#4205);
#4205 = CARTESIAN_POINT('',(-58.4909090909,20.216090909091,
    1.294543813728E-15));
#4206 = SURFACE_CURVE('',#4207,(#4212,#4219),.PCURVE_S1.);
#4207 = CIRCLE('',#4208,20.216090909091);
#4208 = AXIS2_PLACEMENT_3D('',#4209,#4210,#4211);
#4209 = CARTESIAN_POINT('',(-58.4909090909,1.038871410517E-13,
    1.294543813728E-15));
#4210 = DIRECTION('',(1.,0.,0.));
#4211 = DIRECTION('',(0.,1.,0.));
#4212 = PCURVE('',#4144,#4213);
#4213 = DEFINITIONAL_REPRESENTATION('',(#4214),#4218);
#4214 = CIRCLE('',#4215,20.216090909091);
#4215 = AXIS2_PLACEMENT_2D('',#4216,#4217);
#4216 = CARTESIAN_POINT('',(1.977005780142E-16,-1.043854111979E-13));
#4217 = DIRECTION('',(0.,-1.));
#4218 = ( GEOMETRIC_REPRESENTATION_CONTEXT(2) 
PARAMETRIC_REPRESENTATION_CONTEXT() REPRESENTATION_CONTEXT('2D SPACE',''
  ) );
#4219 = PCURVE('',#4220,#4225);
#4220 = CYLINDRICAL_SURFACE('',#4221,20.216090909091);
#4221 = AXIS2_PLACEMENT_3D('',#4222,#4223,#4224);
#4222 = CARTESIAN_POINT('',(-59.64545454545,1.038871410517E-13,
    1.294543813728E-15));
#4223 = DIRECTION('',(-1.,-0.,-0.));
#4224 = DIRECTION('',(0.,1.,0.));
#4225 = DEFINITIONAL_REPRESENTATION('',(#4226),#4230);
#4226 = LINE('',#4227,#4228);
#4227 = CARTESIAN_POINT('',(-0.,-1.154545454545));
#4228 = VECTOR('',#4229,1.);
#4229 = DIRECTION('',(-1.,0.));
#4230 = ( GEOMETRIC_REPRESENTATION_CONTEXT(2) 
PARAMETRIC_REPRESENTATION_CONTEXT() REPRESENTATION_CONTEXT('2D SPACE',''
  ) );
#4231 = ADVANCED_FACE('',(#4232),#4185,.T.);
#4232 = FACE_BOUND('',#4233,.F.);
#4233 = EDGE_LOOP('',(#4234,#4257,#4284,#4285));
#4234 = ORIENTED_EDGE('',*,*,#4235,.T.);
#4235 = EDGE_CURVE('',#4169,#4236,#4238,.T.);
#4236 = VERTEX_POINT('',#4237);
#4237 = CARTESIAN_POINT('',(57.963636363636,20.216090909091,
    1.294543813728E-15));
#4238 = SEAM_CURVE('',#4239,(#4243,#4250),.PCURVE_S1.);
#4239 = LINE('',#4240,#4241);
#4240 = CARTESIAN_POINT('',(56.809090909091,20.216090909091,
    1.294543813728E-15));
#4241 = VECTOR('',#4242,1.);
#4242 = DIRECTION('',(1.,0.,0.));
#4243 = PCURVE('',#4185,#4244);
#4244 = DEFINITIONAL_REPRESENTATION('',(#4245),#4249);
#4245 = LINE('',#4246,#4247);
#4246 = CARTESIAN_POINT('',(-0.,0.));
#4247 = VECTOR('',#4248,1.);
#4248 = DIRECTION('',(-0.,-1.));
#4249 = ( GEOMETRIC_REPRESENTATION_CONTEXT(2) 
PARAMETRIC_REPRESENTATION_CONTEXT() REPRESENTATION_CONTEXT('2D SPACE',''
  ) );
#4250 = PCURVE('',#4185,#4251);
#4251 = DEFINITIONAL_REPRESENTATION('',(#4252),#4256);
#4252 = LINE('',#4253,#4254);
#4253 = CARTESIAN_POINT('',(-6.28318530718,0.));
#4254 = VECTOR('',#4255,1.);
#4255 = DIRECTION('',(-0.,-1.));
#4256 = ( GEOMETRIC_REPRESENTATION_CONTEXT(2) 
PARAMETRIC_REPRESENTATION_CONTEXT() REPRESENTATION_CONTEXT('2D SPACE',''
  ) );
#4257 = ORIENTED_EDGE('',*,*,#4258,.T.);
#4258 = EDGE_CURVE('',#4236,#4236,#4259,.T.);
#4259 = SURFACE_CURVE('',#4260,(#4265,#4272),.PCURVE_S1.);
#4260 = CIRCLE('',#4261,20.216090909091);
#4261 = AXIS2_PLACEMENT_3D('',#4262,#4263,#4264);
#4262 = CARTESIAN_POINT('',(57.963636363636,1.038871410517E-13,
    1.294543813728E-15));
#4263 = DIRECTION('',(1.,0.,0.));
#4264 = DIRECTION('',(0.,1.,0.));
#4265 = PCURVE('',#4185,#4266);
#4266 = DEFINITIONAL_REPRESENTATION('',(#4267),#4271);
#4267 = LINE('',#4268,#4269);
#4268 = CARTESIAN_POINT('',(-0.,-1.154545454545));
#4269 = VECTOR('',#4270,1.);
#4270 = DIRECTION('',(-1.,0.));
#4271 = ( GEOMETRIC_REPRESENTATION_CONTEXT(2) 
PARAMETRIC_REPRESENTATION_CONTEXT() REPRESENTATION_CONTEXT('2D SPACE',''
  ) );
#4272 = PCURVE('',#4273,#4278);
#4273 = PLANE('',#4274);
#4274 = AXIS2_PLACEMENT_3D('',#4275,#4276,#4277);
#4275 = CARTESIAN_POINT('',(57.963636363636,-4.982701462225E-16,
    1.096843235714E-15));
#4276 = DIRECTION('',(1.,0.,0.));
#4277 = DIRECTION('',(-0.,0.,1.));
#4278 = DEFINITIONAL_REPRESENTATION('',(#4279),#4283);
#4279 = CIRCLE('',#4280,20.216090909091);
#4280 = AXIS2_PLACEMENT_2D('',#4281,#4282);
#4281 = CARTESIAN_POINT('',(1.977005780142E-16,-1.043854111979E-13));
#4282 = DIRECTION('',(0.,-1.));
#4283 = ( GEOMETRIC_REPRESENTATION_CONTEXT(2) 
PARAMETRIC_REPRESENTATION_CONTEXT() REPRESENTATION_CONTEXT('2D SPACE',''
  ) );
#4284 = ORIENTED_EDGE('',*,*,#4235,.F.);
#4285 = ORIENTED_EDGE('',*,*,#4168,.F.);
#4286 = ADVANCED_FACE('',(#4287),#4220,.T.);
#4287 = FACE_BOUND('',#4288,.F.);
#4288 = EDGE_LOOP('',(#4289,#4312,#4313,#4314));
#4289 = ORIENTED_EDGE('',*,*,#4290,.T.);
#4290 = EDGE_CURVE('',#4291,#4204,#4293,.T.);
#4291 = VERTEX_POINT('',#4292);
#4292 = CARTESIAN_POINT('',(-59.64545454545,20.216090909091,
    1.294543813728E-15));
#4293 = SEAM_CURVE('',#4294,(#4298,#4305),.PCURVE_S1.);
#4294 = LINE('',#4295,#4296);
#4295 = CARTESIAN_POINT('',(-59.64545454545,20.216090909091,
    1.294543813728E-15));
#4296 = VECTOR('',#4297,1.);
#4297 = DIRECTION('',(1.,0.,0.));
#4298 = PCURVE('',#4220,#4299);
#4299 = DEFINITIONAL_REPRESENTATION('',(#4300),#4304);
#4300 = LINE('',#4301,#4302);
#4301 = CARTESIAN_POINT('',(-0.,0.));
#4302 = VECTOR('',#4303,1.);
#4303 = DIRECTION('',(-0.,-1.));
#4304 = ( GEOMETRIC_REPRESENTATION_CONTEXT(2) 
PARAMETRIC_REPRESENTATION_CONTEXT() REPRESENTATION_CONTEXT('2D SPACE',''
  ) );
#4305 = PCURVE('',#4220,#4306);
#4306 = DEFINITIONAL_REPRESENTATION('',(#4307),#4311);
#4307 = LINE('',#4308,#4309);
#4308 = CARTESIAN_POINT('',(-6.28318530718,0.));
#4309 = VECTOR('',#4310,1.);
#4310 = DIRECTION('',(-0.,-1.));
#4311 = ( GEOMETRIC_REPRESENTATION_CONTEXT(2) 
PARAMETRIC_REPRESENTATION_CONTEXT() REPRESENTATION_CONTEXT('2D SPACE',''
  ) );
#4312 = ORIENTED_EDGE('',*,*,#4203,.T.);
#4313 = ORIENTED_EDGE('',*,*,#4290,.F.);
#4314 = ORIENTED_EDGE('',*,*,#4315,.F.);
#4315 = EDGE_CURVE('',#4291,#4291,#4316,.T.);
#4316 = SURFACE_CURVE('',#4317,(#4322,#4329),.PCURVE_S1.);
#4317 = CIRCLE('',#4318,20.216090909091);
#4318 = AXIS2_PLACEMENT_3D('',#4319,#4320,#4321);
#4319 = CARTESIAN_POINT('',(-59.64545454545,1.038871410517E-13,
    1.294543813728E-15));
#4320 = DIRECTION('',(1.,0.,0.));
#4321 = DIRECTION('',(0.,1.,0.));
#4322 = PCURVE('',#4220,#4323);
#4323 = DEFINITIONAL_REPRESENTATION('',(#4324),#4328);
#4324 = LINE('',#4325,#4326);
#4325 = CARTESIAN_POINT('',(-0.,0.));
#4326 = VECTOR('',#4327,1.);
#4327 = DIRECTION('',(-1.,0.));
#4328 = ( GEOMETRIC_REPRESENTATION_CONTEXT(2) 
PARAMETRIC_REPRESENTATION_CONTEXT() REPRESENTATION_CONTEXT('2D SPACE',''
  ) );
#4329 = PCURVE('',#4330,#4335);
#4330 = PLANE('',#4331);
#4331 = AXIS2_PLACEMENT_3D('',#4332,#4333,#4334);
#4332 = CARTESIAN_POINT('',(-59.64545454545,-4.982701462225E-16,
    1.096843235714E-15));
#4333 = DIRECTION('',(1.,0.,0.));
#4334 = DIRECTION('',(-0.,0.,1.));
#4335 = DEFINITIONAL_REPRESENTATION('',(#4336),#4340);
#4336 = CIRCLE('',#4337,20.216090909091);
#4337 = AXIS2_PLACEMENT_2D('',#4338,#4339);
#4338 = CARTESIAN_POINT('',(1.977005780142E-16,-1.043854111979E-13));
#4339 = DIRECTION('',(0.,-1.));
#4340 = ( GEOMETRIC_REPRESENTATION_CONTEXT(2) 
PARAMETRIC_REPRESENTATION_CONTEXT() REPRESENTATION_CONTEXT('2D SPACE',''
  ) );
#4341 = ADVANCED_FACE('',(#4342,#4377),#4273,.F.);
#4342 = FACE_BOUND('',#4343,.F.);
#4343 = EDGE_LOOP('',(#4344));
#4344 = ORIENTED_EDGE('',*,*,#4345,.F.);
#4345 = EDGE_CURVE('',#4346,#4346,#4348,.T.);
#4346 = VERTEX_POINT('',#4347);
#4347 = CARTESIAN_POINT('',(57.963636363636,20.955,0.));
#4348 = SURFACE_CURVE('',#4349,(#4354,#4365),.PCURVE_S1.);
#4349 = CIRCLE('',#4350,20.955);
#4350 = AXIS2_PLACEMENT_3D('',#4351,#4352,#4353);
#4351 = CARTESIAN_POINT('',(57.963636363636,0.,0.));
#4352 = DIRECTION('',(-1.,0.,0.));
#4353 = DIRECTION('',(0.,1.,0.));
#4354 = PCURVE('',#4273,#4355);
#4355 = DEFINITIONAL_REPRESENTATION('',(#4356),#4364);
#4356 = ( BOUNDED_CURVE() B_SPLINE_CURVE(2,(#4357,#4358,#4359,#4360,
#4361,#4362,#4363),.UNSPECIFIED.,.T.,.F.) B_SPLINE_CURVE_WITH_KNOTS((1,2
    ,2,2,2,1),(-2.094395102393,0.,2.094395102393,4.188790204786,
6.28318530718,8.377580409573),.UNSPECIFIED.) CURVE() 
GEOMETRIC_REPRESENTATION_ITEM() RATIONAL_B_SPLINE_CURVE((1.,0.5,1.,0.5,
1.,0.5,1.)) REPRESENTATION_ITEM('') );
#4357 = CARTESIAN_POINT('',(-1.096843235714E-15,-20.955));
#4358 = CARTESIAN_POINT('',(-36.2951246726,-20.955));
#4359 = CARTESIAN_POINT('',(-18.1475623363,10.4775));
#4360 = CARTESIAN_POINT('',(-6.229337970941E-15,41.91));
#4361 = CARTESIAN_POINT('',(18.147562336303,10.4775));
#4362 = CARTESIAN_POINT('',(36.295124672606,-20.955));
#4363 = CARTESIAN_POINT('',(-1.096843235714E-15,-20.955));
#4364 = ( GEOMETRIC_REPRESENTATION_CONTEXT(2) 
PARAMETRIC_REPRESENTATION_CONTEXT() REPRESENTATION_CONTEXT('2D SPACE',''
  ) );
#4365 = PCURVE('',#4366,#4371);
#4366 = CYLINDRICAL_SURFACE('',#4367,20.955);
#4367 = AXIS2_PLACEMENT_3D('',#4368,#4369,#4370);
#4368 = CARTESIAN_POINT('',(53.,0.,0.));
#4369 = DIRECTION('',(-1.,-0.,-0.));
#4370 = DIRECTION('',(0.,1.,0.));
#4371 = DEFINITIONAL_REPRESENTATION('',(#4372),#4376);
#4372 = LINE('',#4373,#4374);
#4373 = CARTESIAN_POINT('',(-6.28318530718,-4.963636363636));
#4374 = VECTOR('',#4375,1.);
#4375 = DIRECTION('',(1.,-0.));
#4376 = ( GEOMETRIC_REPRESENTATION_CONTEXT(2) 
PARAMETRIC_REPRESENTATION_CONTEXT() REPRESENTATION_CONTEXT('2D SPACE',''
  ) );
#4377 = FACE_BOUND('',#4378,.F.);
#4378 = EDGE_LOOP('',(#4379));
#4379 = ORIENTED_EDGE('',*,*,#4258,.F.);
#4380 = ADVANCED_FACE('',(#4381,#4416),#4330,.T.);
#4381 = FACE_BOUND('',#4382,.T.);
#4382 = EDGE_LOOP('',(#4383));
#4383 = ORIENTED_EDGE('',*,*,#4384,.F.);
#4384 = EDGE_CURVE('',#4385,#4385,#4387,.T.);
#4385 = VERTEX_POINT('',#4386);
#4386 = CARTESIAN_POINT('',(-59.64545454545,20.955,0.));
#4387 = SURFACE_CURVE('',#4388,(#4393,#4404),.PCURVE_S1.);
#4388 = CIRCLE('',#4389,20.955);
#4389 = AXIS2_PLACEMENT_3D('',#4390,#4391,#4392);
#4390 = CARTESIAN_POINT('',(-59.64545454545,0.,0.));
#4391 = DIRECTION('',(-1.,0.,0.));
#4392 = DIRECTION('',(0.,1.,0.));
#4393 = PCURVE('',#4330,#4394);
#4394 = DEFINITIONAL_REPRESENTATION('',(#4395),#4403);
#4395 = ( BOUNDED_CURVE() B_SPLINE_CURVE(2,(#4396,#4397,#4398,#4399,
#4400,#4401,#4402),.UNSPECIFIED.,.T.,.F.) B_SPLINE_CURVE_WITH_KNOTS((1,2
    ,2,2,2,1),(-2.094395102393,0.,2.094395102393,4.188790204786,
6.28318530718,8.377580409573),.UNSPECIFIED.) CURVE() 
GEOMETRIC_REPRESENTATION_ITEM() RATIONAL_B_SPLINE_CURVE((1.,0.5,1.,0.5,
1.,0.5,1.)) REPRESENTATION_ITEM('') );
#4396 = CARTESIAN_POINT('',(-1.096843235714E-15,-20.955));
#4397 = CARTESIAN_POINT('',(-36.2951246726,-20.955));
#4398 = CARTESIAN_POINT('',(-18.1475623363,10.4775));
#4399 = CARTESIAN_POINT('',(-6.229337970941E-15,41.91));
#4400 = CARTESIAN_POINT('',(18.147562336303,10.4775));
#4401 = CARTESIAN_POINT('',(36.295124672606,-20.955));
#4402 = CARTESIAN_POINT('',(-1.096843235714E-15,-20.955));
#4403 = ( GEOMETRIC_REPRESENTATION_CONTEXT(2) 
PARAMETRIC_REPRESENTATION_CONTEXT() REPRESENTATION_CONTEXT('2D SPACE',''
  ) );
#4404 = PCURVE('',#4405,#4410);
#4405 = CYLINDRICAL_SURFACE('',#4406,20.955);
#4406 = AXIS2_PLACEMENT_3D('',#4407,#4408,#4409);
#4407 = CARTESIAN_POINT('',(-75.,0.,0.));
#4408 = DIRECTION('',(-1.,-0.,-0.));
#4409 = DIRECTION('',(0.,1.,0.));
#4410 = DEFINITIONAL_REPRESENTATION('',(#4411),#4415);
#4411 = LINE('',#4412,#4413);
#4412 = CARTESIAN_POINT('',(-6.28318530718,-15.35454545454));
#4413 = VECTOR('',#4414,1.);
#4414 = DIRECTION('',(1.,-0.));
#4415 = ( GEOMETRIC_REPRESENTATION_CONTEXT(2) 
PARAMETRIC_REPRESENTATION_CONTEXT() REPRESENTATION_CONTEXT('2D SPACE',''
  ) );
#4416 = FACE_BOUND('',#4417,.T.);
#4417 = EDGE_LOOP('',(#4418));
#4418 = ORIENTED_EDGE('',*,*,#4315,.F.);
#4419 = ADVANCED_FACE('',(#4420),#4366,.T.);
#4420 = FACE_BOUND('',#4421,.F.);
#4421 = EDGE_LOOP('',(#4422,#4445,#4446,#4447));
#4422 = ORIENTED_EDGE('',*,*,#4423,.F.);
#4423 = EDGE_CURVE('',#4346,#4424,#4426,.T.);
#4424 = VERTEX_POINT('',#4425);
#4425 = CARTESIAN_POINT('',(59.118181818182,20.955,0.));
#4426 = SEAM_CURVE('',#4427,(#4431,#4438),.PCURVE_S1.);
#4427 = LINE('',#4428,#4429);
#4428 = CARTESIAN_POINT('',(53.,20.955,0.));
#4429 = VECTOR('',#4430,1.);
#4430 = DIRECTION('',(1.,0.,0.));
#4431 = PCURVE('',#4366,#4432);
#4432 = DEFINITIONAL_REPRESENTATION('',(#4433),#4437);
#4433 = LINE('',#4434,#4435);
#4434 = CARTESIAN_POINT('',(-6.28318530718,0.));
#4435 = VECTOR('',#4436,1.);
#4436 = DIRECTION('',(-0.,-1.));
#4437 = ( GEOMETRIC_REPRESENTATION_CONTEXT(2) 
PARAMETRIC_REPRESENTATION_CONTEXT() REPRESENTATION_CONTEXT('2D SPACE',''
  ) );
#4438 = PCURVE('',#4366,#4439);
#4439 = DEFINITIONAL_REPRESENTATION('',(#4440),#4444);
#4440 = LINE('',#4441,#4442);
#4441 = CARTESIAN_POINT('',(-0.,0.));
#4442 = VECTOR('',#4443,1.);
#4443 = DIRECTION('',(-0.,-1.));
#4444 = ( GEOMETRIC_REPRESENTATION_CONTEXT(2) 
PARAMETRIC_REPRESENTATION_CONTEXT() REPRESENTATION_CONTEXT('2D SPACE',''
  ) );
#4445 = ORIENTED_EDGE('',*,*,#4345,.T.);
#4446 = ORIENTED_EDGE('',*,*,#4423,.T.);
#4447 = ORIENTED_EDGE('',*,*,#4448,.F.);
#4448 = EDGE_CURVE('',#4424,#4424,#4449,.T.);
#4449 = SURFACE_CURVE('',#4450,(#4455,#4462),.PCURVE_S1.);
#4450 = CIRCLE('',#4451,20.955);
#4451 = AXIS2_PLACEMENT_3D('',#4452,#4453,#4454);
#4452 = CARTESIAN_POINT('',(59.118181818182,0.,0.));
#4453 = DIRECTION('',(-1.,0.,0.));
#4454 = DIRECTION('',(0.,1.,0.));
#4455 = PCURVE('',#4366,#4456);
#4456 = DEFINITIONAL_REPRESENTATION('',(#4457),#4461);
#4457 = LINE('',#4458,#4459);
#4458 = CARTESIAN_POINT('',(-6.28318530718,-6.118181818182));
#4459 = VECTOR('',#4460,1.);
#4460 = DIRECTION('',(1.,-0.));
#4461 = ( GEOMETRIC_REPRESENTATION_CONTEXT(2) 
PARAMETRIC_REPRESENTATION_CONTEXT() REPRESENTATION_CONTEXT('2D SPACE',''
  ) );
#4462 = PCURVE('',#4463,#4468);
#4463 = PLANE('',#4464);
#4464 = AXIS2_PLACEMENT_3D('',#4465,#4466,#4467);
#4465 = CARTESIAN_POINT('',(59.118181818182,-4.982701462225E-16,
    1.096843235714E-15));
#4466 = DIRECTION('',(1.,0.,0.));
#4467 = DIRECTION('',(-0.,0.,1.));
#4468 = DEFINITIONAL_REPRESENTATION('',(#4469),#4477);
#4469 = ( BOUNDED_CURVE() B_SPLINE_CURVE(2,(#4470,#4471,#4472,#4473,
#4474,#4475,#4476),.UNSPECIFIED.,.T.,.F.) B_SPLINE_CURVE_WITH_KNOTS((1,2
    ,2,2,2,1),(-2.094395102393,0.,2.094395102393,4.188790204786,
6.28318530718,8.377580409573),.UNSPECIFIED.) CURVE() 
GEOMETRIC_REPRESENTATION_ITEM() RATIONAL_B_SPLINE_CURVE((1.,0.5,1.,0.5,
1.,0.5,1.)) REPRESENTATION_ITEM('') );
#4470 = CARTESIAN_POINT('',(-1.096843235714E-15,-20.955));
#4471 = CARTESIAN_POINT('',(-36.2951246726,-20.955));
#4472 = CARTESIAN_POINT('',(-18.1475623363,10.4775));
#4473 = CARTESIAN_POINT('',(-6.229337970941E-15,41.91));
#4474 = CARTESIAN_POINT('',(18.147562336303,10.4775));
#4475 = CARTESIAN_POINT('',(36.295124672606,-20.955));
#4476 = CARTESIAN_POINT('',(-1.096843235714E-15,-20.955));
#4477 = ( GEOMETRIC_REPRESENTATION_CONTEXT(2) 
PARAMETRIC_REPRESENTATION_CONTEXT() REPRESENTATION_CONTEXT('2D SPACE',''
  ) );
#4478 = ADVANCED_FACE('',(#4479),#4405,.T.);
#4479 = FACE_BOUND('',#4480,.F.);
#4480 = EDGE_LOOP('',(#4481,#4504,#4535,#4536));
#4481 = ORIENTED_EDGE('',*,*,#4482,.F.);
#4482 = EDGE_CURVE('',#4483,#4385,#4485,.T.);
#4483 = VERTEX_POINT('',#4484);
#4484 = CARTESIAN_POINT('',(-60.8,20.955,0.));
#4485 = SEAM_CURVE('',#4486,(#4490,#4497),.PCURVE_S1.);
#4486 = LINE('',#4487,#4488);
#4487 = CARTESIAN_POINT('',(-75.,20.955,0.));
#4488 = VECTOR('',#4489,1.);
#4489 = DIRECTION('',(1.,0.,0.));
#4490 = PCURVE('',#4405,#4491);
#4491 = DEFINITIONAL_REPRESENTATION('',(#4492),#4496);
#4492 = LINE('',#4493,#4494);
#4493 = CARTESIAN_POINT('',(-6.28318530718,0.));
#4494 = VECTOR('',#4495,1.);
#4495 = DIRECTION('',(-0.,-1.));
#4496 = ( GEOMETRIC_REPRESENTATION_CONTEXT(2) 
PARAMETRIC_REPRESENTATION_CONTEXT() REPRESENTATION_CONTEXT('2D SPACE',''
  ) );
#4497 = PCURVE('',#4405,#4498);
#4498 = DEFINITIONAL_REPRESENTATION('',(#4499),#4503);
#4499 = LINE('',#4500,#4501);
#4500 = CARTESIAN_POINT('',(-0.,0.));
#4501 = VECTOR('',#4502,1.);
#4502 = DIRECTION('',(-0.,-1.));
#4503 = ( GEOMETRIC_REPRESENTATION_CONTEXT(2) 
PARAMETRIC_REPRESENTATION_CONTEXT() REPRESENTATION_CONTEXT('2D SPACE',''
  ) );
#4504 = ORIENTED_EDGE('',*,*,#4505,.T.);
#4505 = EDGE_CURVE('',#4483,#4483,#4506,.T.);
#4506 = SURFACE_CURVE('',#4507,(#4512,#4519),.PCURVE_S1.);
#4507 = CIRCLE('',#4508,20.955);
#4508 = AXIS2_PLACEMENT_3D('',#4509,#4510,#4511);
#4509 = CARTESIAN_POINT('',(-60.8,0.,0.));
#4510 = DIRECTION('',(-1.,0.,0.));
#4511 = DIRECTION('',(0.,1.,0.));
#4512 = PCURVE('',#4405,#4513);
#4513 = DEFINITIONAL_REPRESENTATION('',(#4514),#4518);
#4514 = LINE('',#4515,#4516);
#4515 = CARTESIAN_POINT('',(-6.28318530718,-14.2));
#4516 = VECTOR('',#4517,1.);
#4517 = DIRECTION('',(1.,-0.));
#4518 = ( GEOMETRIC_REPRESENTATION_CONTEXT(2) 
PARAMETRIC_REPRESENTATION_CONTEXT() REPRESENTATION_CONTEXT('2D SPACE',''
  ) );
#4519 = PCURVE('',#4520,#4525);
#4520 = PLANE('',#4521);
#4521 = AXIS2_PLACEMENT_3D('',#4522,#4523,#4524);
#4522 = CARTESIAN_POINT('',(-60.8,-4.982701462225E-16,1.096843235714E-15
    ));
#4523 = DIRECTION('',(1.,0.,0.));
#4524 = DIRECTION('',(-0.,0.,1.));
#4525 = DEFINITIONAL_REPRESENTATION('',(#4526),#4534);
#4526 = ( BOUNDED_CURVE() B_SPLINE_CURVE(2,(#4527,#4528,#4529,#4530,
#4531,#4532,#4533),.UNSPECIFIED.,.T.,.F.) B_SPLINE_CURVE_WITH_KNOTS((1,2
    ,2,2,2,1),(-2.094395102393,0.,2.094395102393,4.188790204786,
6.28318530718,8.377580409573),.UNSPECIFIED.) CURVE() 
GEOMETRIC_REPRESENTATION_ITEM() RATIONAL_B_SPLINE_CURVE((1.,0.5,1.,0.5,
1.,0.5,1.)) REPRESENTATION_ITEM('') );
#4527 = CARTESIAN_POINT('',(-1.096843235714E-15,-20.955));
#4528 = CARTESIAN_POINT('',(-36.2951246726,-20.955));
#4529 = CARTESIAN_POINT('',(-18.1475623363,10.4775));
#4530 = CARTESIAN_POINT('',(-6.229337970941E-15,41.91));
#4531 = CARTESIAN_POINT('',(18.147562336303,10.4775));
#4532 = CARTESIAN_POINT('',(36.295124672606,-20.955));
#4533 = CARTESIAN_POINT('',(-1.096843235714E-15,-20.955));
#4534 = ( GEOMETRIC_REPRESENTATION_CONTEXT(2) 
PARAMETRIC_REPRESENTATION_CONTEXT() REPRESENTATION_CONTEXT('2D SPACE',''
  ) );
#4535 = ORIENTED_EDGE('',*,*,#4482,.T.);
#4536 = ORIENTED_EDGE('',*,*,#4384,.F.);
#4537 = ADVANCED_FACE('',(#4538,#4541),#4463,.T.);
#4538 = FACE_BOUND('',#4539,.T.);
#4539 = EDGE_LOOP('',(#4540));
#4540 = ORIENTED_EDGE('',*,*,#4448,.F.);
#4541 = FACE_BOUND('',#4542,.T.);
#4542 = EDGE_LOOP('',(#4543));
#4543 = ORIENTED_EDGE('',*,*,#4544,.F.);
#4544 = EDGE_CURVE('',#4545,#4545,#4547,.T.);
#4545 = VERTEX_POINT('',#4546);
#4546 = CARTESIAN_POINT('',(59.118181818182,20.216090909091,
    1.294543813728E-15));
#4547 = SURFACE_CURVE('',#4548,(#4553,#4560),.PCURVE_S1.);
#4548 = CIRCLE('',#4549,20.216090909091);
#4549 = AXIS2_PLACEMENT_3D('',#4550,#4551,#4552);
#4550 = CARTESIAN_POINT('',(59.118181818182,1.038871410517E-13,
    1.294543813728E-15));
#4551 = DIRECTION('',(1.,0.,0.));
#4552 = DIRECTION('',(0.,1.,0.));
#4553 = PCURVE('',#4463,#4554);
#4554 = DEFINITIONAL_REPRESENTATION('',(#4555),#4559);
#4555 = CIRCLE('',#4556,20.216090909091);
#4556 = AXIS2_PLACEMENT_2D('',#4557,#4558);
#4557 = CARTESIAN_POINT('',(1.977005780142E-16,-1.043854111979E-13));
#4558 = DIRECTION('',(0.,-1.));
#4559 = ( GEOMETRIC_REPRESENTATION_CONTEXT(2) 
PARAMETRIC_REPRESENTATION_CONTEXT() REPRESENTATION_CONTEXT('2D SPACE',''
  ) );
#4560 = PCURVE('',#4561,#4566);
#4561 = CYLINDRICAL_SURFACE('',#4562,20.216090909091);
#4562 = AXIS2_PLACEMENT_3D('',#4563,#4564,#4565);
#4563 = CARTESIAN_POINT('',(59.118181818182,1.038871410517E-13,
    1.294543813728E-15));
#4564 = DIRECTION('',(-1.,-0.,-0.));
#4565 = DIRECTION('',(0.,1.,0.));
#4566 = DEFINITIONAL_REPRESENTATION('',(#4567),#4571);
#4567 = LINE('',#4568,#4569);
#4568 = CARTESIAN_POINT('',(-0.,0.));
#4569 = VECTOR('',#4570,1.);
#4570 = DIRECTION('',(-1.,0.));
#4571 = ( GEOMETRIC_REPRESENTATION_CONTEXT(2) 
PARAMETRIC_REPRESENTATION_CONTEXT() REPRESENTATION_CONTEXT('2D SPACE',''
  ) );
#4572 = ADVANCED_FACE('',(#4573,#4576),#4520,.F.);
#4573 = FACE_BOUND('',#4574,.F.);
#4574 = EDGE_LOOP('',(#4575));
#4575 = ORIENTED_EDGE('',*,*,#4505,.F.);
#4576 = FACE_BOUND('',#4577,.F.);
#4577 = EDGE_LOOP('',(#4578));
#4578 = ORIENTED_EDGE('',*,*,#4579,.F.);
#4579 = EDGE_CURVE('',#4580,#4580,#4582,.T.);
#4580 = VERTEX_POINT('',#4581);
#4581 = CARTESIAN_POINT('',(-60.8,20.216090909091,1.294543813728E-15));
#4582 = SURFACE_CURVE('',#4583,(#4588,#4595),.PCURVE_S1.);
#4583 = CIRCLE('',#4584,20.216090909091);
#4584 = AXIS2_PLACEMENT_3D('',#4585,#4586,#4587);
#4585 = CARTESIAN_POINT('',(-60.8,1.038871410517E-13,1.294543813728E-15)
  );
#4586 = DIRECTION('',(1.,0.,0.));
#4587 = DIRECTION('',(0.,1.,0.));
#4588 = PCURVE('',#4520,#4589);
#4589 = DEFINITIONAL_REPRESENTATION('',(#4590),#4594);
#4590 = CIRCLE('',#4591,20.216090909091);
#4591 = AXIS2_PLACEMENT_2D('',#4592,#4593);
#4592 = CARTESIAN_POINT('',(1.977005780142E-16,-1.043854111979E-13));
#4593 = DIRECTION('',(0.,-1.));
#4594 = ( GEOMETRIC_REPRESENTATION_CONTEXT(2) 
PARAMETRIC_REPRESENTATION_CONTEXT() REPRESENTATION_CONTEXT('2D SPACE',''
  ) );
#4595 = PCURVE('',#4596,#4601);
#4596 = CYLINDRICAL_SURFACE('',#4597,20.216090909091);
#4597 = AXIS2_PLACEMENT_3D('',#4598,#4599,#4600);
#4598 = CARTESIAN_POINT('',(-61.95454545454,1.038871410517E-13,
    1.294543813728E-15));
#4599 = DIRECTION('',(-1.,-0.,-0.));
#4600 = DIRECTION('',(0.,1.,0.));
#4601 = DEFINITIONAL_REPRESENTATION('',(#4602),#4606);
#4602 = LINE('',#4603,#4604);
#4603 = CARTESIAN_POINT('',(-0.,-1.154545454545));
#4604 = VECTOR('',#4605,1.);
#4605 = DIRECTION('',(-1.,0.));
#4606 = ( GEOMETRIC_REPRESENTATION_CONTEXT(2) 
PARAMETRIC_REPRESENTATION_CONTEXT() REPRESENTATION_CONTEXT('2D SPACE',''
  ) );
#4607 = ADVANCED_FACE('',(#4608),#4561,.T.);
#4608 = FACE_BOUND('',#4609,.F.);
#4609 = EDGE_LOOP('',(#4610,#4633,#4660,#4661));
#4610 = ORIENTED_EDGE('',*,*,#4611,.T.);
#4611 = EDGE_CURVE('',#4545,#4612,#4614,.T.);
#4612 = VERTEX_POINT('',#4613);
#4613 = CARTESIAN_POINT('',(60.272727272727,20.216090909091,
    1.294543813728E-15));
#4614 = SEAM_CURVE('',#4615,(#4619,#4626),.PCURVE_S1.);
#4615 = LINE('',#4616,#4617);
#4616 = CARTESIAN_POINT('',(59.118181818182,20.216090909091,
    1.294543813728E-15));
#4617 = VECTOR('',#4618,1.);
#4618 = DIRECTION('',(1.,0.,0.));
#4619 = PCURVE('',#4561,#4620);
#4620 = DEFINITIONAL_REPRESENTATION('',(#4621),#4625);
#4621 = LINE('',#4622,#4623);
#4622 = CARTESIAN_POINT('',(-0.,0.));
#4623 = VECTOR('',#4624,1.);
#4624 = DIRECTION('',(-0.,-1.));
#4625 = ( GEOMETRIC_REPRESENTATION_CONTEXT(2) 
PARAMETRIC_REPRESENTATION_CONTEXT() REPRESENTATION_CONTEXT('2D SPACE',''
  ) );
#4626 = PCURVE('',#4561,#4627);
#4627 = DEFINITIONAL_REPRESENTATION('',(#4628),#4632);
#4628 = LINE('',#4629,#4630);
#4629 = CARTESIAN_POINT('',(-6.28318530718,0.));
#4630 = VECTOR('',#4631,1.);
#4631 = DIRECTION('',(-0.,-1.));
#4632 = ( GEOMETRIC_REPRESENTATION_CONTEXT(2) 
PARAMETRIC_REPRESENTATION_CONTEXT() REPRESENTATION_CONTEXT('2D SPACE',''
  ) );
#4633 = ORIENTED_EDGE('',*,*,#4634,.T.);
#4634 = EDGE_CURVE('',#4612,#4612,#4635,.T.);
#4635 = SURFACE_CURVE('',#4636,(#4641,#4648),.PCURVE_S1.);
#4636 = CIRCLE('',#4637,20.216090909091);
#4637 = AXIS2_PLACEMENT_3D('',#4638,#4639,#4640);
#4638 = CARTESIAN_POINT('',(60.272727272727,1.038871410517E-13,
    1.294543813728E-15));
#4639 = DIRECTION('',(1.,0.,0.));
#4640 = DIRECTION('',(0.,1.,0.));
#4641 = PCURVE('',#4561,#4642);
#4642 = DEFINITIONAL_REPRESENTATION('',(#4643),#4647);
#4643 = LINE('',#4644,#4645);
#4644 = CARTESIAN_POINT('',(-0.,-1.154545454545));
#4645 = VECTOR('',#4646,1.);
#4646 = DIRECTION('',(-1.,0.));
#4647 = ( GEOMETRIC_REPRESENTATION_CONTEXT(2) 
PARAMETRIC_REPRESENTATION_CONTEXT() REPRESENTATION_CONTEXT('2D SPACE',''
  ) );
#4648 = PCURVE('',#4649,#4654);
#4649 = PLANE('',#4650);
#4650 = AXIS2_PLACEMENT_3D('',#4651,#4652,#4653);
#4651 = CARTESIAN_POINT('',(60.272727272727,-4.982701462225E-16,
    1.096843235714E-15));
#4652 = DIRECTION('',(1.,0.,0.));
#4653 = DIRECTION('',(-0.,0.,1.));
#4654 = DEFINITIONAL_REPRESENTATION('',(#4655),#4659);
#4655 = CIRCLE('',#4656,20.216090909091);
#4656 = AXIS2_PLACEMENT_2D('',#4657,#4658);
#4657 = CARTESIAN_POINT('',(1.977005780142E-16,-1.043854111979E-13));
#4658 = DIRECTION('',(0.,-1.));
#4659 = ( GEOMETRIC_REPRESENTATION_CONTEXT(2) 
PARAMETRIC_REPRESENTATION_CONTEXT() REPRESENTATION_CONTEXT('2D SPACE',''
  ) );
#4660 = ORIENTED_EDGE('',*,*,#4611,.F.);
#4661 = ORIENTED_EDGE('',*,*,#4544,.F.);
#4662 = ADVANCED_FACE('',(#4663),#4596,.T.);
#4663 = FACE_BOUND('',#4664,.F.);
#4664 = EDGE_LOOP('',(#4665,#4688,#4689,#4690));
#4665 = ORIENTED_EDGE('',*,*,#4666,.T.);
#4666 = EDGE_CURVE('',#4667,#4580,#4669,.T.);
#4667 = VERTEX_POINT('',#4668);
#4668 = CARTESIAN_POINT('',(-61.95454545454,20.216090909091,
    1.294543813728E-15));
#4669 = SEAM_CURVE('',#4670,(#4674,#4681),.PCURVE_S1.);
#4670 = LINE('',#4671,#4672);
#4671 = CARTESIAN_POINT('',(-61.95454545454,20.216090909091,
    1.294543813728E-15));
#4672 = VECTOR('',#4673,1.);
#4673 = DIRECTION('',(1.,0.,0.));
#4674 = PCURVE('',#4596,#4675);
#4675 = DEFINITIONAL_REPRESENTATION('',(#4676),#4680);
#4676 = LINE('',#4677,#4678);
#4677 = CARTESIAN_POINT('',(-0.,0.));
#4678 = VECTOR('',#4679,1.);
#4679 = DIRECTION('',(-0.,-1.));
#4680 = ( GEOMETRIC_REPRESENTATION_CONTEXT(2) 
PARAMETRIC_REPRESENTATION_CONTEXT() REPRESENTATION_CONTEXT('2D SPACE',''
  ) );
#4681 = PCURVE('',#4596,#4682);
#4682 = DEFINITIONAL_REPRESENTATION('',(#4683),#4687);
#4683 = LINE('',#4684,#4685);
#4684 = CARTESIAN_POINT('',(-6.28318530718,0.));
#4685 = VECTOR('',#4686,1.);
#4686 = DIRECTION('',(-0.,-1.));
#4687 = ( GEOMETRIC_REPRESENTATION_CONTEXT(2) 
PARAMETRIC_REPRESENTATION_CONTEXT() REPRESENTATION_CONTEXT('2D SPACE',''
  ) );
#4688 = ORIENTED_EDGE('',*,*,#4579,.T.);
#4689 = ORIENTED_EDGE('',*,*,#4666,.F.);
#4690 = ORIENTED_EDGE('',*,*,#4691,.F.);
#4691 = EDGE_CURVE('',#4667,#4667,#4692,.T.);
#4692 = SURFACE_CURVE('',#4693,(#4698,#4705),.PCURVE_S1.);
#4693 = CIRCLE('',#4694,20.216090909091);
#4694 = AXIS2_PLACEMENT_3D('',#4695,#4696,#4697);
#4695 = CARTESIAN_POINT('',(-61.95454545454,1.038871410517E-13,
    1.294543813728E-15));
#4696 = DIRECTION('',(1.,0.,0.));
#4697 = DIRECTION('',(0.,1.,0.));
#4698 = PCURVE('',#4596,#4699);
#4699 = DEFINITIONAL_REPRESENTATION('',(#4700),#4704);
#4700 = LINE('',#4701,#4702);
#4701 = CARTESIAN_POINT('',(-0.,0.));
#4702 = VECTOR('',#4703,1.);
#4703 = DIRECTION('',(-1.,0.));
#4704 = ( GEOMETRIC_REPRESENTATION_CONTEXT(2) 
PARAMETRIC_REPRESENTATION_CONTEXT() REPRESENTATION_CONTEXT('2D SPACE',''
  ) );
#4705 = PCURVE('',#4706,#4711);
#4706 = PLANE('',#4707);
#4707 = AXIS2_PLACEMENT_3D('',#4708,#4709,#4710);
#4708 = CARTESIAN_POINT('',(-61.95454545454,-4.982701462225E-16,
    1.096843235714E-15));
#4709 = DIRECTION('',(1.,0.,0.));
#4710 = DIRECTION('',(-0.,0.,1.));
#4711 = DEFINITIONAL_REPRESENTATION('',(#4712),#4716);
#4712 = CIRCLE('',#4713,20.216090909091);
#4713 = AXIS2_PLACEMENT_2D('',#4714,#4715);
#4714 = CARTESIAN_POINT('',(1.977005780142E-16,-1.043854111979E-13));
#4715 = DIRECTION('',(0.,-1.));
#4716 = ( GEOMETRIC_REPRESENTATION_CONTEXT(2) 
PARAMETRIC_REPRESENTATION_CONTEXT() REPRESENTATION_CONTEXT('2D SPACE',''
  ) );
#4717 = ADVANCED_FACE('',(#4718,#4753),#4649,.F.);
#4718 = FACE_BOUND('',#4719,.F.);
#4719 = EDGE_LOOP('',(#4720));
#4720 = ORIENTED_EDGE('',*,*,#4721,.F.);
#4721 = EDGE_CURVE('',#4722,#4722,#4724,.T.);
#4722 = VERTEX_POINT('',#4723);
#4723 = CARTESIAN_POINT('',(60.272727272727,20.955,0.));
#4724 = SURFACE_CURVE('',#4725,(#4730,#4741),.PCURVE_S1.);
#4725 = CIRCLE('',#4726,20.955);
#4726 = AXIS2_PLACEMENT_3D('',#4727,#4728,#4729);
#4727 = CARTESIAN_POINT('',(60.272727272727,0.,0.));
#4728 = DIRECTION('',(-1.,0.,0.));
#4729 = DIRECTION('',(0.,1.,0.));
#4730 = PCURVE('',#4649,#4731);
#4731 = DEFINITIONAL_REPRESENTATION('',(#4732),#4740);
#4732 = ( BOUNDED_CURVE() B_SPLINE_CURVE(2,(#4733,#4734,#4735,#4736,
#4737,#4738,#4739),.UNSPECIFIED.,.T.,.F.) B_SPLINE_CURVE_WITH_KNOTS((1,2
    ,2,2,2,1),(-2.094395102393,0.,2.094395102393,4.188790204786,
6.28318530718,8.377580409573),.UNSPECIFIED.) CURVE() 
GEOMETRIC_REPRESENTATION_ITEM() RATIONAL_B_SPLINE_CURVE((1.,0.5,1.,0.5,
1.,0.5,1.)) REPRESENTATION_ITEM('') );
#4733 = CARTESIAN_POINT('',(-1.096843235714E-15,-20.955));
#4734 = CARTESIAN_POINT('',(-36.2951246726,-20.955));
#4735 = CARTESIAN_POINT('',(-18.1475623363,10.4775));
#4736 = CARTESIAN_POINT('',(-6.229337970941E-15,41.91));
#4737 = CARTESIAN_POINT('',(18.147562336303,10.4775));
#4738 = CARTESIAN_POINT('',(36.295124672606,-20.955));
#4739 = CARTESIAN_POINT('',(-1.096843235714E-15,-20.955));
#4740 = ( GEOMETRIC_REPRESENTATION_CONTEXT(2) 
PARAMETRIC_REPRESENTATION_CONTEXT() REPRESENTATION_CONTEXT('2D SPACE',''
  ) );
#4741 = PCURVE('',#4742,#4747);
#4742 = CYLINDRICAL_SURFACE('',#4743,20.955);
#4743 = AXIS2_PLACEMENT_3D('',#4744,#4745,#4746);
#4744 = CARTESIAN_POINT('',(53.,0.,0.));
#4745 = DIRECTION('',(-1.,-0.,-0.));
#4746 = DIRECTION('',(0.,1.,0.));
#4747 = DEFINITIONAL_REPRESENTATION('',(#4748),#4752);
#4748 = LINE('',#4749,#4750);
#4749 = CARTESIAN_POINT('',(-6.28318530718,-7.272727272727));
#4750 = VECTOR('',#4751,1.);
#4751 = DIRECTION('',(1.,-0.));
#4752 = ( GEOMETRIC_REPRESENTATION_CONTEXT(2) 
PARAMETRIC_REPRESENTATION_CONTEXT() REPRESENTATION_CONTEXT('2D SPACE',''
  ) );
#4753 = FACE_BOUND('',#4754,.F.);
#4754 = EDGE_LOOP('',(#4755));
#4755 = ORIENTED_EDGE('',*,*,#4634,.F.);
#4756 = ADVANCED_FACE('',(#4757,#4792),#4706,.T.);
#4757 = FACE_BOUND('',#4758,.T.);
#4758 = EDGE_LOOP('',(#4759));
#4759 = ORIENTED_EDGE('',*,*,#4760,.F.);
#4760 = EDGE_CURVE('',#4761,#4761,#4763,.T.);
#4761 = VERTEX_POINT('',#4762);
#4762 = CARTESIAN_POINT('',(-61.95454545454,20.955,0.));
#4763 = SURFACE_CURVE('',#4764,(#4769,#4780),.PCURVE_S1.);
#4764 = CIRCLE('',#4765,20.955);
#4765 = AXIS2_PLACEMENT_3D('',#4766,#4767,#4768);
#4766 = CARTESIAN_POINT('',(-61.95454545454,0.,0.));
#4767 = DIRECTION('',(-1.,0.,0.));
#4768 = DIRECTION('',(0.,1.,0.));
#4769 = PCURVE('',#4706,#4770);
#4770 = DEFINITIONAL_REPRESENTATION('',(#4771),#4779);
#4771 = ( BOUNDED_CURVE() B_SPLINE_CURVE(2,(#4772,#4773,#4774,#4775,
#4776,#4777,#4778),.UNSPECIFIED.,.T.,.F.) B_SPLINE_CURVE_WITH_KNOTS((1,2
    ,2,2,2,1),(-2.094395102393,0.,2.094395102393,4.188790204786,
6.28318530718,8.377580409573),.UNSPECIFIED.) CURVE() 
GEOMETRIC_REPRESENTATION_ITEM() RATIONAL_B_SPLINE_CURVE((1.,0.5,1.,0.5,
1.,0.5,1.)) REPRESENTATION_ITEM('') );
#4772 = CARTESIAN_POINT('',(-1.096843235714E-15,-20.955));
#4773 = CARTESIAN_POINT('',(-36.2951246726,-20.955));
#4774 = CARTESIAN_POINT('',(-18.1475623363,10.4775));
#4775 = CARTESIAN_POINT('',(-6.229337970941E-15,41.91));
#4776 = CARTESIAN_POINT('',(18.147562336303,10.4775));
#4777 = CARTESIAN_POINT('',(36.295124672606,-20.955));
#4778 = CARTESIAN_POINT('',(-1.096843235714E-15,-20.955));
#4779 = ( GEOMETRIC_REPRESENTATION_CONTEXT(2) 
PARAMETRIC_REPRESENTATION_CONTEXT() REPRESENTATION_CONTEXT('2D SPACE',''
  ) );
#4780 = PCURVE('',#4781,#4786);
#4781 = CYLINDRICAL_SURFACE('',#4782,20.955);
#4782 = AXIS2_PLACEMENT_3D('',#4783,#4784,#4785);
#4783 = CARTESIAN_POINT('',(-75.,0.,0.));
#4784 = DIRECTION('',(-1.,-0.,-0.));
#4785 = DIRECTION('',(0.,1.,0.));
#4786 = DEFINITIONAL_REPRESENTATION('',(#4787),#4791);
#4787 = LINE('',#4788,#4789);
#4788 = CARTESIAN_POINT('',(-6.28318530718,-13.04545454545));
#4789 = VECTOR('',#4790,1.);
#4790 = DIRECTION('',(1.,-0.));
#4791 = ( GEOMETRIC_REPRESENTATION_CONTEXT(2) 
PARAMETRIC_REPRESENTATION_CONTEXT() REPRESENTATION_CONTEXT('2D SPACE',''
  ) );
#4792 = FACE_BOUND('',#4793,.T.);
#4793 = EDGE_LOOP('',(#4794));
#4794 = ORIENTED_EDGE('',*,*,#4691,.F.);
#4795 = ADVANCED_FACE('',(#4796),#4742,.T.);
#4796 = FACE_BOUND('',#4797,.F.);
#4797 = EDGE_LOOP('',(#4798,#4821,#4822,#4823));
#4798 = ORIENTED_EDGE('',*,*,#4799,.F.);
#4799 = EDGE_CURVE('',#4722,#4800,#4802,.T.);
#4800 = VERTEX_POINT('',#4801);
#4801 = CARTESIAN_POINT('',(61.427272727273,20.955,0.));
#4802 = SEAM_CURVE('',#4803,(#4807,#4814),.PCURVE_S1.);
#4803 = LINE('',#4804,#4805);
#4804 = CARTESIAN_POINT('',(53.,20.955,0.));
#4805 = VECTOR('',#4806,1.);
#4806 = DIRECTION('',(1.,0.,0.));
#4807 = PCURVE('',#4742,#4808);
#4808 = DEFINITIONAL_REPRESENTATION('',(#4809),#4813);
#4809 = LINE('',#4810,#4811);
#4810 = CARTESIAN_POINT('',(-6.28318530718,0.));
#4811 = VECTOR('',#4812,1.);
#4812 = DIRECTION('',(-0.,-1.));
#4813 = ( GEOMETRIC_REPRESENTATION_CONTEXT(2) 
PARAMETRIC_REPRESENTATION_CONTEXT() REPRESENTATION_CONTEXT('2D SPACE',''
  ) );
#4814 = PCURVE('',#4742,#4815);
#4815 = DEFINITIONAL_REPRESENTATION('',(#4816),#4820);
#4816 = LINE('',#4817,#4818);
#4817 = CARTESIAN_POINT('',(-0.,0.));
#4818 = VECTOR('',#4819,1.);
#4819 = DIRECTION('',(-0.,-1.));
#4820 = ( GEOMETRIC_REPRESENTATION_CONTEXT(2) 
PARAMETRIC_REPRESENTATION_CONTEXT() REPRESENTATION_CONTEXT('2D SPACE',''
  ) );
#4821 = ORIENTED_EDGE('',*,*,#4721,.T.);
#4822 = ORIENTED_EDGE('',*,*,#4799,.T.);
#4823 = ORIENTED_EDGE('',*,*,#4824,.F.);
#4824 = EDGE_CURVE('',#4800,#4800,#4825,.T.);
#4825 = SURFACE_CURVE('',#4826,(#4831,#4838),.PCURVE_S1.);
#4826 = CIRCLE('',#4827,20.955);
#4827 = AXIS2_PLACEMENT_3D('',#4828,#4829,#4830);
#4828 = CARTESIAN_POINT('',(61.427272727273,0.,0.));
#4829 = DIRECTION('',(-1.,0.,0.));
#4830 = DIRECTION('',(0.,1.,0.));
#4831 = PCURVE('',#4742,#4832);
#4832 = DEFINITIONAL_REPRESENTATION('',(#4833),#4837);
#4833 = LINE('',#4834,#4835);
#4834 = CARTESIAN_POINT('',(-6.28318530718,-8.427272727273));
#4835 = VECTOR('',#4836,1.);
#4836 = DIRECTION('',(1.,-0.));
#4837 = ( GEOMETRIC_REPRESENTATION_CONTEXT(2) 
PARAMETRIC_REPRESENTATION_CONTEXT() REPRESENTATION_CONTEXT('2D SPACE',''
  ) );
#4838 = PCURVE('',#4839,#4844);
#4839 = PLANE('',#4840);
#4840 = AXIS2_PLACEMENT_3D('',#4841,#4842,#4843);
#4841 = CARTESIAN_POINT('',(61.427272727273,-4.982701462225E-16,
    1.096843235714E-15));
#4842 = DIRECTION('',(1.,0.,0.));
#4843 = DIRECTION('',(-0.,0.,1.));
#4844 = DEFINITIONAL_REPRESENTATION('',(#4845),#4853);
#4845 = ( BOUNDED_CURVE() B_SPLINE_CURVE(2,(#4846,#4847,#4848,#4849,
#4850,#4851,#4852),.UNSPECIFIED.,.T.,.F.) B_SPLINE_CURVE_WITH_KNOTS((1,2
    ,2,2,2,1),(-2.094395102393,0.,2.094395102393,4.188790204786,
6.28318530718,8.377580409573),.UNSPECIFIED.) CURVE() 
GEOMETRIC_REPRESENTATION_ITEM() RATIONAL_B_SPLINE_CURVE((1.,0.5,1.,0.5,
1.,0.5,1.)) REPRESENTATION_ITEM('') );
#4846 = CARTESIAN_POINT('',(-1.096843235714E-15,-20.955));
#4847 = CARTESIAN_POINT('',(-36.2951246726,-20.955));
#4848 = CARTESIAN_POINT('',(-18.1475623363,10.4775));
#4849 = CARTESIAN_POINT('',(-6.229337970941E-15,41.91));
#4850 = CARTESIAN_POINT('',(18.147562336303,10.4775));
#4851 = CARTESIAN_POINT('',(36.295124672606,-20.955));
#4852 = CARTESIAN_POINT('',(-1.096843235714E-15,-20.955));
#4853 = ( GEOMETRIC_REPRESENTATION_CONTEXT(2) 
PARAMETRIC_REPRESENTATION_CONTEXT() REPRESENTATION_CONTEXT('2D SPACE',''
  ) );
#4854 = ADVANCED_FACE('',(#4855),#4781,.T.);
#4855 = FACE_BOUND('',#4856,.F.);
#4856 = EDGE_LOOP('',(#4857,#4880,#4911,#4912));
#4857 = ORIENTED_EDGE('',*,*,#4858,.F.);
#4858 = EDGE_CURVE('',#4859,#4761,#4861,.T.);
#4859 = VERTEX_POINT('',#4860);
#4860 = CARTESIAN_POINT('',(-63.10909090909,20.955,0.));
#4861 = SEAM_CURVE('',#4862,(#4866,#4873),.PCURVE_S1.);
#4862 = LINE('',#4863,#4864);
#4863 = CARTESIAN_POINT('',(-75.,20.955,0.));
#4864 = VECTOR('',#4865,1.);
#4865 = DIRECTION('',(1.,0.,0.));
#4866 = PCURVE('',#4781,#4867);
#4867 = DEFINITIONAL_REPRESENTATION('',(#4868),#4872);
#4868 = LINE('',#4869,#4870);
#4869 = CARTESIAN_POINT('',(-6.28318530718,0.));
#4870 = VECTOR('',#4871,1.);
#4871 = DIRECTION('',(-0.,-1.));
#4872 = ( GEOMETRIC_REPRESENTATION_CONTEXT(2) 
PARAMETRIC_REPRESENTATION_CONTEXT() REPRESENTATION_CONTEXT('2D SPACE',''
  ) );
#4873 = PCURVE('',#4781,#4874);
#4874 = DEFINITIONAL_REPRESENTATION('',(#4875),#4879);
#4875 = LINE('',#4876,#4877);
#4876 = CARTESIAN_POINT('',(-0.,0.));
#4877 = VECTOR('',#4878,1.);
#4878 = DIRECTION('',(-0.,-1.));
#4879 = ( GEOMETRIC_REPRESENTATION_CONTEXT(2) 
PARAMETRIC_REPRESENTATION_CONTEXT() REPRESENTATION_CONTEXT('2D SPACE',''
  ) );
#4880 = ORIENTED_EDGE('',*,*,#4881,.T.);
#4881 = EDGE_CURVE('',#4859,#4859,#4882,.T.);
#4882 = SURFACE_CURVE('',#4883,(#4888,#4895),.PCURVE_S1.);
#4883 = CIRCLE('',#4884,20.955);
#4884 = AXIS2_PLACEMENT_3D('',#4885,#4886,#4887);
#4885 = CARTESIAN_POINT('',(-63.10909090909,0.,0.));
#4886 = DIRECTION('',(-1.,0.,0.));
#4887 = DIRECTION('',(0.,1.,0.));
#4888 = PCURVE('',#4781,#4889);
#4889 = DEFINITIONAL_REPRESENTATION('',(#4890),#4894);
#4890 = LINE('',#4891,#4892);
#4891 = CARTESIAN_POINT('',(-6.28318530718,-11.8909090909));
#4892 = VECTOR('',#4893,1.);
#4893 = DIRECTION('',(1.,-0.));
#4894 = ( GEOMETRIC_REPRESENTATION_CONTEXT(2) 
PARAMETRIC_REPRESENTATION_CONTEXT() REPRESENTATION_CONTEXT('2D SPACE',''
  ) );
#4895 = PCURVE('',#4896,#4901);
#4896 = PLANE('',#4897);
#4897 = AXIS2_PLACEMENT_3D('',#4898,#4899,#4900);
#4898 = CARTESIAN_POINT('',(-63.10909090909,-4.982701462225E-16,
    1.096843235714E-15));
#4899 = DIRECTION('',(1.,0.,0.));
#4900 = DIRECTION('',(-0.,0.,1.));
#4901 = DEFINITIONAL_REPRESENTATION('',(#4902),#4910);
#4902 = ( BOUNDED_CURVE() B_SPLINE_CURVE(2,(#4903,#4904,#4905,#4906,
#4907,#4908,#4909),.UNSPECIFIED.,.T.,.F.) B_SPLINE_CURVE_WITH_KNOTS((1,2
    ,2,2,2,1),(-2.094395102393,0.,2.094395102393,4.188790204786,
6.28318530718,8.377580409573),.UNSPECIFIED.) CURVE() 
GEOMETRIC_REPRESENTATION_ITEM() RATIONAL_B_SPLINE_CURVE((1.,0.5,1.,0.5,
1.,0.5,1.)) REPRESENTATION_ITEM('') );
#4903 = CARTESIAN_POINT('',(-1.096843235714E-15,-20.955));
#4904 = CARTESIAN_POINT('',(-36.2951246726,-20.955));
#4905 = CARTESIAN_POINT('',(-18.1475623363,10.4775));
#4906 = CARTESIAN_POINT('',(-6.229337970941E-15,41.91));
#4907 = CARTESIAN_POINT('',(18.147562336303,10.4775));
#4908 = CARTESIAN_POINT('',(36.295124672606,-20.955));
#4909 = CARTESIAN_POINT('',(-1.096843235714E-15,-20.955));
#4910 = ( GEOMETRIC_REPRESENTATION_CONTEXT(2) 
PARAMETRIC_REPRESENTATION_CONTEXT() REPRESENTATION_CONTEXT('2D SPACE',''
  ) );
#4911 = ORIENTED_EDGE('',*,*,#4858,.T.);
#4912 = ORIENTED_EDGE('',*,*,#4760,.F.);
#4913 = ADVANCED_FACE('',(#4914,#4917),#4839,.T.);
#4914 = FACE_BOUND('',#4915,.T.);
#4915 = EDGE_LOOP('',(#4916));
#4916 = ORIENTED_EDGE('',*,*,#4824,.F.);
#4917 = FACE_BOUND('',#4918,.T.);
#4918 = EDGE_LOOP('',(#4919));
#4919 = ORIENTED_EDGE('',*,*,#4920,.F.);
#4920 = EDGE_CURVE('',#4921,#4921,#4923,.T.);
#4921 = VERTEX_POINT('',#4922);
#4922 = CARTESIAN_POINT('',(61.427272727273,20.216090909091,
    1.294543813728E-15));
#4923 = SURFACE_CURVE('',#4924,(#4929,#4936),.PCURVE_S1.);
#4924 = CIRCLE('',#4925,20.216090909091);
#4925 = AXIS2_PLACEMENT_3D('',#4926,#4927,#4928);
#4926 = CARTESIAN_POINT('',(61.427272727273,1.038871410517E-13,
    1.294543813728E-15));
#4927 = DIRECTION('',(1.,0.,0.));
#4928 = DIRECTION('',(0.,1.,0.));
#4929 = PCURVE('',#4839,#4930);
#4930 = DEFINITIONAL_REPRESENTATION('',(#4931),#4935);
#4931 = CIRCLE('',#4932,20.216090909091);
#4932 = AXIS2_PLACEMENT_2D('',#4933,#4934);
#4933 = CARTESIAN_POINT('',(1.977005780142E-16,-1.043854111979E-13));
#4934 = DIRECTION('',(0.,-1.));
#4935 = ( GEOMETRIC_REPRESENTATION_CONTEXT(2) 
PARAMETRIC_REPRESENTATION_CONTEXT() REPRESENTATION_CONTEXT('2D SPACE',''
  ) );
#4936 = PCURVE('',#4937,#4942);
#4937 = CYLINDRICAL_SURFACE('',#4938,20.216090909091);
#4938 = AXIS2_PLACEMENT_3D('',#4939,#4940,#4941);
#4939 = CARTESIAN_POINT('',(61.427272727273,1.038871410517E-13,
    1.294543813728E-15));
#4940 = DIRECTION('',(-1.,-0.,-0.));
#4941 = DIRECTION('',(0.,1.,0.));
#4942 = DEFINITIONAL_REPRESENTATION('',(#4943),#4947);
#4943 = LINE('',#4944,#4945);
#4944 = CARTESIAN_POINT('',(-0.,0.));
#4945 = VECTOR('',#4946,1.);
#4946 = DIRECTION('',(-1.,0.));
#4947 = ( GEOMETRIC_REPRESENTATION_CONTEXT(2) 
PARAMETRIC_REPRESENTATION_CONTEXT() REPRESENTATION_CONTEXT('2D SPACE',''
  ) );
#4948 = ADVANCED_FACE('',(#4949,#4952),#4896,.F.);
#4949 = FACE_BOUND('',#4950,.F.);
#4950 = EDGE_LOOP('',(#4951));
#4951 = ORIENTED_EDGE('',*,*,#4881,.F.);
#4952 = FACE_BOUND('',#4953,.F.);
#4953 = EDGE_LOOP('',(#4954));
#4954 = ORIENTED_EDGE('',*,*,#4955,.F.);
#4955 = EDGE_CURVE('',#4956,#4956,#4958,.T.);
#4956 = VERTEX_POINT('',#4957);
#4957 = CARTESIAN_POINT('',(-63.10909090909,20.216090909091,
    1.294543813728E-15));
#4958 = SURFACE_CURVE('',#4959,(#4964,#4971),.PCURVE_S1.);
#4959 = CIRCLE('',#4960,20.216090909091);
#4960 = AXIS2_PLACEMENT_3D('',#4961,#4962,#4963);
#4961 = CARTESIAN_POINT('',(-63.10909090909,1.038871410517E-13,
    1.294543813728E-15));
#4962 = DIRECTION('',(1.,0.,0.));
#4963 = DIRECTION('',(0.,1.,0.));
#4964 = PCURVE('',#4896,#4965);
#4965 = DEFINITIONAL_REPRESENTATION('',(#4966),#4970);
#4966 = CIRCLE('',#4967,20.216090909091);
#4967 = AXIS2_PLACEMENT_2D('',#4968,#4969);
#4968 = CARTESIAN_POINT('',(1.977005780142E-16,-1.043854111979E-13));
#4969 = DIRECTION('',(0.,-1.));
#4970 = ( GEOMETRIC_REPRESENTATION_CONTEXT(2) 
PARAMETRIC_REPRESENTATION_CONTEXT() REPRESENTATION_CONTEXT('2D SPACE',''
  ) );
#4971 = PCURVE('',#4972,#4977);
#4972 = CYLINDRICAL_SURFACE('',#4973,20.216090909091);
#4973 = AXIS2_PLACEMENT_3D('',#4974,#4975,#4976);
#4974 = CARTESIAN_POINT('',(-64.26363636363,1.038871410517E-13,
    1.294543813728E-15));
#4975 = DIRECTION('',(-1.,-0.,-0.));
#4976 = DIRECTION('',(0.,1.,0.));
#4977 = DEFINITIONAL_REPRESENTATION('',(#4978),#4982);
#4978 = LINE('',#4979,#4980);
#4979 = CARTESIAN_POINT('',(-0.,-1.154545454545));
#4980 = VECTOR('',#4981,1.);
#4981 = DIRECTION('',(-1.,0.));
#4982 = ( GEOMETRIC_REPRESENTATION_CONTEXT(2) 
PARAMETRIC_REPRESENTATION_CONTEXT() REPRESENTATION_CONTEXT('2D SPACE',''
  ) );
#4983 = ADVANCED_FACE('',(#4984),#4937,.T.);
#4984 = FACE_BOUND('',#4985,.F.);
#4985 = EDGE_LOOP('',(#4986,#5009,#5036,#5037));
#4986 = ORIENTED_EDGE('',*,*,#4987,.T.);
#4987 = EDGE_CURVE('',#4921,#4988,#4990,.T.);
#4988 = VERTEX_POINT('',#4989);
#4989 = CARTESIAN_POINT('',(62.581818181818,20.216090909091,
    1.294543813728E-15));
#4990 = SEAM_CURVE('',#4991,(#4995,#5002),.PCURVE_S1.);
#4991 = LINE('',#4992,#4993);
#4992 = CARTESIAN_POINT('',(61.427272727273,20.216090909091,
    1.294543813728E-15));
#4993 = VECTOR('',#4994,1.);
#4994 = DIRECTION('',(1.,0.,0.));
#4995 = PCURVE('',#4937,#4996);
#4996 = DEFINITIONAL_REPRESENTATION('',(#4997),#5001);
#4997 = LINE('',#4998,#4999);
#4998 = CARTESIAN_POINT('',(-0.,0.));
#4999 = VECTOR('',#5000,1.);
#5000 = DIRECTION('',(-0.,-1.));
#5001 = ( GEOMETRIC_REPRESENTATION_CONTEXT(2) 
PARAMETRIC_REPRESENTATION_CONTEXT() REPRESENTATION_CONTEXT('2D SPACE',''
  ) );
#5002 = PCURVE('',#4937,#5003);
#5003 = DEFINITIONAL_REPRESENTATION('',(#5004),#5008);
#5004 = LINE('',#5005,#5006);
#5005 = CARTESIAN_POINT('',(-6.28318530718,0.));
#5006 = VECTOR('',#5007,1.);
#5007 = DIRECTION('',(-0.,-1.));
#5008 = ( GEOMETRIC_REPRESENTATION_CONTEXT(2) 
PARAMETRIC_REPRESENTATION_CONTEXT() REPRESENTATION_CONTEXT('2D SPACE',''
  ) );
#5009 = ORIENTED_EDGE('',*,*,#5010,.T.);
#5010 = EDGE_CURVE('',#4988,#4988,#5011,.T.);
#5011 = SURFACE_CURVE('',#5012,(#5017,#5024),.PCURVE_S1.);
#5012 = CIRCLE('',#5013,20.216090909091);
#5013 = AXIS2_PLACEMENT_3D('',#5014,#5015,#5016);
#5014 = CARTESIAN_POINT('',(62.581818181818,1.038871410517E-13,
    1.294543813728E-15));
#5015 = DIRECTION('',(1.,0.,0.));
#5016 = DIRECTION('',(0.,1.,0.));
#5017 = PCURVE('',#4937,#5018);
#5018 = DEFINITIONAL_REPRESENTATION('',(#5019),#5023);
#5019 = LINE('',#5020,#5021);
#5020 = CARTESIAN_POINT('',(-0.,-1.154545454545));
#5021 = VECTOR('',#5022,1.);
#5022 = DIRECTION('',(-1.,0.));
#5023 = ( GEOMETRIC_REPRESENTATION_CONTEXT(2) 
PARAMETRIC_REPRESENTATION_CONTEXT() REPRESENTATION_CONTEXT('2D SPACE',''
  ) );
#5024 = PCURVE('',#5025,#5030);
#5025 = PLANE('',#5026);
#5026 = AXIS2_PLACEMENT_3D('',#5027,#5028,#5029);
#5027 = CARTESIAN_POINT('',(62.581818181818,-4.982701462225E-16,
    1.096843235714E-15));
#5028 = DIRECTION('',(1.,0.,0.));
#5029 = DIRECTION('',(-0.,0.,1.));
#5030 = DEFINITIONAL_REPRESENTATION('',(#5031),#5035);
#5031 = CIRCLE('',#5032,20.216090909091);
#5032 = AXIS2_PLACEMENT_2D('',#5033,#5034);
#5033 = CARTESIAN_POINT('',(1.977005780142E-16,-1.043854111979E-13));
#5034 = DIRECTION('',(0.,-1.));
#5035 = ( GEOMETRIC_REPRESENTATION_CONTEXT(2) 
PARAMETRIC_REPRESENTATION_CONTEXT() REPRESENTATION_CONTEXT('2D SPACE',''
  ) );
#5036 = ORIENTED_EDGE('',*,*,#4987,.F.);
#5037 = ORIENTED_EDGE('',*,*,#4920,.F.);
#5038 = ADVANCED_FACE('',(#5039),#4972,.T.);
#5039 = FACE_BOUND('',#5040,.F.);
#5040 = EDGE_LOOP('',(#5041,#5064,#5065,#5066));
#5041 = ORIENTED_EDGE('',*,*,#5042,.T.);
#5042 = EDGE_CURVE('',#5043,#4956,#5045,.T.);
#5043 = VERTEX_POINT('',#5044);
#5044 = CARTESIAN_POINT('',(-64.26363636363,20.216090909091,
    1.294543813728E-15));
#5045 = SEAM_CURVE('',#5046,(#5050,#5057),.PCURVE_S1.);
#5046 = LINE('',#5047,#5048);
#5047 = CARTESIAN_POINT('',(-64.26363636363,20.216090909091,
    1.294543813728E-15));
#5048 = VECTOR('',#5049,1.);
#5049 = DIRECTION('',(1.,0.,0.));
#5050 = PCURVE('',#4972,#5051);
#5051 = DEFINITIONAL_REPRESENTATION('',(#5052),#5056);
#5052 = LINE('',#5053,#5054);
#5053 = CARTESIAN_POINT('',(-0.,0.));
#5054 = VECTOR('',#5055,1.);
#5055 = DIRECTION('',(-0.,-1.));
#5056 = ( GEOMETRIC_REPRESENTATION_CONTEXT(2) 
PARAMETRIC_REPRESENTATION_CONTEXT() REPRESENTATION_CONTEXT('2D SPACE',''
  ) );
#5057 = PCURVE('',#4972,#5058);
#5058 = DEFINITIONAL_REPRESENTATION('',(#5059),#5063);
#5059 = LINE('',#5060,#5061);
#5060 = CARTESIAN_POINT('',(-6.28318530718,0.));
#5061 = VECTOR('',#5062,1.);
#5062 = DIRECTION('',(-0.,-1.));
#5063 = ( GEOMETRIC_REPRESENTATION_CONTEXT(2) 
PARAMETRIC_REPRESENTATION_CONTEXT() REPRESENTATION_CONTEXT('2D SPACE',''
  ) );
#5064 = ORIENTED_EDGE('',*,*,#4955,.T.);
#5065 = ORIENTED_EDGE('',*,*,#5042,.F.);
#5066 = ORIENTED_EDGE('',*,*,#5067,.F.);
#5067 = EDGE_CURVE('',#5043,#5043,#5068,.T.);
#5068 = SURFACE_CURVE('',#5069,(#5074,#5081),.PCURVE_S1.);
#5069 = CIRCLE('',#5070,20.216090909091);
#5070 = AXIS2_PLACEMENT_3D('',#5071,#5072,#5073);
#5071 = CARTESIAN_POINT('',(-64.26363636363,1.038871410517E-13,
    1.294543813728E-15));
#5072 = DIRECTION('',(1.,0.,0.));
#5073 = DIRECTION('',(0.,1.,0.));
#5074 = PCURVE('',#4972,#5075);
#5075 = DEFINITIONAL_REPRESENTATION('',(#5076),#5080);
#5076 = LINE('',#5077,#5078);
#5077 = CARTESIAN_POINT('',(-0.,0.));
#5078 = VECTOR('',#5079,1.);
#5079 = DIRECTION('',(-1.,0.));
#5080 = ( GEOMETRIC_REPRESENTATION_CONTEXT(2) 
PARAMETRIC_REPRESENTATION_CONTEXT() REPRESENTATION_CONTEXT('2D SPACE',''
  ) );
#5081 = PCURVE('',#5082,#5087);
#5082 = PLANE('',#5083);
#5083 = AXIS2_PLACEMENT_3D('',#5084,#5085,#5086);
#5084 = CARTESIAN_POINT('',(-64.26363636363,-4.982701462225E-16,
    1.096843235714E-15));
#5085 = DIRECTION('',(1.,0.,0.));
#5086 = DIRECTION('',(-0.,0.,1.));
#5087 = DEFINITIONAL_REPRESENTATION('',(#5088),#5092);
#5088 = CIRCLE('',#5089,20.216090909091);
#5089 = AXIS2_PLACEMENT_2D('',#5090,#5091);
#5090 = CARTESIAN_POINT('',(1.977005780142E-16,-1.043854111979E-13));
#5091 = DIRECTION('',(0.,-1.));
#5092 = ( GEOMETRIC_REPRESENTATION_CONTEXT(2) 
PARAMETRIC_REPRESENTATION_CONTEXT() REPRESENTATION_CONTEXT('2D SPACE',''
  ) );
#5093 = ADVANCED_FACE('',(#5094,#5129),#5025,.F.);
#5094 = FACE_BOUND('',#5095,.F.);
#5095 = EDGE_LOOP('',(#5096));
#5096 = ORIENTED_EDGE('',*,*,#5097,.F.);
#5097 = EDGE_CURVE('',#5098,#5098,#5100,.T.);
#5098 = VERTEX_POINT('',#5099);
#5099 = CARTESIAN_POINT('',(62.581818181818,20.955,0.));
#5100 = SURFACE_CURVE('',#5101,(#5106,#5117),.PCURVE_S1.);
#5101 = CIRCLE('',#5102,20.955);
#5102 = AXIS2_PLACEMENT_3D('',#5103,#5104,#5105);
#5103 = CARTESIAN_POINT('',(62.581818181818,0.,0.));
#5104 = DIRECTION('',(-1.,0.,0.));
#5105 = DIRECTION('',(0.,1.,0.));
#5106 = PCURVE('',#5025,#5107);
#5107 = DEFINITIONAL_REPRESENTATION('',(#5108),#5116);
#5108 = ( BOUNDED_CURVE() B_SPLINE_CURVE(2,(#5109,#5110,#5111,#5112,
#5113,#5114,#5115),.UNSPECIFIED.,.T.,.F.) B_SPLINE_CURVE_WITH_KNOTS((1,2
    ,2,2,2,1),(-2.094395102393,0.,2.094395102393,4.188790204786,
6.28318530718,8.377580409573),.UNSPECIFIED.) CURVE() 
GEOMETRIC_REPRESENTATION_ITEM() RATIONAL_B_SPLINE_CURVE((1.,0.5,1.,0.5,
1.,0.5,1.)) REPRESENTATION_ITEM('') );
#5109 = CARTESIAN_POINT('',(-1.096843235714E-15,-20.955));
#5110 = CARTESIAN_POINT('',(-36.2951246726,-20.955));
#5111 = CARTESIAN_POINT('',(-18.1475623363,10.4775));
#5112 = CARTESIAN_POINT('',(-6.229337970941E-15,41.91));
#5113 = CARTESIAN_POINT('',(18.147562336303,10.4775));
#5114 = CARTESIAN_POINT('',(36.295124672606,-20.955));
#5115 = CARTESIAN_POINT('',(-1.096843235714E-15,-20.955));
#5116 = ( GEOMETRIC_REPRESENTATION_CONTEXT(2) 
PARAMETRIC_REPRESENTATION_CONTEXT() REPRESENTATION_CONTEXT('2D SPACE',''
  ) );
#5117 = PCURVE('',#5118,#5123);
#5118 = CYLINDRICAL_SURFACE('',#5119,20.955);
#5119 = AXIS2_PLACEMENT_3D('',#5120,#5121,#5122);
#5120 = CARTESIAN_POINT('',(53.,0.,0.));
#5121 = DIRECTION('',(-1.,-0.,-0.));
#5122 = DIRECTION('',(0.,1.,0.));
#5123 = DEFINITIONAL_REPRESENTATION('',(#5124),#5128);
#5124 = LINE('',#5125,#5126);
#5125 = CARTESIAN_POINT('',(-6.28318530718,-9.581818181818));
#5126 = VECTOR('',#5127,1.);
#5127 = DIRECTION('',(1.,-0.));
#5128 = ( GEOMETRIC_REPRESENTATION_CONTEXT(2) 
PARAMETRIC_REPRESENTATION_CONTEXT() REPRESENTATION_CONTEXT('2D SPACE',''
  ) );
#5129 = FACE_BOUND('',#5130,.F.);
#5130 = EDGE_LOOP('',(#5131));
#5131 = ORIENTED_EDGE('',*,*,#5010,.F.);
#5132 = ADVANCED_FACE('',(#5133,#5168),#5082,.T.);
#5133 = FACE_BOUND('',#5134,.T.);
#5134 = EDGE_LOOP('',(#5135));
#5135 = ORIENTED_EDGE('',*,*,#5136,.F.);
#5136 = EDGE_CURVE('',#5137,#5137,#5139,.T.);
#5137 = VERTEX_POINT('',#5138);
#5138 = CARTESIAN_POINT('',(-64.26363636363,20.955,0.));
#5139 = SURFACE_CURVE('',#5140,(#5145,#5156),.PCURVE_S1.);
#5140 = CIRCLE('',#5141,20.955);
#5141 = AXIS2_PLACEMENT_3D('',#5142,#5143,#5144);
#5142 = CARTESIAN_POINT('',(-64.26363636363,0.,0.));
#5143 = DIRECTION('',(-1.,0.,0.));
#5144 = DIRECTION('',(0.,1.,0.));
#5145 = PCURVE('',#5082,#5146);
#5146 = DEFINITIONAL_REPRESENTATION('',(#5147),#5155);
#5147 = ( BOUNDED_CURVE() B_SPLINE_CURVE(2,(#5148,#5149,#5150,#5151,
#5152,#5153,#5154),.UNSPECIFIED.,.T.,.F.) B_SPLINE_CURVE_WITH_KNOTS((1,2
    ,2,2,2,1),(-2.094395102393,0.,2.094395102393,4.188790204786,
6.28318530718,8.377580409573),.UNSPECIFIED.) CURVE() 
GEOMETRIC_REPRESENTATION_ITEM() RATIONAL_B_SPLINE_CURVE((1.,0.5,1.,0.5,
1.,0.5,1.)) REPRESENTATION_ITEM('') );
#5148 = CARTESIAN_POINT('',(-1.096843235714E-15,-20.955));
#5149 = CARTESIAN_POINT('',(-36.2951246726,-20.955));
#5150 = CARTESIAN_POINT('',(-18.1475623363,10.4775));
#5151 = CARTESIAN_POINT('',(-6.229337970941E-15,41.91));
#5152 = CARTESIAN_POINT('',(18.147562336303,10.4775));
#5153 = CARTESIAN_POINT('',(36.295124672606,-20.955));
#5154 = CARTESIAN_POINT('',(-1.096843235714E-15,-20.955));
#5155 = ( GEOMETRIC_REPRESENTATION_CONTEXT(2) 
PARAMETRIC_REPRESENTATION_CONTEXT() REPRESENTATION_CONTEXT('2D SPACE',''
  ) );
#5156 = PCURVE('',#5157,#5162);
#5157 = CYLINDRICAL_SURFACE('',#5158,20.955);
#5158 = AXIS2_PLACEMENT_3D('',#5159,#5160,#5161);
#5159 = CARTESIAN_POINT('',(-75.,0.,0.));
#5160 = DIRECTION('',(-1.,-0.,-0.));
#5161 = DIRECTION('',(0.,1.,0.));
#5162 = DEFINITIONAL_REPRESENTATION('',(#5163),#5167);
#5163 = LINE('',#5164,#5165);
#5164 = CARTESIAN_POINT('',(-6.28318530718,-10.73636363636));
#5165 = VECTOR('',#5166,1.);
#5166 = DIRECTION('',(1.,-0.));
#5167 = ( GEOMETRIC_REPRESENTATION_CONTEXT(2) 
PARAMETRIC_REPRESENTATION_CONTEXT() REPRESENTATION_CONTEXT('2D SPACE',''
  ) );
#5168 = FACE_BOUND('',#5169,.T.);
#5169 = EDGE_LOOP('',(#5170));
#5170 = ORIENTED_EDGE('',*,*,#5067,.F.);
#5171 = ADVANCED_FACE('',(#5172),#5118,.T.);
#5172 = FACE_BOUND('',#5173,.F.);
#5173 = EDGE_LOOP('',(#5174,#5197,#5198,#5199));
#5174 = ORIENTED_EDGE('',*,*,#5175,.F.);
#5175 = EDGE_CURVE('',#5098,#5176,#5178,.T.);
#5176 = VERTEX_POINT('',#5177);
#5177 = CARTESIAN_POINT('',(63.736363636364,20.955,0.));
#5178 = SEAM_CURVE('',#5179,(#5183,#5190),.PCURVE_S1.);
#5179 = LINE('',#5180,#5181);
#5180 = CARTESIAN_POINT('',(53.,20.955,0.));
#5181 = VECTOR('',#5182,1.);
#5182 = DIRECTION('',(1.,0.,0.));
#5183 = PCURVE('',#5118,#5184);
#5184 = DEFINITIONAL_REPRESENTATION('',(#5185),#5189);
#5185 = LINE('',#5186,#5187);
#5186 = CARTESIAN_POINT('',(-6.28318530718,0.));
#5187 = VECTOR('',#5188,1.);
#5188 = DIRECTION('',(-0.,-1.));
#5189 = ( GEOMETRIC_REPRESENTATION_CONTEXT(2) 
PARAMETRIC_REPRESENTATION_CONTEXT() REPRESENTATION_CONTEXT('2D SPACE',''
  ) );
#5190 = PCURVE('',#5118,#5191);
#5191 = DEFINITIONAL_REPRESENTATION('',(#5192),#5196);
#5192 = LINE('',#5193,#5194);
#5193 = CARTESIAN_POINT('',(-0.,0.));
#5194 = VECTOR('',#5195,1.);
#5195 = DIRECTION('',(-0.,-1.));
#5196 = ( GEOMETRIC_REPRESENTATION_CONTEXT(2) 
PARAMETRIC_REPRESENTATION_CONTEXT() REPRESENTATION_CONTEXT('2D SPACE',''
  ) );
#5197 = ORIENTED_EDGE('',*,*,#5097,.T.);
#5198 = ORIENTED_EDGE('',*,*,#5175,.T.);
#5199 = ORIENTED_EDGE('',*,*,#5200,.F.);
#5200 = EDGE_CURVE('',#5176,#5176,#5201,.T.);
#5201 = SURFACE_CURVE('',#5202,(#5207,#5214),.PCURVE_S1.);
#5202 = CIRCLE('',#5203,20.955);
#5203 = AXIS2_PLACEMENT_3D('',#5204,#5205,#5206);
#5204 = CARTESIAN_POINT('',(63.736363636364,0.,0.));
#5205 = DIRECTION('',(-1.,0.,0.));
#5206 = DIRECTION('',(0.,1.,0.));
#5207 = PCURVE('',#5118,#5208);
#5208 = DEFINITIONAL_REPRESENTATION('',(#5209),#5213);
#5209 = LINE('',#5210,#5211);
#5210 = CARTESIAN_POINT('',(-6.28318530718,-10.73636363636));
#5211 = VECTOR('',#5212,1.);
#5212 = DIRECTION('',(1.,-0.));
#5213 = ( GEOMETRIC_REPRESENTATION_CONTEXT(2) 
PARAMETRIC_REPRESENTATION_CONTEXT() REPRESENTATION_CONTEXT('2D SPACE',''
  ) );
#5214 = PCURVE('',#5215,#5220);
#5215 = PLANE('',#5216);
#5216 = AXIS2_PLACEMENT_3D('',#5217,#5218,#5219);
#5217 = CARTESIAN_POINT('',(63.736363636364,-4.982701462225E-16,
    1.096843235714E-15));
#5218 = DIRECTION('',(1.,0.,0.));
#5219 = DIRECTION('',(-0.,0.,1.));
#5220 = DEFINITIONAL_REPRESENTATION('',(#5221),#5229);
#5221 = ( BOUNDED_CURVE() B_SPLINE_CURVE(2,(#5222,#5223,#5224,#5225,
#5226,#5227,#5228),.UNSPECIFIED.,.T.,.F.) B_SPLINE_CURVE_WITH_KNOTS((1,2
    ,2,2,2,1),(-2.094395102393,0.,2.094395102393,4.188790204786,
6.28318530718,8.377580409573),.UNSPECIFIED.) CURVE() 
GEOMETRIC_REPRESENTATION_ITEM() RATIONAL_B_SPLINE_CURVE((1.,0.5,1.,0.5,
1.,0.5,1.)) REPRESENTATION_ITEM('') );
#5222 = CARTESIAN_POINT('',(-1.096843235714E-15,-20.955));
#5223 = CARTESIAN_POINT('',(-36.2951246726,-20.955));
#5224 = CARTESIAN_POINT('',(-18.1475623363,10.4775));
#5225 = CARTESIAN_POINT('',(-6.229337970941E-15,41.91));
#5226 = CARTESIAN_POINT('',(18.147562336303,10.4775));
#5227 = CARTESIAN_POINT('',(36.295124672606,-20.955));
#5228 = CARTESIAN_POINT('',(-1.096843235714E-15,-20.955));
#5229 = ( GEOMETRIC_REPRESENTATION_CONTEXT(2) 
PARAMETRIC_REPRESENTATION_CONTEXT() REPRESENTATION_CONTEXT('2D SPACE',''
  ) );
#5230 = ADVANCED_FACE('',(#5231),#5157,.T.);
#5231 = FACE_BOUND('',#5232,.F.);
#5232 = EDGE_LOOP('',(#5233,#5256,#5287,#5288));
#5233 = ORIENTED_EDGE('',*,*,#5234,.F.);
#5234 = EDGE_CURVE('',#5235,#5137,#5237,.T.);
#5235 = VERTEX_POINT('',#5236);
#5236 = CARTESIAN_POINT('',(-65.41818181818,20.955,0.));
#5237 = SEAM_CURVE('',#5238,(#5242,#5249),.PCURVE_S1.);
#5238 = LINE('',#5239,#5240);
#5239 = CARTESIAN_POINT('',(-75.,20.955,0.));
#5240 = VECTOR('',#5241,1.);
#5241 = DIRECTION('',(1.,0.,0.));
#5242 = PCURVE('',#5157,#5243);
#5243 = DEFINITIONAL_REPRESENTATION('',(#5244),#5248);
#5244 = LINE('',#5245,#5246);
#5245 = CARTESIAN_POINT('',(-6.28318530718,0.));
#5246 = VECTOR('',#5247,1.);
#5247 = DIRECTION('',(-0.,-1.));
#5248 = ( GEOMETRIC_REPRESENTATION_CONTEXT(2) 
PARAMETRIC_REPRESENTATION_CONTEXT() REPRESENTATION_CONTEXT('2D SPACE',''
  ) );
#5249 = PCURVE('',#5157,#5250);
#5250 = DEFINITIONAL_REPRESENTATION('',(#5251),#5255);
#5251 = LINE('',#5252,#5253);
#5252 = CARTESIAN_POINT('',(-0.,0.));
#5253 = VECTOR('',#5254,1.);
#5254 = DIRECTION('',(-0.,-1.));
#5255 = ( GEOMETRIC_REPRESENTATION_CONTEXT(2) 
PARAMETRIC_REPRESENTATION_CONTEXT() REPRESENTATION_CONTEXT('2D SPACE',''
  ) );
#5256 = ORIENTED_EDGE('',*,*,#5257,.T.);
#5257 = EDGE_CURVE('',#5235,#5235,#5258,.T.);
#5258 = SURFACE_CURVE('',#5259,(#5264,#5271),.PCURVE_S1.);
#5259 = CIRCLE('',#5260,20.955);
#5260 = AXIS2_PLACEMENT_3D('',#5261,#5262,#5263);
#5261 = CARTESIAN_POINT('',(-65.41818181818,0.,0.));
#5262 = DIRECTION('',(-1.,0.,0.));
#5263 = DIRECTION('',(0.,1.,0.));
#5264 = PCURVE('',#5157,#5265);
#5265 = DEFINITIONAL_REPRESENTATION('',(#5266),#5270);
#5266 = LINE('',#5267,#5268);
#5267 = CARTESIAN_POINT('',(-6.28318530718,-9.581818181818));
#5268 = VECTOR('',#5269,1.);
#5269 = DIRECTION('',(1.,-0.));
#5270 = ( GEOMETRIC_REPRESENTATION_CONTEXT(2) 
PARAMETRIC_REPRESENTATION_CONTEXT() REPRESENTATION_CONTEXT('2D SPACE',''
  ) );
#5271 = PCURVE('',#5272,#5277);
#5272 = PLANE('',#5273);
#5273 = AXIS2_PLACEMENT_3D('',#5274,#5275,#5276);
#5274 = CARTESIAN_POINT('',(-65.41818181818,-4.982701462225E-16,
    1.096843235714E-15));
#5275 = DIRECTION('',(1.,0.,0.));
#5276 = DIRECTION('',(-0.,0.,1.));
#5277 = DEFINITIONAL_REPRESENTATION('',(#5278),#5286);
#5278 = ( BOUNDED_CURVE() B_SPLINE_CURVE(2,(#5279,#5280,#5281,#5282,
#5283,#5284,#5285),.UNSPECIFIED.,.T.,.F.) B_SPLINE_CURVE_WITH_KNOTS((1,2
    ,2,2,2,1),(-2.094395102393,0.,2.094395102393,4.188790204786,
6.28318530718,8.377580409573),.UNSPECIFIED.) CURVE() 
GEOMETRIC_REPRESENTATION_ITEM() RATIONAL_B_SPLINE_CURVE((1.,0.5,1.,0.5,
1.,0.5,1.)) REPRESENTATION_ITEM('') );
#5279 = CARTESIAN_POINT('',(-1.096843235714E-15,-20.955));
#5280 = CARTESIAN_POINT('',(-36.2951246726,-20.955));
#5281 = CARTESIAN_POINT('',(-18.1475623363,10.4775));
#5282 = CARTESIAN_POINT('',(-6.229337970941E-15,41.91));
#5283 = CARTESIAN_POINT('',(18.147562336303,10.4775));
#5284 = CARTESIAN_POINT('',(36.295124672606,-20.955));
#5285 = CARTESIAN_POINT('',(-1.096843235714E-15,-20.955));
#5286 = ( GEOMETRIC_REPRESENTATION_CONTEXT(2) 
PARAMETRIC_REPRESENTATION_CONTEXT() REPRESENTATION_CONTEXT('2D SPACE',''
  ) );
#5287 = ORIENTED_EDGE('',*,*,#5234,.T.);
#5288 = ORIENTED_EDGE('',*,*,#5136,.F.);
#5289 = ADVANCED_FACE('',(#5290,#5293),#5215,.T.);
#5290 = FACE_BOUND('',#5291,.T.);
#5291 = EDGE_LOOP('',(#5292));
#5292 = ORIENTED_EDGE('',*,*,#5200,.F.);
#5293 = FACE_BOUND('',#5294,.T.);
#5294 = EDGE_LOOP('',(#5295));
#5295 = ORIENTED_EDGE('',*,*,#5296,.F.);
#5296 = EDGE_CURVE('',#5297,#5297,#5299,.T.);
#5297 = VERTEX_POINT('',#5298);
#5298 = CARTESIAN_POINT('',(63.736363636364,20.216090909091,
    1.294543813728E-15));
#5299 = SURFACE_CURVE('',#5300,(#5305,#5312),.PCURVE_S1.);
#5300 = CIRCLE('',#5301,20.216090909091);
#5301 = AXIS2_PLACEMENT_3D('',#5302,#5303,#5304);
#5302 = CARTESIAN_POINT('',(63.736363636364,1.038871410517E-13,
    1.294543813728E-15));
#5303 = DIRECTION('',(1.,0.,0.));
#5304 = DIRECTION('',(0.,1.,0.));
#5305 = PCURVE('',#5215,#5306);
#5306 = DEFINITIONAL_REPRESENTATION('',(#5307),#5311);
#5307 = CIRCLE('',#5308,20.216090909091);
#5308 = AXIS2_PLACEMENT_2D('',#5309,#5310);
#5309 = CARTESIAN_POINT('',(1.977005780142E-16,-1.043854111979E-13));
#5310 = DIRECTION('',(0.,-1.));
#5311 = ( GEOMETRIC_REPRESENTATION_CONTEXT(2) 
PARAMETRIC_REPRESENTATION_CONTEXT() REPRESENTATION_CONTEXT('2D SPACE',''
  ) );
#5312 = PCURVE('',#5313,#5318);
#5313 = CYLINDRICAL_SURFACE('',#5314,20.216090909091);
#5314 = AXIS2_PLACEMENT_3D('',#5315,#5316,#5317);
#5315 = CARTESIAN_POINT('',(63.736363636364,1.038871410517E-13,
    1.294543813728E-15));
#5316 = DIRECTION('',(-1.,-0.,-0.));
#5317 = DIRECTION('',(0.,1.,0.));
#5318 = DEFINITIONAL_REPRESENTATION('',(#5319),#5323);
#5319 = LINE('',#5320,#5321);
#5320 = CARTESIAN_POINT('',(-0.,0.));
#5321 = VECTOR('',#5322,1.);
#5322 = DIRECTION('',(-1.,0.));
#5323 = ( GEOMETRIC_REPRESENTATION_CONTEXT(2) 
PARAMETRIC_REPRESENTATION_CONTEXT() REPRESENTATION_CONTEXT('2D SPACE',''
  ) );
#5324 = ADVANCED_FACE('',(#5325,#5328),#5272,.F.);
#5325 = FACE_BOUND('',#5326,.F.);
#5326 = EDGE_LOOP('',(#5327));
#5327 = ORIENTED_EDGE('',*,*,#5257,.F.);
#5328 = FACE_BOUND('',#5329,.F.);
#5329 = EDGE_LOOP('',(#5330));
#5330 = ORIENTED_EDGE('',*,*,#5331,.F.);
#5331 = EDGE_CURVE('',#5332,#5332,#5334,.T.);
#5332 = VERTEX_POINT('',#5333);
#5333 = CARTESIAN_POINT('',(-65.41818181818,20.216090909091,
    1.294543813728E-15));
#5334 = SURFACE_CURVE('',#5335,(#5340,#5347),.PCURVE_S1.);
#5335 = CIRCLE('',#5336,20.216090909091);
#5336 = AXIS2_PLACEMENT_3D('',#5337,#5338,#5339);
#5337 = CARTESIAN_POINT('',(-65.41818181818,1.038871410517E-13,
    1.294543813728E-15));
#5338 = DIRECTION('',(1.,0.,0.));
#5339 = DIRECTION('',(0.,1.,0.));
#5340 = PCURVE('',#5272,#5341);
#5341 = DEFINITIONAL_REPRESENTATION('',(#5342),#5346);
#5342 = CIRCLE('',#5343,20.216090909091);
#5343 = AXIS2_PLACEMENT_2D('',#5344,#5345);
#5344 = CARTESIAN_POINT('',(1.977005780142E-16,-1.043854111979E-13));
#5345 = DIRECTION('',(0.,-1.));
#5346 = ( GEOMETRIC_REPRESENTATION_CONTEXT(2) 
PARAMETRIC_REPRESENTATION_CONTEXT() REPRESENTATION_CONTEXT('2D SPACE',''
  ) );
#5347 = PCURVE('',#5348,#5353);
#5348 = CYLINDRICAL_SURFACE('',#5349,20.216090909091);
#5349 = AXIS2_PLACEMENT_3D('',#5350,#5351,#5352);
#5350 = CARTESIAN_POINT('',(-66.57272727272,1.038871410517E-13,
    1.294543813728E-15));
#5351 = DIRECTION('',(-1.,-0.,-0.));
#5352 = DIRECTION('',(0.,1.,0.));
#5353 = DEFINITIONAL_REPRESENTATION('',(#5354),#5358);
#5354 = LINE('',#5355,#5356);
#5355 = CARTESIAN_POINT('',(-0.,-1.154545454545));
#5356 = VECTOR('',#5357,1.);
#5357 = DIRECTION('',(-1.,0.));
#5358 = ( GEOMETRIC_REPRESENTATION_CONTEXT(2) 
PARAMETRIC_REPRESENTATION_CONTEXT() REPRESENTATION_CONTEXT('2D SPACE',''
  ) );
#5359 = ADVANCED_FACE('',(#5360),#5313,.T.);
#5360 = FACE_BOUND('',#5361,.F.);
#5361 = EDGE_LOOP('',(#5362,#5385,#5412,#5413));
#5362 = ORIENTED_EDGE('',*,*,#5363,.T.);
#5363 = EDGE_CURVE('',#5297,#5364,#5366,.T.);
#5364 = VERTEX_POINT('',#5365);
#5365 = CARTESIAN_POINT('',(64.890909090909,20.216090909091,
    1.294543813728E-15));
#5366 = SEAM_CURVE('',#5367,(#5371,#5378),.PCURVE_S1.);
#5367 = LINE('',#5368,#5369);
#5368 = CARTESIAN_POINT('',(63.736363636364,20.216090909091,
    1.294543813728E-15));
#5369 = VECTOR('',#5370,1.);
#5370 = DIRECTION('',(1.,0.,0.));
#5371 = PCURVE('',#5313,#5372);
#5372 = DEFINITIONAL_REPRESENTATION('',(#5373),#5377);
#5373 = LINE('',#5374,#5375);
#5374 = CARTESIAN_POINT('',(-0.,0.));
#5375 = VECTOR('',#5376,1.);
#5376 = DIRECTION('',(-0.,-1.));
#5377 = ( GEOMETRIC_REPRESENTATION_CONTEXT(2) 
PARAMETRIC_REPRESENTATION_CONTEXT() REPRESENTATION_CONTEXT('2D SPACE',''
  ) );
#5378 = PCURVE('',#5313,#5379);
#5379 = DEFINITIONAL_REPRESENTATION('',(#5380),#5384);
#5380 = LINE('',#5381,#5382);
#5381 = CARTESIAN_POINT('',(-6.28318530718,0.));
#5382 = VECTOR('',#5383,1.);
#5383 = DIRECTION('',(-0.,-1.));
#5384 = ( GEOMETRIC_REPRESENTATION_CONTEXT(2) 
PARAMETRIC_REPRESENTATION_CONTEXT() REPRESENTATION_CONTEXT('2D SPACE',''
  ) );
#5385 = ORIENTED_EDGE('',*,*,#5386,.T.);
#5386 = EDGE_CURVE('',#5364,#5364,#5387,.T.);
#5387 = SURFACE_CURVE('',#5388,(#5393,#5400),.PCURVE_S1.);
#5388 = CIRCLE('',#5389,20.216090909091);
#5389 = AXIS2_PLACEMENT_3D('',#5390,#5391,#5392);
#5390 = CARTESIAN_POINT('',(64.890909090909,1.038871410517E-13,
    1.294543813728E-15));
#5391 = DIRECTION('',(1.,0.,0.));
#5392 = DIRECTION('',(0.,1.,0.));
#5393 = PCURVE('',#5313,#5394);
#5394 = DEFINITIONAL_REPRESENTATION('',(#5395),#5399);
#5395 = LINE('',#5396,#5397);
#5396 = CARTESIAN_POINT('',(-0.,-1.154545454545));
#5397 = VECTOR('',#5398,1.);
#5398 = DIRECTION('',(-1.,0.));
#5399 = ( GEOMETRIC_REPRESENTATION_CONTEXT(2) 
PARAMETRIC_REPRESENTATION_CONTEXT() REPRESENTATION_CONTEXT('2D SPACE',''
  ) );
#5400 = PCURVE('',#5401,#5406);
#5401 = PLANE('',#5402);
#5402 = AXIS2_PLACEMENT_3D('',#5403,#5404,#5405);
#5403 = CARTESIAN_POINT('',(64.890909090909,-4.982701462225E-16,
    1.096843235714E-15));
#5404 = DIRECTION('',(1.,0.,0.));
#5405 = DIRECTION('',(-0.,0.,1.));
#5406 = DEFINITIONAL_REPRESENTATION('',(#5407),#5411);
#5407 = CIRCLE('',#5408,20.216090909091);
#5408 = AXIS2_PLACEMENT_2D('',#5409,#5410);
#5409 = CARTESIAN_POINT('',(1.977005780142E-16,-1.043854111979E-13));
#5410 = DIRECTION('',(0.,-1.));
#5411 = ( GEOMETRIC_REPRESENTATION_CONTEXT(2) 
PARAMETRIC_REPRESENTATION_CONTEXT() REPRESENTATION_CONTEXT('2D SPACE',''
  ) );
#5412 = ORIENTED_EDGE('',*,*,#5363,.F.);
#5413 = ORIENTED_EDGE('',*,*,#5296,.F.);
#5414 = ADVANCED_FACE('',(#5415),#5348,.T.);
#5415 = FACE_BOUND('',#5416,.F.);
#5416 = EDGE_LOOP('',(#5417,#5440,#5441,#5442));
#5417 = ORIENTED_EDGE('',*,*,#5418,.T.);
#5418 = EDGE_CURVE('',#5419,#5332,#5421,.T.);
#5419 = VERTEX_POINT('',#5420);
#5420 = CARTESIAN_POINT('',(-66.57272727272,20.216090909091,
    1.294543813728E-15));
#5421 = SEAM_CURVE('',#5422,(#5426,#5433),.PCURVE_S1.);
#5422 = LINE('',#5423,#5424);
#5423 = CARTESIAN_POINT('',(-66.57272727272,20.216090909091,
    1.294543813728E-15));
#5424 = VECTOR('',#5425,1.);
#5425 = DIRECTION('',(1.,0.,0.));
#5426 = PCURVE('',#5348,#5427);
#5427 = DEFINITIONAL_REPRESENTATION('',(#5428),#5432);
#5428 = LINE('',#5429,#5430);
#5429 = CARTESIAN_POINT('',(-0.,0.));
#5430 = VECTOR('',#5431,1.);
#5431 = DIRECTION('',(-0.,-1.));
#5432 = ( GEOMETRIC_REPRESENTATION_CONTEXT(2) 
PARAMETRIC_REPRESENTATION_CONTEXT() REPRESENTATION_CONTEXT('2D SPACE',''
  ) );
#5433 = PCURVE('',#5348,#5434);
#5434 = DEFINITIONAL_REPRESENTATION('',(#5435),#5439);
#5435 = LINE('',#5436,#5437);
#5436 = CARTESIAN_POINT('',(-6.28318530718,0.));
#5437 = VECTOR('',#5438,1.);
#5438 = DIRECTION('',(-0.,-1.));
#5439 = ( GEOMETRIC_REPRESENTATION_CONTEXT(2) 
PARAMETRIC_REPRESENTATION_CONTEXT() REPRESENTATION_CONTEXT('2D SPACE',''
  ) );
#5440 = ORIENTED_EDGE('',*,*,#5331,.T.);
#5441 = ORIENTED_EDGE('',*,*,#5418,.F.);
#5442 = ORIENTED_EDGE('',*,*,#5443,.F.);
#5443 = EDGE_CURVE('',#5419,#5419,#5444,.T.);
#5444 = SURFACE_CURVE('',#5445,(#5450,#5457),.PCURVE_S1.);
#5445 = CIRCLE('',#5446,20.216090909091);
#5446 = AXIS2_PLACEMENT_3D('',#5447,#5448,#5449);
#5447 = CARTESIAN_POINT('',(-66.57272727272,1.038871410517E-13,
    1.294543813728E-15));
#5448 = DIRECTION('',(1.,0.,0.));
#5449 = DIRECTION('',(0.,1.,0.));
#5450 = PCURVE('',#5348,#5451);
#5451 = DEFINITIONAL_REPRESENTATION('',(#5452),#5456);
#5452 = LINE('',#5453,#5454);
#5453 = CARTESIAN_POINT('',(-0.,0.));
#5454 = VECTOR('',#5455,1.);
#5455 = DIRECTION('',(-1.,0.));
#5456 = ( GEOMETRIC_REPRESENTATION_CONTEXT(2) 
PARAMETRIC_REPRESENTATION_CONTEXT() REPRESENTATION_CONTEXT('2D SPACE',''
  ) );
#5457 = PCURVE('',#5458,#5463);
#5458 = PLANE('',#5459);
#5459 = AXIS2_PLACEMENT_3D('',#5460,#5461,#5462);
#5460 = CARTESIAN_POINT('',(-66.57272727272,-4.982701462225E-16,
    1.096843235714E-15));
#5461 = DIRECTION('',(1.,0.,0.));
#5462 = DIRECTION('',(-0.,0.,1.));
#5463 = DEFINITIONAL_REPRESENTATION('',(#5464),#5468);
#5464 = CIRCLE('',#5465,20.216090909091);
#5465 = AXIS2_PLACEMENT_2D('',#5466,#5467);
#5466 = CARTESIAN_POINT('',(1.977005780142E-16,-1.043854111979E-13));
#5467 = DIRECTION('',(0.,-1.));
#5468 = ( GEOMETRIC_REPRESENTATION_CONTEXT(2) 
PARAMETRIC_REPRESENTATION_CONTEXT() REPRESENTATION_CONTEXT('2D SPACE',''
  ) );
#5469 = ADVANCED_FACE('',(#5470,#5505),#5401,.F.);
#5470 = FACE_BOUND('',#5471,.F.);
#5471 = EDGE_LOOP('',(#5472));
#5472 = ORIENTED_EDGE('',*,*,#5473,.F.);
#5473 = EDGE_CURVE('',#5474,#5474,#5476,.T.);
#5474 = VERTEX_POINT('',#5475);
#5475 = CARTESIAN_POINT('',(64.890909090909,20.955,0.));
#5476 = SURFACE_CURVE('',#5477,(#5482,#5493),.PCURVE_S1.);
#5477 = CIRCLE('',#5478,20.955);
#5478 = AXIS2_PLACEMENT_3D('',#5479,#5480,#5481);
#5479 = CARTESIAN_POINT('',(64.890909090909,0.,0.));
#5480 = DIRECTION('',(-1.,0.,0.));
#5481 = DIRECTION('',(0.,1.,0.));
#5482 = PCURVE('',#5401,#5483);
#5483 = DEFINITIONAL_REPRESENTATION('',(#5484),#5492);
#5484 = ( BOUNDED_CURVE() B_SPLINE_CURVE(2,(#5485,#5486,#5487,#5488,
#5489,#5490,#5491),.UNSPECIFIED.,.T.,.F.) B_SPLINE_CURVE_WITH_KNOTS((1,2
    ,2,2,2,1),(-2.094395102393,0.,2.094395102393,4.188790204786,
6.28318530718,8.377580409573),.UNSPECIFIED.) CURVE() 
GEOMETRIC_REPRESENTATION_ITEM() RATIONAL_B_SPLINE_CURVE((1.,0.5,1.,0.5,
1.,0.5,1.)) REPRESENTATION_ITEM('') );
#5485 = CARTESIAN_POINT('',(-1.096843235714E-15,-20.955));
#5486 = CARTESIAN_POINT('',(-36.2951246726,-20.955));
#5487 = CARTESIAN_POINT('',(-18.1475623363,10.4775));
#5488 = CARTESIAN_POINT('',(-6.229337970941E-15,41.91));
#5489 = CARTESIAN_POINT('',(18.147562336303,10.4775));
#5490 = CARTESIAN_POINT('',(36.295124672606,-20.955));
#5491 = CARTESIAN_POINT('',(-1.096843235714E-15,-20.955));
#5492 = ( GEOMETRIC_REPRESENTATION_CONTEXT(2) 
PARAMETRIC_REPRESENTATION_CONTEXT() REPRESENTATION_CONTEXT('2D SPACE',''
  ) );
#5493 = PCURVE('',#5494,#5499);
#5494 = CYLINDRICAL_SURFACE('',#5495,20.955);
#5495 = AXIS2_PLACEMENT_3D('',#5496,#5497,#5498);
#5496 = CARTESIAN_POINT('',(53.,0.,0.));
#5497 = DIRECTION('',(-1.,-0.,-0.));
#5498 = DIRECTION('',(0.,1.,0.));
#5499 = DEFINITIONAL_REPRESENTATION('',(#5500),#5504);
#5500 = LINE('',#5501,#5502);
#5501 = CARTESIAN_POINT('',(-6.28318530718,-11.8909090909));
#5502 = VECTOR('',#5503,1.);
#5503 = DIRECTION('',(1.,-0.));
#5504 = ( GEOMETRIC_REPRESENTATION_CONTEXT(2) 
PARAMETRIC_REPRESENTATION_CONTEXT() REPRESENTATION_CONTEXT('2D SPACE',''
  ) );
#5505 = FACE_BOUND('',#5506,.F.);
#5506 = EDGE_LOOP('',(#5507));
#5507 = ORIENTED_EDGE('',*,*,#5386,.F.);
#5508 = ADVANCED_FACE('',(#5509,#5544),#5458,.T.);
#5509 = FACE_BOUND('',#5510,.T.);
#5510 = EDGE_LOOP('',(#5511));
#5511 = ORIENTED_EDGE('',*,*,#5512,.F.);
#5512 = EDGE_CURVE('',#5513,#5513,#5515,.T.);
#5513 = VERTEX_POINT('',#5514);
#5514 = CARTESIAN_POINT('',(-66.57272727272,20.955,0.));
#5515 = SURFACE_CURVE('',#5516,(#5521,#5532),.PCURVE_S1.);
#5516 = CIRCLE('',#5517,20.955);
#5517 = AXIS2_PLACEMENT_3D('',#5518,#5519,#5520);
#5518 = CARTESIAN_POINT('',(-66.57272727272,0.,0.));
#5519 = DIRECTION('',(-1.,0.,0.));
#5520 = DIRECTION('',(0.,1.,0.));
#5521 = PCURVE('',#5458,#5522);
#5522 = DEFINITIONAL_REPRESENTATION('',(#5523),#5531);
#5523 = ( BOUNDED_CURVE() B_SPLINE_CURVE(2,(#5524,#5525,#5526,#5527,
#5528,#5529,#5530),.UNSPECIFIED.,.T.,.F.) B_SPLINE_CURVE_WITH_KNOTS((1,2
    ,2,2,2,1),(-2.094395102393,0.,2.094395102393,4.188790204786,
6.28318530718,8.377580409573),.UNSPECIFIED.) CURVE() 
GEOMETRIC_REPRESENTATION_ITEM() RATIONAL_B_SPLINE_CURVE((1.,0.5,1.,0.5,
1.,0.5,1.)) REPRESENTATION_ITEM('') );
#5524 = CARTESIAN_POINT('',(-1.096843235714E-15,-20.955));
#5525 = CARTESIAN_POINT('',(-36.2951246726,-20.955));
#5526 = CARTESIAN_POINT('',(-18.1475623363,10.4775));
#5527 = CARTESIAN_POINT('',(-6.229337970941E-15,41.91));
#5528 = CARTESIAN_POINT('',(18.147562336303,10.4775));
#5529 = CARTESIAN_POINT('',(36.295124672606,-20.955));
#5530 = CARTESIAN_POINT('',(-1.096843235714E-15,-20.955));
#5531 = ( GEOMETRIC_REPRESENTATION_CONTEXT(2) 
PARAMETRIC_REPRESENTATION_CONTEXT() REPRESENTATION_CONTEXT('2D SPACE',''
  ) );
#5532 = PCURVE('',#5533,#5538);
#5533 = CYLINDRICAL_SURFACE('',#5534,20.955);
#5534 = AXIS2_PLACEMENT_3D('',#5535,#5536,#5537);
#5535 = CARTESIAN_POINT('',(-75.,0.,0.));
#5536 = DIRECTION('',(-1.,-0.,-0.));
#5537 = DIRECTION('',(0.,1.,0.));
#5538 = DEFINITIONAL_REPRESENTATION('',(#5539),#5543);
#5539 = LINE('',#5540,#5541);
#5540 = CARTESIAN_POINT('',(-6.28318530718,-8.427272727273));
#5541 = VECTOR('',#5542,1.);
#5542 = DIRECTION('',(1.,-0.));
#5543 = ( GEOMETRIC_REPRESENTATION_CONTEXT(2) 
PARAMETRIC_REPRESENTATION_CONTEXT() REPRESENTATION_CONTEXT('2D SPACE',''
  ) );
#5544 = FACE_BOUND('',#5545,.T.);
#5545 = EDGE_LOOP('',(#5546));
#5546 = ORIENTED_EDGE('',*,*,#5443,.F.);
#5547 = ADVANCED_FACE('',(#5548),#5494,.T.);
#5548 = FACE_BOUND('',#5549,.F.);
#5549 = EDGE_LOOP('',(#5550,#5573,#5574,#5575));
#5550 = ORIENTED_EDGE('',*,*,#5551,.F.);
#5551 = EDGE_CURVE('',#5474,#5552,#5554,.T.);
#5552 = VERTEX_POINT('',#5553);
#5553 = CARTESIAN_POINT('',(66.045454545455,20.955,0.));
#5554 = SEAM_CURVE('',#5555,(#5559,#5566),.PCURVE_S1.);
#5555 = LINE('',#5556,#5557);
#5556 = CARTESIAN_POINT('',(53.,20.955,0.));
#5557 = VECTOR('',#5558,1.);
#5558 = DIRECTION('',(1.,0.,0.));
#5559 = PCURVE('',#5494,#5560);
#5560 = DEFINITIONAL_REPRESENTATION('',(#5561),#5565);
#5561 = LINE('',#5562,#5563);
#5562 = CARTESIAN_POINT('',(-6.28318530718,0.));
#5563 = VECTOR('',#5564,1.);
#5564 = DIRECTION('',(-0.,-1.));
#5565 = ( GEOMETRIC_REPRESENTATION_CONTEXT(2) 
PARAMETRIC_REPRESENTATION_CONTEXT() REPRESENTATION_CONTEXT('2D SPACE',''
  ) );
#5566 = PCURVE('',#5494,#5567);
#5567 = DEFINITIONAL_REPRESENTATION('',(#5568),#5572);
#5568 = LINE('',#5569,#5570);
#5569 = CARTESIAN_POINT('',(-0.,0.));
#5570 = VECTOR('',#5571,1.);
#5571 = DIRECTION('',(-0.,-1.));
#5572 = ( GEOMETRIC_REPRESENTATION_CONTEXT(2) 
PARAMETRIC_REPRESENTATION_CONTEXT() REPRESENTATION_CONTEXT('2D SPACE',''
  ) );
#5573 = ORIENTED_EDGE('',*,*,#5473,.T.);
#5574 = ORIENTED_EDGE('',*,*,#5551,.T.);
#5575 = ORIENTED_EDGE('',*,*,#5576,.F.);
#5576 = EDGE_CURVE('',#5552,#5552,#5577,.T.);
#5577 = SURFACE_CURVE('',#5578,(#5583,#5590),.PCURVE_S1.);
#5578 = CIRCLE('',#5579,20.955);
#5579 = AXIS2_PLACEMENT_3D('',#5580,#5581,#5582);
#5580 = CARTESIAN_POINT('',(66.045454545455,0.,0.));
#5581 = DIRECTION('',(-1.,0.,0.));
#5582 = DIRECTION('',(0.,1.,0.));
#5583 = PCURVE('',#5494,#5584);
#5584 = DEFINITIONAL_REPRESENTATION('',(#5585),#5589);
#5585 = LINE('',#5586,#5587);
#5586 = CARTESIAN_POINT('',(-6.28318530718,-13.04545454545));
#5587 = VECTOR('',#5588,1.);
#5588 = DIRECTION('',(1.,-0.));
#5589 = ( GEOMETRIC_REPRESENTATION_CONTEXT(2) 
PARAMETRIC_REPRESENTATION_CONTEXT() REPRESENTATION_CONTEXT('2D SPACE',''
  ) );
#5590 = PCURVE('',#5591,#5596);
#5591 = PLANE('',#5592);
#5592 = AXIS2_PLACEMENT_3D('',#5593,#5594,#5595);
#5593 = CARTESIAN_POINT('',(66.045454545455,-4.982701462225E-16,
    1.096843235714E-15));
#5594 = DIRECTION('',(1.,0.,0.));
#5595 = DIRECTION('',(-0.,0.,1.));
#5596 = DEFINITIONAL_REPRESENTATION('',(#5597),#5605);
#5597 = ( BOUNDED_CURVE() B_SPLINE_CURVE(2,(#5598,#5599,#5600,#5601,
#5602,#5603,#5604),.UNSPECIFIED.,.T.,.F.) B_SPLINE_CURVE_WITH_KNOTS((1,2
    ,2,2,2,1),(-2.094395102393,0.,2.094395102393,4.188790204786,
6.28318530718,8.377580409573),.UNSPECIFIED.) CURVE() 
GEOMETRIC_REPRESENTATION_ITEM() RATIONAL_B_SPLINE_CURVE((1.,0.5,1.,0.5,
1.,0.5,1.)) REPRESENTATION_ITEM('') );
#5598 = CARTESIAN_POINT('',(-1.096843235714E-15,-20.955));
#5599 = CARTESIAN_POINT('',(-36.2951246726,-20.955));
#5600 = CARTESIAN_POINT('',(-18.1475623363,10.4775));
#5601 = CARTESIAN_POINT('',(-6.229337970941E-15,41.91));
#5602 = CARTESIAN_POINT('',(18.147562336303,10.4775));
#5603 = CARTESIAN_POINT('',(36.295124672606,-20.955));
#5604 = CARTESIAN_POINT('',(-1.096843235714E-15,-20.955));
#5605 = ( GEOMETRIC_REPRESENTATION_CONTEXT(2) 
PARAMETRIC_REPRESENTATION_CONTEXT() REPRESENTATION_CONTEXT('2D SPACE',''
  ) );
#5606 = ADVANCED_FACE('',(#5607),#5533,.T.);
#5607 = FACE_BOUND('',#5608,.F.);
#5608 = EDGE_LOOP('',(#5609,#5632,#5663,#5664));
#5609 = ORIENTED_EDGE('',*,*,#5610,.F.);
#5610 = EDGE_CURVE('',#5611,#5513,#5613,.T.);
#5611 = VERTEX_POINT('',#5612);
#5612 = CARTESIAN_POINT('',(-67.72727272727,20.955,0.));
#5613 = SEAM_CURVE('',#5614,(#5618,#5625),.PCURVE_S1.);
#5614 = LINE('',#5615,#5616);
#5615 = CARTESIAN_POINT('',(-75.,20.955,0.));
#5616 = VECTOR('',#5617,1.);
#5617 = DIRECTION('',(1.,0.,0.));
#5618 = PCURVE('',#5533,#5619);
#5619 = DEFINITIONAL_REPRESENTATION('',(#5620),#5624);
#5620 = LINE('',#5621,#5622);
#5621 = CARTESIAN_POINT('',(-6.28318530718,0.));
#5622 = VECTOR('',#5623,1.);
#5623 = DIRECTION('',(-0.,-1.));
#5624 = ( GEOMETRIC_REPRESENTATION_CONTEXT(2) 
PARAMETRIC_REPRESENTATION_CONTEXT() REPRESENTATION_CONTEXT('2D SPACE',''
  ) );
#5625 = PCURVE('',#5533,#5626);
#5626 = DEFINITIONAL_REPRESENTATION('',(#5627),#5631);
#5627 = LINE('',#5628,#5629);
#5628 = CARTESIAN_POINT('',(-0.,0.));
#5629 = VECTOR('',#5630,1.);
#5630 = DIRECTION('',(-0.,-1.));
#5631 = ( GEOMETRIC_REPRESENTATION_CONTEXT(2) 
PARAMETRIC_REPRESENTATION_CONTEXT() REPRESENTATION_CONTEXT('2D SPACE',''
  ) );
#5632 = ORIENTED_EDGE('',*,*,#5633,.T.);
#5633 = EDGE_CURVE('',#5611,#5611,#5634,.T.);
#5634 = SURFACE_CURVE('',#5635,(#5640,#5647),.PCURVE_S1.);
#5635 = CIRCLE('',#5636,20.955);
#5636 = AXIS2_PLACEMENT_3D('',#5637,#5638,#5639);
#5637 = CARTESIAN_POINT('',(-67.72727272727,0.,0.));
#5638 = DIRECTION('',(-1.,0.,0.));
#5639 = DIRECTION('',(0.,1.,0.));
#5640 = PCURVE('',#5533,#5641);
#5641 = DEFINITIONAL_REPRESENTATION('',(#5642),#5646);
#5642 = LINE('',#5643,#5644);
#5643 = CARTESIAN_POINT('',(-6.28318530718,-7.272727272727));
#5644 = VECTOR('',#5645,1.);
#5645 = DIRECTION('',(1.,-0.));
#5646 = ( GEOMETRIC_REPRESENTATION_CONTEXT(2) 
PARAMETRIC_REPRESENTATION_CONTEXT() REPRESENTATION_CONTEXT('2D SPACE',''
  ) );
#5647 = PCURVE('',#5648,#5653);
#5648 = PLANE('',#5649);
#5649 = AXIS2_PLACEMENT_3D('',#5650,#5651,#5652);
#5650 = CARTESIAN_POINT('',(-67.72727272727,-4.982701462225E-16,
    1.096843235714E-15));
#5651 = DIRECTION('',(1.,0.,0.));
#5652 = DIRECTION('',(-0.,0.,1.));
#5653 = DEFINITIONAL_REPRESENTATION('',(#5654),#5662);
#5654 = ( BOUNDED_CURVE() B_SPLINE_CURVE(2,(#5655,#5656,#5657,#5658,
#5659,#5660,#5661),.UNSPECIFIED.,.T.,.F.) B_SPLINE_CURVE_WITH_KNOTS((1,2
    ,2,2,2,1),(-2.094395102393,0.,2.094395102393,4.188790204786,
6.28318530718,8.377580409573),.UNSPECIFIED.) CURVE() 
GEOMETRIC_REPRESENTATION_ITEM() RATIONAL_B_SPLINE_CURVE((1.,0.5,1.,0.5,
1.,0.5,1.)) REPRESENTATION_ITEM('') );
#5655 = CARTESIAN_POINT('',(-1.096843235714E-15,-20.955));
#5656 = CARTESIAN_POINT('',(-36.2951246726,-20.955));
#5657 = CARTESIAN_POINT('',(-18.1475623363,10.4775));
#5658 = CARTESIAN_POINT('',(-6.229337970941E-15,41.91));
#5659 = CARTESIAN_POINT('',(18.147562336303,10.4775));
#5660 = CARTESIAN_POINT('',(36.295124672606,-20.955));
#5661 = CARTESIAN_POINT('',(-1.096843235714E-15,-20.955));
#5662 = ( GEOMETRIC_REPRESENTATION_CONTEXT(2) 
PARAMETRIC_REPRESENTATION_CONTEXT() REPRESENTATION_CONTEXT('2D SPACE',''
  ) );
#5663 = ORIENTED_EDGE('',*,*,#5610,.T.);
#5664 = ORIENTED_EDGE('',*,*,#5512,.F.);
#5665 = ADVANCED_FACE('',(#5666,#5669),#5591,.T.);
#5666 = FACE_BOUND('',#5667,.T.);
#5667 = EDGE_LOOP('',(#5668));
#5668 = ORIENTED_EDGE('',*,*,#5576,.F.);
#5669 = FACE_BOUND('',#5670,.T.);
#5670 = EDGE_LOOP('',(#5671));
#5671 = ORIENTED_EDGE('',*,*,#5672,.F.);
#5672 = EDGE_CURVE('',#5673,#5673,#5675,.T.);
#5673 = VERTEX_POINT('',#5674);
#5674 = CARTESIAN_POINT('',(66.045454545455,20.216090909091,
    1.294543813728E-15));
#5675 = SURFACE_CURVE('',#5676,(#5681,#5688),.PCURVE_S1.);
#5676 = CIRCLE('',#5677,20.216090909091);
#5677 = AXIS2_PLACEMENT_3D('',#5678,#5679,#5680);
#5678 = CARTESIAN_POINT('',(66.045454545455,1.038871410517E-13,
    1.294543813728E-15));
#5679 = DIRECTION('',(1.,0.,0.));
#5680 = DIRECTION('',(0.,1.,0.));
#5681 = PCURVE('',#5591,#5682);
#5682 = DEFINITIONAL_REPRESENTATION('',(#5683),#5687);
#5683 = CIRCLE('',#5684,20.216090909091);
#5684 = AXIS2_PLACEMENT_2D('',#5685,#5686);
#5685 = CARTESIAN_POINT('',(1.977005780142E-16,-1.043854111979E-13));
#5686 = DIRECTION('',(0.,-1.));
#5687 = ( GEOMETRIC_REPRESENTATION_CONTEXT(2) 
PARAMETRIC_REPRESENTATION_CONTEXT() REPRESENTATION_CONTEXT('2D SPACE',''
  ) );
#5688 = PCURVE('',#5689,#5694);
#5689 = CYLINDRICAL_SURFACE('',#5690,20.216090909091);
#5690 = AXIS2_PLACEMENT_3D('',#5691,#5692,#5693);
#5691 = CARTESIAN_POINT('',(66.045454545455,1.038871410517E-13,
    1.294543813728E-15));
#5692 = DIRECTION('',(-1.,-0.,-0.));
#5693 = DIRECTION('',(0.,1.,0.));
#5694 = DEFINITIONAL_REPRESENTATION('',(#5695),#5699);
#5695 = LINE('',#5696,#5697);
#5696 = CARTESIAN_POINT('',(-0.,0.));
#5697 = VECTOR('',#5698,1.);
#5698 = DIRECTION('',(-1.,0.));
#5699 = ( GEOMETRIC_REPRESENTATION_CONTEXT(2) 
PARAMETRIC_REPRESENTATION_CONTEXT() REPRESENTATION_CONTEXT('2D SPACE',''
  ) );
#5700 = ADVANCED_FACE('',(#5701,#5704),#5648,.F.);
#5701 = FACE_BOUND('',#5702,.F.);
#5702 = EDGE_LOOP('',(#5703));
#5703 = ORIENTED_EDGE('',*,*,#5633,.F.);
#5704 = FACE_BOUND('',#5705,.F.);
#5705 = EDGE_LOOP('',(#5706));
#5706 = ORIENTED_EDGE('',*,*,#5707,.F.);
#5707 = EDGE_CURVE('',#5708,#5708,#5710,.T.);
#5708 = VERTEX_POINT('',#5709);
#5709 = CARTESIAN_POINT('',(-67.72727272727,20.216090909091,
    1.294543813728E-15));
#5710 = SURFACE_CURVE('',#5711,(#5716,#5723),.PCURVE_S1.);
#5711 = CIRCLE('',#5712,20.216090909091);
#5712 = AXIS2_PLACEMENT_3D('',#5713,#5714,#5715);
#5713 = CARTESIAN_POINT('',(-67.72727272727,1.038871410517E-13,
    1.294543813728E-15));
#5714 = DIRECTION('',(1.,0.,0.));
#5715 = DIRECTION('',(0.,1.,0.));
#5716 = PCURVE('',#5648,#5717);
#5717 = DEFINITIONAL_REPRESENTATION('',(#5718),#5722);
#5718 = CIRCLE('',#5719,20.216090909091);
#5719 = AXIS2_PLACEMENT_2D('',#5720,#5721);
#5720 = CARTESIAN_POINT('',(1.977005780142E-16,-1.043854111979E-13));
#5721 = DIRECTION('',(0.,-1.));
#5722 = ( GEOMETRIC_REPRESENTATION_CONTEXT(2) 
PARAMETRIC_REPRESENTATION_CONTEXT() REPRESENTATION_CONTEXT('2D SPACE',''
  ) );
#5723 = PCURVE('',#5724,#5729);
#5724 = CYLINDRICAL_SURFACE('',#5725,20.216090909091);
#5725 = AXIS2_PLACEMENT_3D('',#5726,#5727,#5728);
#5726 = CARTESIAN_POINT('',(-68.88181818181,1.038871410517E-13,
    1.294543813728E-15));
#5727 = DIRECTION('',(-1.,-0.,-0.));
#5728 = DIRECTION('',(0.,1.,0.));
#5729 = DEFINITIONAL_REPRESENTATION('',(#5730),#5734);
#5730 = LINE('',#5731,#5732);
#5731 = CARTESIAN_POINT('',(-0.,-1.154545454545));
#5732 = VECTOR('',#5733,1.);
#5733 = DIRECTION('',(-1.,0.));
#5734 = ( GEOMETRIC_REPRESENTATION_CONTEXT(2) 
PARAMETRIC_REPRESENTATION_CONTEXT() REPRESENTATION_CONTEXT('2D SPACE',''
  ) );
#5735 = ADVANCED_FACE('',(#5736),#5689,.T.);
#5736 = FACE_BOUND('',#5737,.F.);
#5737 = EDGE_LOOP('',(#5738,#5761,#5788,#5789));
#5738 = ORIENTED_EDGE('',*,*,#5739,.T.);
#5739 = EDGE_CURVE('',#5673,#5740,#5742,.T.);
#5740 = VERTEX_POINT('',#5741);
#5741 = CARTESIAN_POINT('',(67.2,20.216090909091,1.294543813728E-15));
#5742 = SEAM_CURVE('',#5743,(#5747,#5754),.PCURVE_S1.);
#5743 = LINE('',#5744,#5745);
#5744 = CARTESIAN_POINT('',(66.045454545455,20.216090909091,
    1.294543813728E-15));
#5745 = VECTOR('',#5746,1.);
#5746 = DIRECTION('',(1.,0.,0.));
#5747 = PCURVE('',#5689,#5748);
#5748 = DEFINITIONAL_REPRESENTATION('',(#5749),#5753);
#5749 = LINE('',#5750,#5751);
#5750 = CARTESIAN_POINT('',(-0.,0.));
#5751 = VECTOR('',#5752,1.);
#5752 = DIRECTION('',(-0.,-1.));
#5753 = ( GEOMETRIC_REPRESENTATION_CONTEXT(2) 
PARAMETRIC_REPRESENTATION_CONTEXT() REPRESENTATION_CONTEXT('2D SPACE',''
  ) );
#5754 = PCURVE('',#5689,#5755);
#5755 = DEFINITIONAL_REPRESENTATION('',(#5756),#5760);
#5756 = LINE('',#5757,#5758);
#5757 = CARTESIAN_POINT('',(-6.28318530718,0.));
#5758 = VECTOR('',#5759,1.);
#5759 = DIRECTION('',(-0.,-1.));
#5760 = ( GEOMETRIC_REPRESENTATION_CONTEXT(2) 
PARAMETRIC_REPRESENTATION_CONTEXT() REPRESENTATION_CONTEXT('2D SPACE',''
  ) );
#5761 = ORIENTED_EDGE('',*,*,#5762,.T.);
#5762 = EDGE_CURVE('',#5740,#5740,#5763,.T.);
#5763 = SURFACE_CURVE('',#5764,(#5769,#5776),.PCURVE_S1.);
#5764 = CIRCLE('',#5765,20.216090909091);
#5765 = AXIS2_PLACEMENT_3D('',#5766,#5767,#5768);
#5766 = CARTESIAN_POINT('',(67.2,1.038871410517E-13,1.294543813728E-15)
  );
#5767 = DIRECTION('',(1.,0.,0.));
#5768 = DIRECTION('',(0.,1.,0.));
#5769 = PCURVE('',#5689,#5770);
#5770 = DEFINITIONAL_REPRESENTATION('',(#5771),#5775);
#5771 = LINE('',#5772,#5773);
#5772 = CARTESIAN_POINT('',(-0.,-1.154545454545));
#5773 = VECTOR('',#5774,1.);
#5774 = DIRECTION('',(-1.,0.));
#5775 = ( GEOMETRIC_REPRESENTATION_CONTEXT(2) 
PARAMETRIC_REPRESENTATION_CONTEXT() REPRESENTATION_CONTEXT('2D SPACE',''
  ) );
#5776 = PCURVE('',#5777,#5782);
#5777 = PLANE('',#5778);
#5778 = AXIS2_PLACEMENT_3D('',#5779,#5780,#5781);
#5779 = CARTESIAN_POINT('',(67.2,-4.982701462225E-16,1.096843235714E-15)
  );
#5780 = DIRECTION('',(1.,0.,0.));
#5781 = DIRECTION('',(-0.,0.,1.));
#5782 = DEFINITIONAL_REPRESENTATION('',(#5783),#5787);
#5783 = CIRCLE('',#5784,20.216090909091);
#5784 = AXIS2_PLACEMENT_2D('',#5785,#5786);
#5785 = CARTESIAN_POINT('',(1.977005780142E-16,-1.043854111979E-13));
#5786 = DIRECTION('',(0.,-1.));
#5787 = ( GEOMETRIC_REPRESENTATION_CONTEXT(2) 
PARAMETRIC_REPRESENTATION_CONTEXT() REPRESENTATION_CONTEXT('2D SPACE',''
  ) );
#5788 = ORIENTED_EDGE('',*,*,#5739,.F.);
#5789 = ORIENTED_EDGE('',*,*,#5672,.F.);
#5790 = ADVANCED_FACE('',(#5791),#5724,.T.);
#5791 = FACE_BOUND('',#5792,.F.);
#5792 = EDGE_LOOP('',(#5793,#5816,#5817,#5818));
#5793 = ORIENTED_EDGE('',*,*,#5794,.T.);
#5794 = EDGE_CURVE('',#5795,#5708,#5797,.T.);
#5795 = VERTEX_POINT('',#5796);
#5796 = CARTESIAN_POINT('',(-68.88181818181,20.216090909091,
    1.294543813728E-15));
#5797 = SEAM_CURVE('',#5798,(#5802,#5809),.PCURVE_S1.);
#5798 = LINE('',#5799,#5800);
#5799 = CARTESIAN_POINT('',(-68.88181818181,20.216090909091,
    1.294543813728E-15));
#5800 = VECTOR('',#5801,1.);
#5801 = DIRECTION('',(1.,0.,0.));
#5802 = PCURVE('',#5724,#5803);
#5803 = DEFINITIONAL_REPRESENTATION('',(#5804),#5808);
#5804 = LINE('',#5805,#5806);
#5805 = CARTESIAN_POINT('',(-0.,0.));
#5806 = VECTOR('',#5807,1.);
#5807 = DIRECTION('',(-0.,-1.));
#5808 = ( GEOMETRIC_REPRESENTATION_CONTEXT(2) 
PARAMETRIC_REPRESENTATION_CONTEXT() REPRESENTATION_CONTEXT('2D SPACE',''
  ) );
#5809 = PCURVE('',#5724,#5810);
#5810 = DEFINITIONAL_REPRESENTATION('',(#5811),#5815);
#5811 = LINE('',#5812,#5813);
#5812 = CARTESIAN_POINT('',(-6.28318530718,0.));
#5813 = VECTOR('',#5814,1.);
#5814 = DIRECTION('',(-0.,-1.));
#5815 = ( GEOMETRIC_REPRESENTATION_CONTEXT(2) 
PARAMETRIC_REPRESENTATION_CONTEXT() REPRESENTATION_CONTEXT('2D SPACE',''
  ) );
#5816 = ORIENTED_EDGE('',*,*,#5707,.T.);
#5817 = ORIENTED_EDGE('',*,*,#5794,.F.);
#5818 = ORIENTED_EDGE('',*,*,#5819,.F.);
#5819 = EDGE_CURVE('',#5795,#5795,#5820,.T.);
#5820 = SURFACE_CURVE('',#5821,(#5826,#5833),.PCURVE_S1.);
#5821 = CIRCLE('',#5822,20.216090909091);
#5822 = AXIS2_PLACEMENT_3D('',#5823,#5824,#5825);
#5823 = CARTESIAN_POINT('',(-68.88181818181,1.038871410517E-13,
    1.294543813728E-15));
#5824 = DIRECTION('',(1.,0.,0.));
#5825 = DIRECTION('',(0.,1.,0.));
#5826 = PCURVE('',#5724,#5827);
#5827 = DEFINITIONAL_REPRESENTATION('',(#5828),#5832);
#5828 = LINE('',#5829,#5830);
#5829 = CARTESIAN_POINT('',(-0.,0.));
#5830 = VECTOR('',#5831,1.);
#5831 = DIRECTION('',(-1.,0.));
#5832 = ( GEOMETRIC_REPRESENTATION_CONTEXT(2) 
PARAMETRIC_REPRESENTATION_CONTEXT() REPRESENTATION_CONTEXT('2D SPACE',''
  ) );
#5833 = PCURVE('',#5834,#5839);
#5834 = PLANE('',#5835);
#5835 = AXIS2_PLACEMENT_3D('',#5836,#5837,#5838);
#5836 = CARTESIAN_POINT('',(-68.88181818181,-4.982701462225E-16,
    1.096843235714E-15));
#5837 = DIRECTION('',(1.,0.,0.));
#5838 = DIRECTION('',(-0.,0.,1.));
#5839 = DEFINITIONAL_REPRESENTATION('',(#5840),#5844);
#5840 = CIRCLE('',#5841,20.216090909091);
#5841 = AXIS2_PLACEMENT_2D('',#5842,#5843);
#5842 = CARTESIAN_POINT('',(1.977005780142E-16,-1.043854111979E-13));
#5843 = DIRECTION('',(0.,-1.));
#5844 = ( GEOMETRIC_REPRESENTATION_CONTEXT(2) 
PARAMETRIC_REPRESENTATION_CONTEXT() REPRESENTATION_CONTEXT('2D SPACE',''
  ) );
#5845 = ADVANCED_FACE('',(#5846,#5881),#5777,.F.);
#5846 = FACE_BOUND('',#5847,.F.);
#5847 = EDGE_LOOP('',(#5848));
#5848 = ORIENTED_EDGE('',*,*,#5849,.F.);
#5849 = EDGE_CURVE('',#5850,#5850,#5852,.T.);
#5850 = VERTEX_POINT('',#5851);
#5851 = CARTESIAN_POINT('',(67.2,20.955,0.));
#5852 = SURFACE_CURVE('',#5853,(#5858,#5869),.PCURVE_S1.);
#5853 = CIRCLE('',#5854,20.955);
#5854 = AXIS2_PLACEMENT_3D('',#5855,#5856,#5857);
#5855 = CARTESIAN_POINT('',(67.2,0.,0.));
#5856 = DIRECTION('',(-1.,0.,0.));
#5857 = DIRECTION('',(0.,1.,0.));
#5858 = PCURVE('',#5777,#5859);
#5859 = DEFINITIONAL_REPRESENTATION('',(#5860),#5868);
#5860 = ( BOUNDED_CURVE() B_SPLINE_CURVE(2,(#5861,#5862,#5863,#5864,
#5865,#5866,#5867),.UNSPECIFIED.,.T.,.F.) B_SPLINE_CURVE_WITH_KNOTS((1,2
    ,2,2,2,1),(-2.094395102393,0.,2.094395102393,4.188790204786,
6.28318530718,8.377580409573),.UNSPECIFIED.) CURVE() 
GEOMETRIC_REPRESENTATION_ITEM() RATIONAL_B_SPLINE_CURVE((1.,0.5,1.,0.5,
1.,0.5,1.)) REPRESENTATION_ITEM('') );
#5861 = CARTESIAN_POINT('',(-1.096843235714E-15,-20.955));
#5862 = CARTESIAN_POINT('',(-36.2951246726,-20.955));
#5863 = CARTESIAN_POINT('',(-18.1475623363,10.4775));
#5864 = CARTESIAN_POINT('',(-6.229337970941E-15,41.91));
#5865 = CARTESIAN_POINT('',(18.147562336303,10.4775));
#5866 = CARTESIAN_POINT('',(36.295124672606,-20.955));
#5867 = CARTESIAN_POINT('',(-1.096843235714E-15,-20.955));
#5868 = ( GEOMETRIC_REPRESENTATION_CONTEXT(2) 
PARAMETRIC_REPRESENTATION_CONTEXT() REPRESENTATION_CONTEXT('2D SPACE',''
  ) );
#5869 = PCURVE('',#5870,#5875);
#5870 = CYLINDRICAL_SURFACE('',#5871,20.955);
#5871 = AXIS2_PLACEMENT_3D('',#5872,#5873,#5874);
#5872 = CARTESIAN_POINT('',(53.,0.,0.));
#5873 = DIRECTION('',(-1.,-0.,-0.));
#5874 = DIRECTION('',(0.,1.,0.));
#5875 = DEFINITIONAL_REPRESENTATION('',(#5876),#5880);
#5876 = LINE('',#5877,#5878);
#5877 = CARTESIAN_POINT('',(-6.28318530718,-14.2));
#5878 = VECTOR('',#5879,1.);
#5879 = DIRECTION('',(1.,-0.));
#5880 = ( GEOMETRIC_REPRESENTATION_CONTEXT(2) 
PARAMETRIC_REPRESENTATION_CONTEXT() REPRESENTATION_CONTEXT('2D SPACE',''
  ) );
#5881 = FACE_BOUND('',#5882,.F.);
#5882 = EDGE_LOOP('',(#5883));
#5883 = ORIENTED_EDGE('',*,*,#5762,.F.);
#5884 = ADVANCED_FACE('',(#5885,#5920),#5834,.T.);
#5885 = FACE_BOUND('',#5886,.T.);
#5886 = EDGE_LOOP('',(#5887));
#5887 = ORIENTED_EDGE('',*,*,#5888,.F.);
#5888 = EDGE_CURVE('',#5889,#5889,#5891,.T.);
#5889 = VERTEX_POINT('',#5890);
#5890 = CARTESIAN_POINT('',(-68.88181818181,20.955,0.));
#5891 = SURFACE_CURVE('',#5892,(#5897,#5908),.PCURVE_S1.);
#5892 = CIRCLE('',#5893,20.955);
#5893 = AXIS2_PLACEMENT_3D('',#5894,#5895,#5896);
#5894 = CARTESIAN_POINT('',(-68.88181818181,0.,0.));
#5895 = DIRECTION('',(-1.,0.,0.));
#5896 = DIRECTION('',(0.,1.,0.));
#5897 = PCURVE('',#5834,#5898);
#5898 = DEFINITIONAL_REPRESENTATION('',(#5899),#5907);
#5899 = ( BOUNDED_CURVE() B_SPLINE_CURVE(2,(#5900,#5901,#5902,#5903,
#5904,#5905,#5906),.UNSPECIFIED.,.T.,.F.) B_SPLINE_CURVE_WITH_KNOTS((1,2
    ,2,2,2,1),(-2.094395102393,0.,2.094395102393,4.188790204786,
6.28318530718,8.377580409573),.UNSPECIFIED.) CURVE() 
GEOMETRIC_REPRESENTATION_ITEM() RATIONAL_B_SPLINE_CURVE((1.,0.5,1.,0.5,
1.,0.5,1.)) REPRESENTATION_ITEM('') );
#5900 = CARTESIAN_POINT('',(-1.096843235714E-15,-20.955));
#5901 = CARTESIAN_POINT('',(-36.2951246726,-20.955));
#5902 = CARTESIAN_POINT('',(-18.1475623363,10.4775));
#5903 = CARTESIAN_POINT('',(-6.229337970941E-15,41.91));
#5904 = CARTESIAN_POINT('',(18.147562336303,10.4775));
#5905 = CARTESIAN_POINT('',(36.295124672606,-20.955));
#5906 = CARTESIAN_POINT('',(-1.096843235714E-15,-20.955));
#5907 = ( GEOMETRIC_REPRESENTATION_CONTEXT(2) 
PARAMETRIC_REPRESENTATION_CONTEXT() REPRESENTATION_CONTEXT('2D SPACE',''
  ) );
#5908 = PCURVE('',#5909,#5914);
#5909 = CYLINDRICAL_SURFACE('',#5910,20.955);
#5910 = AXIS2_PLACEMENT_3D('',#5911,#5912,#5913);
#5911 = CARTESIAN_POINT('',(-75.,0.,0.));
#5912 = DIRECTION('',(-1.,-0.,-0.));
#5913 = DIRECTION('',(0.,1.,0.));
#5914 = DEFINITIONAL_REPRESENTATION('',(#5915),#5919);
#5915 = LINE('',#5916,#5917);
#5916 = CARTESIAN_POINT('',(-6.28318530718,-6.118181818182));
#5917 = VECTOR('',#5918,1.);
#5918 = DIRECTION('',(1.,-0.));
#5919 = ( GEOMETRIC_REPRESENTATION_CONTEXT(2) 
PARAMETRIC_REPRESENTATION_CONTEXT() REPRESENTATION_CONTEXT('2D SPACE',''
  ) );
#5920 = FACE_BOUND('',#5921,.T.);
#5921 = EDGE_LOOP('',(#5922));
#5922 = ORIENTED_EDGE('',*,*,#5819,.F.);
#5923 = ADVANCED_FACE('',(#5924),#5870,.T.);
#5924 = FACE_BOUND('',#5925,.F.);
#5925 = EDGE_LOOP('',(#5926,#5949,#5950,#5951));
#5926 = ORIENTED_EDGE('',*,*,#5927,.F.);
#5927 = EDGE_CURVE('',#5850,#5928,#5930,.T.);
#5928 = VERTEX_POINT('',#5929);
#5929 = CARTESIAN_POINT('',(68.354545454545,20.955,0.));
#5930 = SEAM_CURVE('',#5931,(#5935,#5942),.PCURVE_S1.);
#5931 = LINE('',#5932,#5933);
#5932 = CARTESIAN_POINT('',(53.,20.955,0.));
#5933 = VECTOR('',#5934,1.);
#5934 = DIRECTION('',(1.,0.,0.));
#5935 = PCURVE('',#5870,#5936);
#5936 = DEFINITIONAL_REPRESENTATION('',(#5937),#5941);
#5937 = LINE('',#5938,#5939);
#5938 = CARTESIAN_POINT('',(-6.28318530718,0.));
#5939 = VECTOR('',#5940,1.);
#5940 = DIRECTION('',(-0.,-1.));
#5941 = ( GEOMETRIC_REPRESENTATION_CONTEXT(2) 
PARAMETRIC_REPRESENTATION_CONTEXT() REPRESENTATION_CONTEXT('2D SPACE',''
  ) );
#5942 = PCURVE('',#5870,#5943);
#5943 = DEFINITIONAL_REPRESENTATION('',(#5944),#5948);
#5944 = LINE('',#5945,#5946);
#5945 = CARTESIAN_POINT('',(-0.,0.));
#5946 = VECTOR('',#5947,1.);
#5947 = DIRECTION('',(-0.,-1.));
#5948 = ( GEOMETRIC_REPRESENTATION_CONTEXT(2) 
PARAMETRIC_REPRESENTATION_CONTEXT() REPRESENTATION_CONTEXT('2D SPACE',''
  ) );
#5949 = ORIENTED_EDGE('',*,*,#5849,.T.);
#5950 = ORIENTED_EDGE('',*,*,#5927,.T.);
#5951 = ORIENTED_EDGE('',*,*,#5952,.F.);
#5952 = EDGE_CURVE('',#5928,#5928,#5953,.T.);
#5953 = SURFACE_CURVE('',#5954,(#5959,#5966),.PCURVE_S1.);
#5954 = CIRCLE('',#5955,20.955);
#5955 = AXIS2_PLACEMENT_3D('',#5956,#5957,#5958);
#5956 = CARTESIAN_POINT('',(68.354545454545,0.,0.));
#5957 = DIRECTION('',(-1.,0.,0.));
#5958 = DIRECTION('',(0.,1.,0.));
#5959 = PCURVE('',#5870,#5960);
#5960 = DEFINITIONAL_REPRESENTATION('',(#5961),#5965);
#5961 = LINE('',#5962,#5963);
#5962 = CARTESIAN_POINT('',(-6.28318530718,-15.35454545454));
#5963 = VECTOR('',#5964,1.);
#5964 = DIRECTION('',(1.,-0.));
#5965 = ( GEOMETRIC_REPRESENTATION_CONTEXT(2) 
PARAMETRIC_REPRESENTATION_CONTEXT() REPRESENTATION_CONTEXT('2D SPACE',''
  ) );
#5966 = PCURVE('',#5967,#5972);
#5967 = PLANE('',#5968);
#5968 = AXIS2_PLACEMENT_3D('',#5969,#5970,#5971);
#5969 = CARTESIAN_POINT('',(68.354545454545,-4.982701462225E-16,
    1.096843235714E-15));
#5970 = DIRECTION('',(1.,0.,0.));
#5971 = DIRECTION('',(-0.,0.,1.));
#5972 = DEFINITIONAL_REPRESENTATION('',(#5973),#5981);
#5973 = ( BOUNDED_CURVE() B_SPLINE_CURVE(2,(#5974,#5975,#5976,#5977,
#5978,#5979,#5980),.UNSPECIFIED.,.T.,.F.) B_SPLINE_CURVE_WITH_KNOTS((1,2
    ,2,2,2,1),(-2.094395102393,0.,2.094395102393,4.188790204786,
6.28318530718,8.377580409573),.UNSPECIFIED.) CURVE() 
GEOMETRIC_REPRESENTATION_ITEM() RATIONAL_B_SPLINE_CURVE((1.,0.5,1.,0.5,
1.,0.5,1.)) REPRESENTATION_ITEM('') );
#5974 = CARTESIAN_POINT('',(-1.096843235714E-15,-20.955));
#5975 = CARTESIAN_POINT('',(-36.2951246726,-20.955));
#5976 = CARTESIAN_POINT('',(-18.1475623363,10.4775));
#5977 = CARTESIAN_POINT('',(-6.229337970941E-15,41.91));
#5978 = CARTESIAN_POINT('',(18.147562336303,10.4775));
#5979 = CARTESIAN_POINT('',(36.295124672606,-20.955));
#5980 = CARTESIAN_POINT('',(-1.096843235714E-15,-20.955));
#5981 = ( GEOMETRIC_REPRESENTATION_CONTEXT(2) 
PARAMETRIC_REPRESENTATION_CONTEXT() REPRESENTATION_CONTEXT('2D SPACE',''
  ) );
#5982 = ADVANCED_FACE('',(#5983),#5909,.T.);
#5983 = FACE_BOUND('',#5984,.F.);
#5984 = EDGE_LOOP('',(#5985,#6008,#6039,#6040));
#5985 = ORIENTED_EDGE('',*,*,#5986,.F.);
#5986 = EDGE_CURVE('',#5987,#5889,#5989,.T.);
#5987 = VERTEX_POINT('',#5988);
#5988 = CARTESIAN_POINT('',(-70.03636363636,20.955,0.));
#5989 = SEAM_CURVE('',#5990,(#5994,#6001),.PCURVE_S1.);
#5990 = LINE('',#5991,#5992);
#5991 = CARTESIAN_POINT('',(-75.,20.955,0.));
#5992 = VECTOR('',#5993,1.);
#5993 = DIRECTION('',(1.,0.,0.));
#5994 = PCURVE('',#5909,#5995);
#5995 = DEFINITIONAL_REPRESENTATION('',(#5996),#6000);
#5996 = LINE('',#5997,#5998);
#5997 = CARTESIAN_POINT('',(-6.28318530718,0.));
#5998 = VECTOR('',#5999,1.);
#5999 = DIRECTION('',(-0.,-1.));
#6000 = ( GEOMETRIC_REPRESENTATION_CONTEXT(2) 
PARAMETRIC_REPRESENTATION_CONTEXT() REPRESENTATION_CONTEXT('2D SPACE',''
  ) );
#6001 = PCURVE('',#5909,#6002);
#6002 = DEFINITIONAL_REPRESENTATION('',(#6003),#6007);
#6003 = LINE('',#6004,#6005);
#6004 = CARTESIAN_POINT('',(-0.,0.));
#6005 = VECTOR('',#6006,1.);
#6006 = DIRECTION('',(-0.,-1.));
#6007 = ( GEOMETRIC_REPRESENTATION_CONTEXT(2) 
PARAMETRIC_REPRESENTATION_CONTEXT() REPRESENTATION_CONTEXT('2D SPACE',''
  ) );
#6008 = ORIENTED_EDGE('',*,*,#6009,.T.);
#6009 = EDGE_CURVE('',#5987,#5987,#6010,.T.);
#6010 = SURFACE_CURVE('',#6011,(#6016,#6023),.PCURVE_S1.);
#6011 = CIRCLE('',#6012,20.955);
#6012 = AXIS2_PLACEMENT_3D('',#6013,#6014,#6015);
#6013 = CARTESIAN_POINT('',(-70.03636363636,0.,0.));
#6014 = DIRECTION('',(-1.,0.,0.));
#6015 = DIRECTION('',(0.,1.,0.));
#6016 = PCURVE('',#5909,#6017);
#6017 = DEFINITIONAL_REPRESENTATION('',(#6018),#6022);
#6018 = LINE('',#6019,#6020);
#6019 = CARTESIAN_POINT('',(-6.28318530718,-4.963636363636));
#6020 = VECTOR('',#6021,1.);
#6021 = DIRECTION('',(1.,-0.));
#6022 = ( GEOMETRIC_REPRESENTATION_CONTEXT(2) 
PARAMETRIC_REPRESENTATION_CONTEXT() REPRESENTATION_CONTEXT('2D SPACE',''
  ) );
#6023 = PCURVE('',#6024,#6029);
#6024 = PLANE('',#6025);
#6025 = AXIS2_PLACEMENT_3D('',#6026,#6027,#6028);
#6026 = CARTESIAN_POINT('',(-70.03636363636,-4.982701462225E-16,
    1.096843235714E-15));
#6027 = DIRECTION('',(1.,0.,0.));
#6028 = DIRECTION('',(-0.,0.,1.));
#6029 = DEFINITIONAL_REPRESENTATION('',(#6030),#6038);
#6030 = ( BOUNDED_CURVE() B_SPLINE_CURVE(2,(#6031,#6032,#6033,#6034,
#6035,#6036,#6037),.UNSPECIFIED.,.T.,.F.) B_SPLINE_CURVE_WITH_KNOTS((1,2
    ,2,2,2,1),(-2.094395102393,0.,2.094395102393,4.188790204786,
6.28318530718,8.377580409573),.UNSPECIFIED.) CURVE() 
GEOMETRIC_REPRESENTATION_ITEM() RATIONAL_B_SPLINE_CURVE((1.,0.5,1.,0.5,
1.,0.5,1.)) REPRESENTATION_ITEM('') );
#6031 = CARTESIAN_POINT('',(-1.096843235714E-15,-20.955));
#6032 = CARTESIAN_POINT('',(-36.2951246726,-20.955));
#6033 = CARTESIAN_POINT('',(-18.1475623363,10.4775));
#6034 = CARTESIAN_POINT('',(-6.229337970941E-15,41.91));
#6035 = CARTESIAN_POINT('',(18.147562336303,10.4775));
#6036 = CARTESIAN_POINT('',(36.295124672606,-20.955));
#6037 = CARTESIAN_POINT('',(-1.096843235714E-15,-20.955));
#6038 = ( GEOMETRIC_REPRESENTATION_CONTEXT(2) 
PARAMETRIC_REPRESENTATION_CONTEXT() REPRESENTATION_CONTEXT('2D SPACE',''
  ) );
#6039 = ORIENTED_EDGE('',*,*,#5986,.T.);
#6040 = ORIENTED_EDGE('',*,*,#5888,.F.);
#6041 = ADVANCED_FACE('',(#6042,#6045),#5967,.T.);
#6042 = FACE_BOUND('',#6043,.T.);
#6043 = EDGE_LOOP('',(#6044));
#6044 = ORIENTED_EDGE('',*,*,#5952,.F.);
#6045 = FACE_BOUND('',#6046,.T.);
#6046 = EDGE_LOOP('',(#6047));
#6047 = ORIENTED_EDGE('',*,*,#6048,.F.);
#6048 = EDGE_CURVE('',#6049,#6049,#6051,.T.);
#6049 = VERTEX_POINT('',#6050);
#6050 = CARTESIAN_POINT('',(68.354545454545,20.216090909091,
    1.294543813728E-15));
#6051 = SURFACE_CURVE('',#6052,(#6057,#6064),.PCURVE_S1.);
#6052 = CIRCLE('',#6053,20.216090909091);
#6053 = AXIS2_PLACEMENT_3D('',#6054,#6055,#6056);
#6054 = CARTESIAN_POINT('',(68.354545454545,1.038871410517E-13,
    1.294543813728E-15));
#6055 = DIRECTION('',(1.,0.,0.));
#6056 = DIRECTION('',(0.,1.,0.));
#6057 = PCURVE('',#5967,#6058);
#6058 = DEFINITIONAL_REPRESENTATION('',(#6059),#6063);
#6059 = CIRCLE('',#6060,20.216090909091);
#6060 = AXIS2_PLACEMENT_2D('',#6061,#6062);
#6061 = CARTESIAN_POINT('',(1.977005780142E-16,-1.043854111979E-13));
#6062 = DIRECTION('',(0.,-1.));
#6063 = ( GEOMETRIC_REPRESENTATION_CONTEXT(2) 
PARAMETRIC_REPRESENTATION_CONTEXT() REPRESENTATION_CONTEXT('2D SPACE',''
  ) );
#6064 = PCURVE('',#6065,#6070);
#6065 = CYLINDRICAL_SURFACE('',#6066,20.216090909091);
#6066 = AXIS2_PLACEMENT_3D('',#6067,#6068,#6069);
#6067 = CARTESIAN_POINT('',(68.354545454545,1.038871410517E-13,
    1.294543813728E-15));
#6068 = DIRECTION('',(-1.,-0.,-0.));
#6069 = DIRECTION('',(0.,1.,0.));
#6070 = DEFINITIONAL_REPRESENTATION('',(#6071),#6075);
#6071 = LINE('',#6072,#6073);
#6072 = CARTESIAN_POINT('',(-0.,0.));
#6073 = VECTOR('',#6074,1.);
#6074 = DIRECTION('',(-1.,0.));
#6075 = ( GEOMETRIC_REPRESENTATION_CONTEXT(2) 
PARAMETRIC_REPRESENTATION_CONTEXT() REPRESENTATION_CONTEXT('2D SPACE',''
  ) );
#6076 = ADVANCED_FACE('',(#6077,#6080),#6024,.F.);
#6077 = FACE_BOUND('',#6078,.F.);
#6078 = EDGE_LOOP('',(#6079));
#6079 = ORIENTED_EDGE('',*,*,#6009,.F.);
#6080 = FACE_BOUND('',#6081,.F.);
#6081 = EDGE_LOOP('',(#6082));
#6082 = ORIENTED_EDGE('',*,*,#6083,.F.);
#6083 = EDGE_CURVE('',#6084,#6084,#6086,.T.);
#6084 = VERTEX_POINT('',#6085);
#6085 = CARTESIAN_POINT('',(-70.03636363636,20.216090909091,
    1.294543813728E-15));
#6086 = SURFACE_CURVE('',#6087,(#6092,#6099),.PCURVE_S1.);
#6087 = CIRCLE('',#6088,20.216090909091);
#6088 = AXIS2_PLACEMENT_3D('',#6089,#6090,#6091);
#6089 = CARTESIAN_POINT('',(-70.03636363636,1.038871410517E-13,
    1.294543813728E-15));
#6090 = DIRECTION('',(1.,0.,0.));
#6091 = DIRECTION('',(0.,1.,0.));
#6092 = PCURVE('',#6024,#6093);
#6093 = DEFINITIONAL_REPRESENTATION('',(#6094),#6098);
#6094 = CIRCLE('',#6095,20.216090909091);
#6095 = AXIS2_PLACEMENT_2D('',#6096,#6097);
#6096 = CARTESIAN_POINT('',(1.977005780142E-16,-1.043854111979E-13));
#6097 = DIRECTION('',(0.,-1.));
#6098 = ( GEOMETRIC_REPRESENTATION_CONTEXT(2) 
PARAMETRIC_REPRESENTATION_CONTEXT() REPRESENTATION_CONTEXT('2D SPACE',''
  ) );
#6099 = PCURVE('',#6100,#6105);
#6100 = CYLINDRICAL_SURFACE('',#6101,20.216090909091);
#6101 = AXIS2_PLACEMENT_3D('',#6102,#6103,#6104);
#6102 = CARTESIAN_POINT('',(-71.1909090909,1.038871410517E-13,
    1.294543813728E-15));
#6103 = DIRECTION('',(-1.,-0.,-0.));
#6104 = DIRECTION('',(0.,1.,0.));
#6105 = DEFINITIONAL_REPRESENTATION('',(#6106),#6110);
#6106 = LINE('',#6107,#6108);
#6107 = CARTESIAN_POINT('',(-0.,-1.154545454545));
#6108 = VECTOR('',#6109,1.);
#6109 = DIRECTION('',(-1.,0.));
#6110 = ( GEOMETRIC_REPRESENTATION_CONTEXT(2) 
PARAMETRIC_REPRESENTATION_CONTEXT() REPRESENTATION_CONTEXT('2D SPACE',''
  ) );
#6111 = ADVANCED_FACE('',(#6112),#6065,.T.);
#6112 = FACE_BOUND('',#6113,.F.);
#6113 = EDGE_LOOP('',(#6114,#6137,#6164,#6165));
#6114 = ORIENTED_EDGE('',*,*,#6115,.T.);
#6115 = EDGE_CURVE('',#6049,#6116,#6118,.T.);
#6116 = VERTEX_POINT('',#6117);
#6117 = CARTESIAN_POINT('',(69.509090909091,20.216090909091,
    1.294543813728E-15));
#6118 = SEAM_CURVE('',#6119,(#6123,#6130),.PCURVE_S1.);
#6119 = LINE('',#6120,#6121);
#6120 = CARTESIAN_POINT('',(68.354545454545,20.216090909091,
    1.294543813728E-15));
#6121 = VECTOR('',#6122,1.);
#6122 = DIRECTION('',(1.,0.,0.));
#6123 = PCURVE('',#6065,#6124);
#6124 = DEFINITIONAL_REPRESENTATION('',(#6125),#6129);
#6125 = LINE('',#6126,#6127);
#6126 = CARTESIAN_POINT('',(-0.,0.));
#6127 = VECTOR('',#6128,1.);
#6128 = DIRECTION('',(-0.,-1.));
#6129 = ( GEOMETRIC_REPRESENTATION_CONTEXT(2) 
PARAMETRIC_REPRESENTATION_CONTEXT() REPRESENTATION_CONTEXT('2D SPACE',''
  ) );
#6130 = PCURVE('',#6065,#6131);
#6131 = DEFINITIONAL_REPRESENTATION('',(#6132),#6136);
#6132 = LINE('',#6133,#6134);
#6133 = CARTESIAN_POINT('',(-6.28318530718,0.));
#6134 = VECTOR('',#6135,1.);
#6135 = DIRECTION('',(-0.,-1.));
#6136 = ( GEOMETRIC_REPRESENTATION_CONTEXT(2) 
PARAMETRIC_REPRESENTATION_CONTEXT() REPRESENTATION_CONTEXT('2D SPACE',''
  ) );
#6137 = ORIENTED_EDGE('',*,*,#6138,.T.);
#6138 = EDGE_CURVE('',#6116,#6116,#6139,.T.);
#6139 = SURFACE_CURVE('',#6140,(#6145,#6152),.PCURVE_S1.);
#6140 = CIRCLE('',#6141,20.216090909091);
#6141 = AXIS2_PLACEMENT_3D('',#6142,#6143,#6144);
#6142 = CARTESIAN_POINT('',(69.509090909091,1.038871410517E-13,
    1.294543813728E-15));
#6143 = DIRECTION('',(1.,0.,0.));
#6144 = DIRECTION('',(0.,1.,0.));
#6145 = PCURVE('',#6065,#6146);
#6146 = DEFINITIONAL_REPRESENTATION('',(#6147),#6151);
#6147 = LINE('',#6148,#6149);
#6148 = CARTESIAN_POINT('',(-0.,-1.154545454545));
#6149 = VECTOR('',#6150,1.);
#6150 = DIRECTION('',(-1.,0.));
#6151 = ( GEOMETRIC_REPRESENTATION_CONTEXT(2) 
PARAMETRIC_REPRESENTATION_CONTEXT() REPRESENTATION_CONTEXT('2D SPACE',''
  ) );
#6152 = PCURVE('',#6153,#6158);
#6153 = PLANE('',#6154);
#6154 = AXIS2_PLACEMENT_3D('',#6155,#6156,#6157);
#6155 = CARTESIAN_POINT('',(69.509090909091,-4.982701462225E-16,
    1.096843235714E-15));
#6156 = DIRECTION('',(1.,0.,0.));
#6157 = DIRECTION('',(-0.,0.,1.));
#6158 = DEFINITIONAL_REPRESENTATION('',(#6159),#6163);
#6159 = CIRCLE('',#6160,20.216090909091);
#6160 = AXIS2_PLACEMENT_2D('',#6161,#6162);
#6161 = CARTESIAN_POINT('',(1.977005780142E-16,-1.043854111979E-13));
#6162 = DIRECTION('',(0.,-1.));
#6163 = ( GEOMETRIC_REPRESENTATION_CONTEXT(2) 
PARAMETRIC_REPRESENTATION_CONTEXT() REPRESENTATION_CONTEXT('2D SPACE',''
  ) );
#6164 = ORIENTED_EDGE('',*,*,#6115,.F.);
#6165 = ORIENTED_EDGE('',*,*,#6048,.F.);
#6166 = ADVANCED_FACE('',(#6167),#6100,.T.);
#6167 = FACE_BOUND('',#6168,.F.);
#6168 = EDGE_LOOP('',(#6169,#6192,#6193,#6194));
#6169 = ORIENTED_EDGE('',*,*,#6170,.T.);
#6170 = EDGE_CURVE('',#6171,#6084,#6173,.T.);
#6171 = VERTEX_POINT('',#6172);
#6172 = CARTESIAN_POINT('',(-71.1909090909,20.216090909091,
    1.294543813728E-15));
#6173 = SEAM_CURVE('',#6174,(#6178,#6185),.PCURVE_S1.);
#6174 = LINE('',#6175,#6176);
#6175 = CARTESIAN_POINT('',(-71.1909090909,20.216090909091,
    1.294543813728E-15));
#6176 = VECTOR('',#6177,1.);
#6177 = DIRECTION('',(1.,0.,0.));
#6178 = PCURVE('',#6100,#6179);
#6179 = DEFINITIONAL_REPRESENTATION('',(#6180),#6184);
#6180 = LINE('',#6181,#6182);
#6181 = CARTESIAN_POINT('',(-0.,0.));
#6182 = VECTOR('',#6183,1.);
#6183 = DIRECTION('',(-0.,-1.));
#6184 = ( GEOMETRIC_REPRESENTATION_CONTEXT(2) 
PARAMETRIC_REPRESENTATION_CONTEXT() REPRESENTATION_CONTEXT('2D SPACE',''
  ) );
#6185 = PCURVE('',#6100,#6186);
#6186 = DEFINITIONAL_REPRESENTATION('',(#6187),#6191);
#6187 = LINE('',#6188,#6189);
#6188 = CARTESIAN_POINT('',(-6.28318530718,0.));
#6189 = VECTOR('',#6190,1.);
#6190 = DIRECTION('',(-0.,-1.));
#6191 = ( GEOMETRIC_REPRESENTATION_CONTEXT(2) 
PARAMETRIC_REPRESENTATION_CONTEXT() REPRESENTATION_CONTEXT('2D SPACE',''
  ) );
#6192 = ORIENTED_EDGE('',*,*,#6083,.T.);
#6193 = ORIENTED_EDGE('',*,*,#6170,.F.);
#6194 = ORIENTED_EDGE('',*,*,#6195,.F.);
#6195 = EDGE_CURVE('',#6171,#6171,#6196,.T.);
#6196 = SURFACE_CURVE('',#6197,(#6202,#6209),.PCURVE_S1.);
#6197 = CIRCLE('',#6198,20.216090909091);
#6198 = AXIS2_PLACEMENT_3D('',#6199,#6200,#6201);
#6199 = CARTESIAN_POINT('',(-71.1909090909,1.038871410517E-13,
    1.294543813728E-15));
#6200 = DIRECTION('',(1.,0.,0.));
#6201 = DIRECTION('',(0.,1.,0.));
#6202 = PCURVE('',#6100,#6203);
#6203 = DEFINITIONAL_REPRESENTATION('',(#6204),#6208);
#6204 = LINE('',#6205,#6206);
#6205 = CARTESIAN_POINT('',(-0.,0.));
#6206 = VECTOR('',#6207,1.);
#6207 = DIRECTION('',(-1.,0.));
#6208 = ( GEOMETRIC_REPRESENTATION_CONTEXT(2) 
PARAMETRIC_REPRESENTATION_CONTEXT() REPRESENTATION_CONTEXT('2D SPACE',''
  ) );
#6209 = PCURVE('',#6210,#6215);
#6210 = PLANE('',#6211);
#6211 = AXIS2_PLACEMENT_3D('',#6212,#6213,#6214);
#6212 = CARTESIAN_POINT('',(-71.1909090909,-4.982701462225E-16,
    1.096843235714E-15));
#6213 = DIRECTION('',(1.,0.,0.));
#6214 = DIRECTION('',(-0.,0.,1.));
#6215 = DEFINITIONAL_REPRESENTATION('',(#6216),#6220);
#6216 = CIRCLE('',#6217,20.216090909091);
#6217 = AXIS2_PLACEMENT_2D('',#6218,#6219);
#6218 = CARTESIAN_POINT('',(1.977005780142E-16,-1.043854111979E-13));
#6219 = DIRECTION('',(0.,-1.));
#6220 = ( GEOMETRIC_REPRESENTATION_CONTEXT(2) 
PARAMETRIC_REPRESENTATION_CONTEXT() REPRESENTATION_CONTEXT('2D SPACE',''
  ) );
#6221 = ADVANCED_FACE('',(#6222,#6257),#6153,.F.);
#6222 = FACE_BOUND('',#6223,.F.);
#6223 = EDGE_LOOP('',(#6224));
#6224 = ORIENTED_EDGE('',*,*,#6225,.F.);
#6225 = EDGE_CURVE('',#6226,#6226,#6228,.T.);
#6226 = VERTEX_POINT('',#6227);
#6227 = CARTESIAN_POINT('',(69.509090909091,20.955,0.));
#6228 = SURFACE_CURVE('',#6229,(#6234,#6245),.PCURVE_S1.);
#6229 = CIRCLE('',#6230,20.955);
#6230 = AXIS2_PLACEMENT_3D('',#6231,#6232,#6233);
#6231 = CARTESIAN_POINT('',(69.509090909091,0.,0.));
#6232 = DIRECTION('',(-1.,0.,0.));
#6233 = DIRECTION('',(0.,1.,0.));
#6234 = PCURVE('',#6153,#6235);
#6235 = DEFINITIONAL_REPRESENTATION('',(#6236),#6244);
#6236 = ( BOUNDED_CURVE() B_SPLINE_CURVE(2,(#6237,#6238,#6239,#6240,
#6241,#6242,#6243),.UNSPECIFIED.,.T.,.F.) B_SPLINE_CURVE_WITH_KNOTS((1,2
    ,2,2,2,1),(-2.094395102393,0.,2.094395102393,4.188790204786,
6.28318530718,8.377580409573),.UNSPECIFIED.) CURVE() 
GEOMETRIC_REPRESENTATION_ITEM() RATIONAL_B_SPLINE_CURVE((1.,0.5,1.,0.5,
1.,0.5,1.)) REPRESENTATION_ITEM('') );
#6237 = CARTESIAN_POINT('',(-1.096843235714E-15,-20.955));
#6238 = CARTESIAN_POINT('',(-36.2951246726,-20.955));
#6239 = CARTESIAN_POINT('',(-18.1475623363,10.4775));
#6240 = CARTESIAN_POINT('',(-6.229337970941E-15,41.91));
#6241 = CARTESIAN_POINT('',(18.147562336303,10.4775));
#6242 = CARTESIAN_POINT('',(36.295124672606,-20.955));
#6243 = CARTESIAN_POINT('',(-1.096843235714E-15,-20.955));
#6244 = ( GEOMETRIC_REPRESENTATION_CONTEXT(2) 
PARAMETRIC_REPRESENTATION_CONTEXT() REPRESENTATION_CONTEXT('2D SPACE',''
  ) );
#6245 = PCURVE('',#6246,#6251);
#6246 = CYLINDRICAL_SURFACE('',#6247,20.955);
#6247 = AXIS2_PLACEMENT_3D('',#6248,#6249,#6250);
#6248 = CARTESIAN_POINT('',(53.,0.,0.));
#6249 = DIRECTION('',(-1.,-0.,-0.));
#6250 = DIRECTION('',(0.,1.,0.));
#6251 = DEFINITIONAL_REPRESENTATION('',(#6252),#6256);
#6252 = LINE('',#6253,#6254);
#6253 = CARTESIAN_POINT('',(-6.28318530718,-16.50909090909));
#6254 = VECTOR('',#6255,1.);
#6255 = DIRECTION('',(1.,-0.));
#6256 = ( GEOMETRIC_REPRESENTATION_CONTEXT(2) 
PARAMETRIC_REPRESENTATION_CONTEXT() REPRESENTATION_CONTEXT('2D SPACE',''
  ) );
#6257 = FACE_BOUND('',#6258,.F.);
#6258 = EDGE_LOOP('',(#6259));
#6259 = ORIENTED_EDGE('',*,*,#6138,.F.);
#6260 = ADVANCED_FACE('',(#6261,#6296),#6210,.T.);
#6261 = FACE_BOUND('',#6262,.T.);
#6262 = EDGE_LOOP('',(#6263));
#6263 = ORIENTED_EDGE('',*,*,#6264,.F.);
#6264 = EDGE_CURVE('',#6265,#6265,#6267,.T.);
#6265 = VERTEX_POINT('',#6266);
#6266 = CARTESIAN_POINT('',(-71.1909090909,20.955,0.));
#6267 = SURFACE_CURVE('',#6268,(#6273,#6284),.PCURVE_S1.);
#6268 = CIRCLE('',#6269,20.955);
#6269 = AXIS2_PLACEMENT_3D('',#6270,#6271,#6272);
#6270 = CARTESIAN_POINT('',(-71.1909090909,0.,0.));
#6271 = DIRECTION('',(-1.,0.,0.));
#6272 = DIRECTION('',(0.,1.,0.));
#6273 = PCURVE('',#6210,#6274);
#6274 = DEFINITIONAL_REPRESENTATION('',(#6275),#6283);
#6275 = ( BOUNDED_CURVE() B_SPLINE_CURVE(2,(#6276,#6277,#6278,#6279,
#6280,#6281,#6282),.UNSPECIFIED.,.T.,.F.) B_SPLINE_CURVE_WITH_KNOTS((1,2
    ,2,2,2,1),(-2.094395102393,0.,2.094395102393,4.188790204786,
6.28318530718,8.377580409573),.UNSPECIFIED.) CURVE() 
GEOMETRIC_REPRESENTATION_ITEM() RATIONAL_B_SPLINE_CURVE((1.,0.5,1.,0.5,
1.,0.5,1.)) REPRESENTATION_ITEM('') );
#6276 = CARTESIAN_POINT('',(-1.096843235714E-15,-20.955));
#6277 = CARTESIAN_POINT('',(-36.2951246726,-20.955));
#6278 = CARTESIAN_POINT('',(-18.1475623363,10.4775));
#6279 = CARTESIAN_POINT('',(-6.229337970941E-15,41.91));
#6280 = CARTESIAN_POINT('',(18.147562336303,10.4775));
#6281 = CARTESIAN_POINT('',(36.295124672606,-20.955));
#6282 = CARTESIAN_POINT('',(-1.096843235714E-15,-20.955));
#6283 = ( GEOMETRIC_REPRESENTATION_CONTEXT(2) 
PARAMETRIC_REPRESENTATION_CONTEXT() REPRESENTATION_CONTEXT('2D SPACE',''
  ) );
#6284 = PCURVE('',#6285,#6290);
#6285 = CYLINDRICAL_SURFACE('',#6286,20.955);
#6286 = AXIS2_PLACEMENT_3D('',#6287,#6288,#6289);
#6287 = CARTESIAN_POINT('',(-75.,0.,0.));
#6288 = DIRECTION('',(-1.,-0.,-0.));
#6289 = DIRECTION('',(0.,1.,0.));
#6290 = DEFINITIONAL_REPRESENTATION('',(#6291),#6295);
#6291 = LINE('',#6292,#6293);
#6292 = CARTESIAN_POINT('',(-6.28318530718,-3.809090909091));
#6293 = VECTOR('',#6294,1.);
#6294 = DIRECTION('',(1.,-0.));
#6295 = ( GEOMETRIC_REPRESENTATION_CONTEXT(2) 
PARAMETRIC_REPRESENTATION_CONTEXT() REPRESENTATION_CONTEXT('2D SPACE',''
  ) );
#6296 = FACE_BOUND('',#6297,.T.);
#6297 = EDGE_LOOP('',(#6298));
#6298 = ORIENTED_EDGE('',*,*,#6195,.F.);
#6299 = ADVANCED_FACE('',(#6300),#6246,.T.);
#6300 = FACE_BOUND('',#6301,.F.);
#6301 = EDGE_LOOP('',(#6302,#6325,#6326,#6327));
#6302 = ORIENTED_EDGE('',*,*,#6303,.F.);
#6303 = EDGE_CURVE('',#6226,#6304,#6306,.T.);
#6304 = VERTEX_POINT('',#6305);
#6305 = CARTESIAN_POINT('',(70.663636363636,20.955,0.));
#6306 = SEAM_CURVE('',#6307,(#6311,#6318),.PCURVE_S1.);
#6307 = LINE('',#6308,#6309);
#6308 = CARTESIAN_POINT('',(53.,20.955,0.));
#6309 = VECTOR('',#6310,1.);
#6310 = DIRECTION('',(1.,0.,0.));
#6311 = PCURVE('',#6246,#6312);
#6312 = DEFINITIONAL_REPRESENTATION('',(#6313),#6317);
#6313 = LINE('',#6314,#6315);
#6314 = CARTESIAN_POINT('',(-6.28318530718,0.));
#6315 = VECTOR('',#6316,1.);
#6316 = DIRECTION('',(-0.,-1.));
#6317 = ( GEOMETRIC_REPRESENTATION_CONTEXT(2) 
PARAMETRIC_REPRESENTATION_CONTEXT() REPRESENTATION_CONTEXT('2D SPACE',''
  ) );
#6318 = PCURVE('',#6246,#6319);
#6319 = DEFINITIONAL_REPRESENTATION('',(#6320),#6324);
#6320 = LINE('',#6321,#6322);
#6321 = CARTESIAN_POINT('',(-0.,0.));
#6322 = VECTOR('',#6323,1.);
#6323 = DIRECTION('',(-0.,-1.));
#6324 = ( GEOMETRIC_REPRESENTATION_CONTEXT(2) 
PARAMETRIC_REPRESENTATION_CONTEXT() REPRESENTATION_CONTEXT('2D SPACE',''
  ) );
#6325 = ORIENTED_EDGE('',*,*,#6225,.T.);
#6326 = ORIENTED_EDGE('',*,*,#6303,.T.);
#6327 = ORIENTED_EDGE('',*,*,#6328,.F.);
#6328 = EDGE_CURVE('',#6304,#6304,#6329,.T.);
#6329 = SURFACE_CURVE('',#6330,(#6335,#6342),.PCURVE_S1.);
#6330 = CIRCLE('',#6331,20.955);
#6331 = AXIS2_PLACEMENT_3D('',#6332,#6333,#6334);
#6332 = CARTESIAN_POINT('',(70.663636363636,0.,0.));
#6333 = DIRECTION('',(-1.,0.,0.));
#6334 = DIRECTION('',(0.,1.,0.));
#6335 = PCURVE('',#6246,#6336);
#6336 = DEFINITIONAL_REPRESENTATION('',(#6337),#6341);
#6337 = LINE('',#6338,#6339);
#6338 = CARTESIAN_POINT('',(-6.28318530718,-17.66363636363));
#6339 = VECTOR('',#6340,1.);
#6340 = DIRECTION('',(1.,-0.));
#6341 = ( GEOMETRIC_REPRESENTATION_CONTEXT(2) 
PARAMETRIC_REPRESENTATION_CONTEXT() REPRESENTATION_CONTEXT('2D SPACE',''
  ) );
#6342 = PCURVE('',#6343,#6348);
#6343 = PLANE('',#6344);
#6344 = AXIS2_PLACEMENT_3D('',#6345,#6346,#6347);
#6345 = CARTESIAN_POINT('',(70.663636363636,-4.982701462225E-16,
    1.096843235714E-15));
#6346 = DIRECTION('',(1.,0.,0.));
#6347 = DIRECTION('',(-0.,0.,1.));
#6348 = DEFINITIONAL_REPRESENTATION('',(#6349),#6357);
#6349 = ( BOUNDED_CURVE() B_SPLINE_CURVE(2,(#6350,#6351,#6352,#6353,
#6354,#6355,#6356),.UNSPECIFIED.,.T.,.F.) B_SPLINE_CURVE_WITH_KNOTS((1,2
    ,2,2,2,1),(-2.094395102393,0.,2.094395102393,4.188790204786,
6.28318530718,8.377580409573),.UNSPECIFIED.) CURVE() 
GEOMETRIC_REPRESENTATION_ITEM() RATIONAL_B_SPLINE_CURVE((1.,0.5,1.,0.5,
1.,0.5,1.)) REPRESENTATION_ITEM('') );
#6350 = CARTESIAN_POINT('',(-1.096843235714E-15,-20.955));
#6351 = CARTESIAN_POINT('',(-36.2951246726,-20.955));
#6352 = CARTESIAN_POINT('',(-18.1475623363,10.4775));
#6353 = CARTESIAN_POINT('',(-6.229337970941E-15,41.91));
#6354 = CARTESIAN_POINT('',(18.147562336303,10.4775));
#6355 = CARTESIAN_POINT('',(36.295124672606,-20.955));
#6356 = CARTESIAN_POINT('',(-1.096843235714E-15,-20.955));
#6357 = ( GEOMETRIC_REPRESENTATION_CONTEXT(2) 
PARAMETRIC_REPRESENTATION_CONTEXT() REPRESENTATION_CONTEXT('2D SPACE',''
  ) );
#6358 = ADVANCED_FACE('',(#6359),#6285,.T.);
#6359 = FACE_BOUND('',#6360,.F.);
#6360 = EDGE_LOOP('',(#6361,#6384,#6415,#6416));
#6361 = ORIENTED_EDGE('',*,*,#6362,.F.);
#6362 = EDGE_CURVE('',#6363,#6265,#6365,.T.);
#6363 = VERTEX_POINT('',#6364);
#6364 = CARTESIAN_POINT('',(-72.34545454545,20.955,0.));
#6365 = SEAM_CURVE('',#6366,(#6370,#6377),.PCURVE_S1.);
#6366 = LINE('',#6367,#6368);
#6367 = CARTESIAN_POINT('',(-75.,20.955,0.));
#6368 = VECTOR('',#6369,1.);
#6369 = DIRECTION('',(1.,0.,0.));
#6370 = PCURVE('',#6285,#6371);
#6371 = DEFINITIONAL_REPRESENTATION('',(#6372),#6376);
#6372 = LINE('',#6373,#6374);
#6373 = CARTESIAN_POINT('',(-6.28318530718,0.));
#6374 = VECTOR('',#6375,1.);
#6375 = DIRECTION('',(-0.,-1.));
#6376 = ( GEOMETRIC_REPRESENTATION_CONTEXT(2) 
PARAMETRIC_REPRESENTATION_CONTEXT() REPRESENTATION_CONTEXT('2D SPACE',''
  ) );
#6377 = PCURVE('',#6285,#6378);
#6378 = DEFINITIONAL_REPRESENTATION('',(#6379),#6383);
#6379 = LINE('',#6380,#6381);
#6380 = CARTESIAN_POINT('',(-0.,0.));
#6381 = VECTOR('',#6382,1.);
#6382 = DIRECTION('',(-0.,-1.));
#6383 = ( GEOMETRIC_REPRESENTATION_CONTEXT(2) 
PARAMETRIC_REPRESENTATION_CONTEXT() REPRESENTATION_CONTEXT('2D SPACE',''
  ) );
#6384 = ORIENTED_EDGE('',*,*,#6385,.T.);
#6385 = EDGE_CURVE('',#6363,#6363,#6386,.T.);
#6386 = SURFACE_CURVE('',#6387,(#6392,#6399),.PCURVE_S1.);
#6387 = CIRCLE('',#6388,20.955);
#6388 = AXIS2_PLACEMENT_3D('',#6389,#6390,#6391);
#6389 = CARTESIAN_POINT('',(-72.34545454545,0.,0.));
#6390 = DIRECTION('',(-1.,0.,0.));
#6391 = DIRECTION('',(0.,1.,0.));
#6392 = PCURVE('',#6285,#6393);
#6393 = DEFINITIONAL_REPRESENTATION('',(#6394),#6398);
#6394 = LINE('',#6395,#6396);
#6395 = CARTESIAN_POINT('',(-6.28318530718,-2.654545454545));
#6396 = VECTOR('',#6397,1.);
#6397 = DIRECTION('',(1.,-0.));
#6398 = ( GEOMETRIC_REPRESENTATION_CONTEXT(2) 
PARAMETRIC_REPRESENTATION_CONTEXT() REPRESENTATION_CONTEXT('2D SPACE',''
  ) );
#6399 = PCURVE('',#6400,#6405);
#6400 = PLANE('',#6401);
#6401 = AXIS2_PLACEMENT_3D('',#6402,#6403,#6404);
#6402 = CARTESIAN_POINT('',(-72.34545454545,-4.982701462225E-16,
    1.096843235714E-15));
#6403 = DIRECTION('',(1.,0.,0.));
#6404 = DIRECTION('',(-0.,0.,1.));
#6405 = DEFINITIONAL_REPRESENTATION('',(#6406),#6414);
#6406 = ( BOUNDED_CURVE() B_SPLINE_CURVE(2,(#6407,#6408,#6409,#6410,
#6411,#6412,#6413),.UNSPECIFIED.,.T.,.F.) B_SPLINE_CURVE_WITH_KNOTS((1,2
    ,2,2,2,1),(-2.094395102393,0.,2.094395102393,4.188790204786,
6.28318530718,8.377580409573),.UNSPECIFIED.) CURVE() 
GEOMETRIC_REPRESENTATION_ITEM() RATIONAL_B_SPLINE_CURVE((1.,0.5,1.,0.5,
1.,0.5,1.)) REPRESENTATION_ITEM('') );
#6407 = CARTESIAN_POINT('',(-1.096843235714E-15,-20.955));
#6408 = CARTESIAN_POINT('',(-36.2951246726,-20.955));
#6409 = CARTESIAN_POINT('',(-18.1475623363,10.4775));
#6410 = CARTESIAN_POINT('',(-6.229337970941E-15,41.91));
#6411 = CARTESIAN_POINT('',(18.147562336303,10.4775));
#6412 = CARTESIAN_POINT('',(36.295124672606,-20.955));
#6413 = CARTESIAN_POINT('',(-1.096843235714E-15,-20.955));
#6414 = ( GEOMETRIC_REPRESENTATION_CONTEXT(2) 
PARAMETRIC_REPRESENTATION_CONTEXT() REPRESENTATION_CONTEXT('2D SPACE',''
  ) );
#6415 = ORIENTED_EDGE('',*,*,#6362,.T.);
#6416 = ORIENTED_EDGE('',*,*,#6264,.F.);
#6417 = ADVANCED_FACE('',(#6418,#6421),#6343,.T.);
#6418 = FACE_BOUND('',#6419,.T.);
#6419 = EDGE_LOOP('',(#6420));
#6420 = ORIENTED_EDGE('',*,*,#6328,.F.);
#6421 = FACE_BOUND('',#6422,.T.);
#6422 = EDGE_LOOP('',(#6423));
#6423 = ORIENTED_EDGE('',*,*,#6424,.F.);
#6424 = EDGE_CURVE('',#6425,#6425,#6427,.T.);
#6425 = VERTEX_POINT('',#6426);
#6426 = CARTESIAN_POINT('',(70.663636363636,20.216090909091,
    1.294543813728E-15));
#6427 = SURFACE_CURVE('',#6428,(#6433,#6440),.PCURVE_S1.);
#6428 = CIRCLE('',#6429,20.216090909091);
#6429 = AXIS2_PLACEMENT_3D('',#6430,#6431,#6432);
#6430 = CARTESIAN_POINT('',(70.663636363636,1.038871410517E-13,
    1.294543813728E-15));
#6431 = DIRECTION('',(1.,0.,0.));
#6432 = DIRECTION('',(0.,1.,0.));
#6433 = PCURVE('',#6343,#6434);
#6434 = DEFINITIONAL_REPRESENTATION('',(#6435),#6439);
#6435 = CIRCLE('',#6436,20.216090909091);
#6436 = AXIS2_PLACEMENT_2D('',#6437,#6438);
#6437 = CARTESIAN_POINT('',(1.977005780142E-16,-1.043854111979E-13));
#6438 = DIRECTION('',(0.,-1.));
#6439 = ( GEOMETRIC_REPRESENTATION_CONTEXT(2) 
PARAMETRIC_REPRESENTATION_CONTEXT() REPRESENTATION_CONTEXT('2D SPACE',''
  ) );
#6440 = PCURVE('',#6441,#6446);
#6441 = CYLINDRICAL_SURFACE('',#6442,20.216090909091);
#6442 = AXIS2_PLACEMENT_3D('',#6443,#6444,#6445);
#6443 = CARTESIAN_POINT('',(70.663636363636,1.038871410517E-13,
    1.294543813728E-15));
#6444 = DIRECTION('',(-1.,-0.,-0.));
#6445 = DIRECTION('',(0.,1.,0.));
#6446 = DEFINITIONAL_REPRESENTATION('',(#6447),#6451);
#6447 = LINE('',#6448,#6449);
#6448 = CARTESIAN_POINT('',(-0.,0.));
#6449 = VECTOR('',#6450,1.);
#6450 = DIRECTION('',(-1.,0.));
#6451 = ( GEOMETRIC_REPRESENTATION_CONTEXT(2) 
PARAMETRIC_REPRESENTATION_CONTEXT() REPRESENTATION_CONTEXT('2D SPACE',''
  ) );
#6452 = ADVANCED_FACE('',(#6453,#6456),#6400,.F.);
#6453 = FACE_BOUND('',#6454,.F.);
#6454 = EDGE_LOOP('',(#6455));
#6455 = ORIENTED_EDGE('',*,*,#6385,.F.);
#6456 = FACE_BOUND('',#6457,.F.);
#6457 = EDGE_LOOP('',(#6458));
#6458 = ORIENTED_EDGE('',*,*,#6459,.F.);
#6459 = EDGE_CURVE('',#6460,#6460,#6462,.T.);
#6460 = VERTEX_POINT('',#6461);
#6461 = CARTESIAN_POINT('',(-72.34545454545,20.216090909091,
    1.294543813728E-15));
#6462 = SURFACE_CURVE('',#6463,(#6468,#6475),.PCURVE_S1.);
#6463 = CIRCLE('',#6464,20.216090909091);
#6464 = AXIS2_PLACEMENT_3D('',#6465,#6466,#6467);
#6465 = CARTESIAN_POINT('',(-72.34545454545,1.038871410517E-13,
    1.294543813728E-15));
#6466 = DIRECTION('',(1.,0.,0.));
#6467 = DIRECTION('',(0.,1.,0.));
#6468 = PCURVE('',#6400,#6469);
#6469 = DEFINITIONAL_REPRESENTATION('',(#6470),#6474);
#6470 = CIRCLE('',#6471,20.216090909091);
#6471 = AXIS2_PLACEMENT_2D('',#6472,#6473);
#6472 = CARTESIAN_POINT('',(1.977005780142E-16,-1.043854111979E-13));
#6473 = DIRECTION('',(0.,-1.));
#6474 = ( GEOMETRIC_REPRESENTATION_CONTEXT(2) 
PARAMETRIC_REPRESENTATION_CONTEXT() REPRESENTATION_CONTEXT('2D SPACE',''
  ) );
#6475 = PCURVE('',#6476,#6481);
#6476 = CYLINDRICAL_SURFACE('',#6477,20.216090909091);
#6477 = AXIS2_PLACEMENT_3D('',#6478,#6479,#6480);
#6478 = CARTESIAN_POINT('',(-73.5,1.038871410517E-13,1.294543813728E-15)
  );
#6479 = DIRECTION('',(-1.,-0.,-0.));
#6480 = DIRECTION('',(0.,1.,0.));
#6481 = DEFINITIONAL_REPRESENTATION('',(#6482),#6486);
#6482 = LINE('',#6483,#6484);
#6483 = CARTESIAN_POINT('',(-0.,-1.154545454545));
#6484 = VECTOR('',#6485,1.);
#6485 = DIRECTION('',(-1.,0.));
#6486 = ( GEOMETRIC_REPRESENTATION_CONTEXT(2) 
PARAMETRIC_REPRESENTATION_CONTEXT() REPRESENTATION_CONTEXT('2D SPACE',''
  ) );
#6487 = ADVANCED_FACE('',(#6488),#6441,.T.);
#6488 = FACE_BOUND('',#6489,.F.);
#6489 = EDGE_LOOP('',(#6490,#6513,#6540,#6541));
#6490 = ORIENTED_EDGE('',*,*,#6491,.T.);
#6491 = EDGE_CURVE('',#6425,#6492,#6494,.T.);
#6492 = VERTEX_POINT('',#6493);
#6493 = CARTESIAN_POINT('',(71.818181818182,20.216090909091,
    1.294543813728E-15));
#6494 = SEAM_CURVE('',#6495,(#6499,#6506),.PCURVE_S1.);
#6495 = LINE('',#6496,#6497);
#6496 = CARTESIAN_POINT('',(70.663636363636,20.216090909091,
    1.294543813728E-15));
#6497 = VECTOR('',#6498,1.);
#6498 = DIRECTION('',(1.,0.,0.));
#6499 = PCURVE('',#6441,#6500);
#6500 = DEFINITIONAL_REPRESENTATION('',(#6501),#6505);
#6501 = LINE('',#6502,#6503);
#6502 = CARTESIAN_POINT('',(-0.,0.));
#6503 = VECTOR('',#6504,1.);
#6504 = DIRECTION('',(-0.,-1.));
#6505 = ( GEOMETRIC_REPRESENTATION_CONTEXT(2) 
PARAMETRIC_REPRESENTATION_CONTEXT() REPRESENTATION_CONTEXT('2D SPACE',''
  ) );
#6506 = PCURVE('',#6441,#6507);
#6507 = DEFINITIONAL_REPRESENTATION('',(#6508),#6512);
#6508 = LINE('',#6509,#6510);
#6509 = CARTESIAN_POINT('',(-6.28318530718,0.));
#6510 = VECTOR('',#6511,1.);
#6511 = DIRECTION('',(-0.,-1.));
#6512 = ( GEOMETRIC_REPRESENTATION_CONTEXT(2) 
PARAMETRIC_REPRESENTATION_CONTEXT() REPRESENTATION_CONTEXT('2D SPACE',''
  ) );
#6513 = ORIENTED_EDGE('',*,*,#6514,.T.);
#6514 = EDGE_CURVE('',#6492,#6492,#6515,.T.);
#6515 = SURFACE_CURVE('',#6516,(#6521,#6528),.PCURVE_S1.);
#6516 = CIRCLE('',#6517,20.216090909091);
#6517 = AXIS2_PLACEMENT_3D('',#6518,#6519,#6520);
#6518 = CARTESIAN_POINT('',(71.818181818182,1.038871410517E-13,
    1.294543813728E-15));
#6519 = DIRECTION('',(1.,0.,0.));
#6520 = DIRECTION('',(0.,1.,0.));
#6521 = PCURVE('',#6441,#6522);
#6522 = DEFINITIONAL_REPRESENTATION('',(#6523),#6527);
#6523 = LINE('',#6524,#6525);
#6524 = CARTESIAN_POINT('',(-0.,-1.154545454545));
#6525 = VECTOR('',#6526,1.);
#6526 = DIRECTION('',(-1.,0.));
#6527 = ( GEOMETRIC_REPRESENTATION_CONTEXT(2) 
PARAMETRIC_REPRESENTATION_CONTEXT() REPRESENTATION_CONTEXT('2D SPACE',''
  ) );
#6528 = PCURVE('',#6529,#6534);
#6529 = PLANE('',#6530);
#6530 = AXIS2_PLACEMENT_3D('',#6531,#6532,#6533);
#6531 = CARTESIAN_POINT('',(71.818181818182,-4.982701462225E-16,
    1.096843235714E-15));
#6532 = DIRECTION('',(1.,0.,0.));
#6533 = DIRECTION('',(-0.,0.,1.));
#6534 = DEFINITIONAL_REPRESENTATION('',(#6535),#6539);
#6535 = CIRCLE('',#6536,20.216090909091);
#6536 = AXIS2_PLACEMENT_2D('',#6537,#6538);
#6537 = CARTESIAN_POINT('',(1.977005780142E-16,-1.043854111979E-13));
#6538 = DIRECTION('',(0.,-1.));
#6539 = ( GEOMETRIC_REPRESENTATION_CONTEXT(2) 
PARAMETRIC_REPRESENTATION_CONTEXT() REPRESENTATION_CONTEXT('2D SPACE',''
  ) );
#6540 = ORIENTED_EDGE('',*,*,#6491,.F.);
#6541 = ORIENTED_EDGE('',*,*,#6424,.F.);
#6542 = ADVANCED_FACE('',(#6543),#6476,.T.);
#6543 = FACE_BOUND('',#6544,.F.);
#6544 = EDGE_LOOP('',(#6545,#6568,#6569,#6570));
#6545 = ORIENTED_EDGE('',*,*,#6546,.T.);
#6546 = EDGE_CURVE('',#6547,#6460,#6549,.T.);
#6547 = VERTEX_POINT('',#6548);
#6548 = CARTESIAN_POINT('',(-73.5,20.216090909091,1.294543813728E-15));
#6549 = SEAM_CURVE('',#6550,(#6554,#6561),.PCURVE_S1.);
#6550 = LINE('',#6551,#6552);
#6551 = CARTESIAN_POINT('',(-73.5,20.216090909091,1.294543813728E-15));
#6552 = VECTOR('',#6553,1.);
#6553 = DIRECTION('',(1.,0.,0.));
#6554 = PCURVE('',#6476,#6555);
#6555 = DEFINITIONAL_REPRESENTATION('',(#6556),#6560);
#6556 = LINE('',#6557,#6558);
#6557 = CARTESIAN_POINT('',(-0.,0.));
#6558 = VECTOR('',#6559,1.);
#6559 = DIRECTION('',(-0.,-1.));
#6560 = ( GEOMETRIC_REPRESENTATION_CONTEXT(2) 
PARAMETRIC_REPRESENTATION_CONTEXT() REPRESENTATION_CONTEXT('2D SPACE',''
  ) );
#6561 = PCURVE('',#6476,#6562);
#6562 = DEFINITIONAL_REPRESENTATION('',(#6563),#6567);
#6563 = LINE('',#6564,#6565);
#6564 = CARTESIAN_POINT('',(-6.28318530718,0.));
#6565 = VECTOR('',#6566,1.);
#6566 = DIRECTION('',(-0.,-1.));
#6567 = ( GEOMETRIC_REPRESENTATION_CONTEXT(2) 
PARAMETRIC_REPRESENTATION_CONTEXT() REPRESENTATION_CONTEXT('2D SPACE',''
  ) );
#6568 = ORIENTED_EDGE('',*,*,#6459,.T.);
#6569 = ORIENTED_EDGE('',*,*,#6546,.F.);
#6570 = ORIENTED_EDGE('',*,*,#6571,.F.);
#6571 = EDGE_CURVE('',#6547,#6547,#6572,.T.);
#6572 = SURFACE_CURVE('',#6573,(#6578,#6585),.PCURVE_S1.);
#6573 = CIRCLE('',#6574,20.216090909091);
#6574 = AXIS2_PLACEMENT_3D('',#6575,#6576,#6577);
#6575 = CARTESIAN_POINT('',(-73.5,1.038871410517E-13,1.294543813728E-15)
  );
#6576 = DIRECTION('',(1.,0.,0.));
#6577 = DIRECTION('',(0.,1.,0.));
#6578 = PCURVE('',#6476,#6579);
#6579 = DEFINITIONAL_REPRESENTATION('',(#6580),#6584);
#6580 = LINE('',#6581,#6582);
#6581 = CARTESIAN_POINT('',(-0.,0.));
#6582 = VECTOR('',#6583,1.);
#6583 = DIRECTION('',(-1.,0.));
#6584 = ( GEOMETRIC_REPRESENTATION_CONTEXT(2) 
PARAMETRIC_REPRESENTATION_CONTEXT() REPRESENTATION_CONTEXT('2D SPACE',''
  ) );
#6585 = PCURVE('',#6586,#6591);
#6586 = PLANE('',#6587);
#6587 = AXIS2_PLACEMENT_3D('',#6588,#6589,#6590);
#6588 = CARTESIAN_POINT('',(-73.5,-4.982701462225E-16,1.096843235714E-15
    ));
#6589 = DIRECTION('',(1.,0.,0.));
#6590 = DIRECTION('',(-0.,0.,1.));
#6591 = DEFINITIONAL_REPRESENTATION('',(#6592),#6596);
#6592 = CIRCLE('',#6593,20.216090909091);
#6593 = AXIS2_PLACEMENT_2D('',#6594,#6595);
#6594 = CARTESIAN_POINT('',(1.977005780142E-16,-1.043854111979E-13));
#6595 = DIRECTION('',(0.,-1.));
#6596 = ( GEOMETRIC_REPRESENTATION_CONTEXT(2) 
PARAMETRIC_REPRESENTATION_CONTEXT() REPRESENTATION_CONTEXT('2D SPACE',''
  ) );
#6597 = ADVANCED_FACE('',(#6598,#6633),#6529,.F.);
#6598 = FACE_BOUND('',#6599,.F.);
#6599 = EDGE_LOOP('',(#6600));
#6600 = ORIENTED_EDGE('',*,*,#6601,.F.);
#6601 = EDGE_CURVE('',#6602,#6602,#6604,.T.);
#6602 = VERTEX_POINT('',#6603);
#6603 = CARTESIAN_POINT('',(71.818181818182,20.955,0.));
#6604 = SURFACE_CURVE('',#6605,(#6610,#6621),.PCURVE_S1.);
#6605 = CIRCLE('',#6606,20.955);
#6606 = AXIS2_PLACEMENT_3D('',#6607,#6608,#6609);
#6607 = CARTESIAN_POINT('',(71.818181818182,0.,0.));
#6608 = DIRECTION('',(-1.,0.,0.));
#6609 = DIRECTION('',(0.,1.,0.));
#6610 = PCURVE('',#6529,#6611);
#6611 = DEFINITIONAL_REPRESENTATION('',(#6612),#6620);
#6612 = ( BOUNDED_CURVE() B_SPLINE_CURVE(2,(#6613,#6614,#6615,#6616,
#6617,#6618,#6619),.UNSPECIFIED.,.T.,.F.) B_SPLINE_CURVE_WITH_KNOTS((1,2
    ,2,2,2,1),(-2.094395102393,0.,2.094395102393,4.188790204786,
6.28318530718,8.377580409573),.UNSPECIFIED.) CURVE() 
GEOMETRIC_REPRESENTATION_ITEM() RATIONAL_B_SPLINE_CURVE((1.,0.5,1.,0.5,
1.,0.5,1.)) REPRESENTATION_ITEM('') );
#6613 = CARTESIAN_POINT('',(-1.096843235714E-15,-20.955));
#6614 = CARTESIAN_POINT('',(-36.2951246726,-20.955));
#6615 = CARTESIAN_POINT('',(-18.1475623363,10.4775));
#6616 = CARTESIAN_POINT('',(-6.229337970941E-15,41.91));
#6617 = CARTESIAN_POINT('',(18.147562336303,10.4775));
#6618 = CARTESIAN_POINT('',(36.295124672606,-20.955));
#6619 = CARTESIAN_POINT('',(-1.096843235714E-15,-20.955));
#6620 = ( GEOMETRIC_REPRESENTATION_CONTEXT(2) 
PARAMETRIC_REPRESENTATION_CONTEXT() REPRESENTATION_CONTEXT('2D SPACE',''
  ) );
#6621 = PCURVE('',#6622,#6627);
#6622 = CYLINDRICAL_SURFACE('',#6623,20.955);
#6623 = AXIS2_PLACEMENT_3D('',#6624,#6625,#6626);
#6624 = CARTESIAN_POINT('',(53.,0.,0.));
#6625 = DIRECTION('',(-1.,-0.,-0.));
#6626 = DIRECTION('',(0.,1.,0.));
#6627 = DEFINITIONAL_REPRESENTATION('',(#6628),#6632);
#6628 = LINE('',#6629,#6630);
#6629 = CARTESIAN_POINT('',(-6.28318530718,-18.81818181818));
#6630 = VECTOR('',#6631,1.);
#6631 = DIRECTION('',(1.,-0.));
#6632 = ( GEOMETRIC_REPRESENTATION_CONTEXT(2) 
PARAMETRIC_REPRESENTATION_CONTEXT() REPRESENTATION_CONTEXT('2D SPACE',''
  ) );
#6633 = FACE_BOUND('',#6634,.F.);
#6634 = EDGE_LOOP('',(#6635));
#6635 = ORIENTED_EDGE('',*,*,#6514,.F.);
#6636 = ADVANCED_FACE('',(#6637,#6672),#6586,.T.);
#6637 = FACE_BOUND('',#6638,.T.);
#6638 = EDGE_LOOP('',(#6639));
#6639 = ORIENTED_EDGE('',*,*,#6640,.F.);
#6640 = EDGE_CURVE('',#6641,#6641,#6643,.T.);
#6641 = VERTEX_POINT('',#6642);
#6642 = CARTESIAN_POINT('',(-73.5,20.955,0.));
#6643 = SURFACE_CURVE('',#6644,(#6649,#6660),.PCURVE_S1.);
#6644 = CIRCLE('',#6645,20.955);
#6645 = AXIS2_PLACEMENT_3D('',#6646,#6647,#6648);
#6646 = CARTESIAN_POINT('',(-73.5,0.,0.));
#6647 = DIRECTION('',(-1.,0.,0.));
#6648 = DIRECTION('',(0.,1.,0.));
#6649 = PCURVE('',#6586,#6650);
#6650 = DEFINITIONAL_REPRESENTATION('',(#6651),#6659);
#6651 = ( BOUNDED_CURVE() B_SPLINE_CURVE(2,(#6652,#6653,#6654,#6655,
#6656,#6657,#6658),.UNSPECIFIED.,.T.,.F.) B_SPLINE_CURVE_WITH_KNOTS((1,2
    ,2,2,2,1),(-2.094395102393,0.,2.094395102393,4.188790204786,
6.28318530718,8.377580409573),.UNSPECIFIED.) CURVE() 
GEOMETRIC_REPRESENTATION_ITEM() RATIONAL_B_SPLINE_CURVE((1.,0.5,1.,0.5,
1.,0.5,1.)) REPRESENTATION_ITEM('') );
#6652 = CARTESIAN_POINT('',(-1.096843235714E-15,-20.955));
#6653 = CARTESIAN_POINT('',(-36.2951246726,-20.955));
#6654 = CARTESIAN_POINT('',(-18.1475623363,10.4775));
#6655 = CARTESIAN_POINT('',(-6.229337970941E-15,41.91));
#6656 = CARTESIAN_POINT('',(18.147562336303,10.4775));
#6657 = CARTESIAN_POINT('',(36.295124672606,-20.955));
#6658 = CARTESIAN_POINT('',(-1.096843235714E-15,-20.955));
#6659 = ( GEOMETRIC_REPRESENTATION_CONTEXT(2) 
PARAMETRIC_REPRESENTATION_CONTEXT() REPRESENTATION_CONTEXT('2D SPACE',''
  ) );
#6660 = PCURVE('',#6661,#6666);
#6661 = CYLINDRICAL_SURFACE('',#6662,20.955);
#6662 = AXIS2_PLACEMENT_3D('',#6663,#6664,#6665);
#6663 = CARTESIAN_POINT('',(-75.,0.,0.));
#6664 = DIRECTION('',(-1.,-0.,-0.));
#6665 = DIRECTION('',(0.,1.,0.));
#6666 = DEFINITIONAL_REPRESENTATION('',(#6667),#6671);
#6667 = LINE('',#6668,#6669);
#6668 = CARTESIAN_POINT('',(-6.28318530718,-1.5));
#6669 = VECTOR('',#6670,1.);
#6670 = DIRECTION('',(1.,-0.));
#6671 = ( GEOMETRIC_REPRESENTATION_CONTEXT(2) 
PARAMETRIC_REPRESENTATION_CONTEXT() REPRESENTATION_CONTEXT('2D SPACE',''
  ) );
#6672 = FACE_BOUND('',#6673,.T.);
#6673 = EDGE_LOOP('',(#6674));
#6674 = ORIENTED_EDGE('',*,*,#6571,.F.);
#6675 = ADVANCED_FACE('',(#6676),#6622,.T.);
#6676 = FACE_BOUND('',#6677,.F.);
#6677 = EDGE_LOOP('',(#6678,#6701,#6702,#6703));
#6678 = ORIENTED_EDGE('',*,*,#6679,.F.);
#6679 = EDGE_CURVE('',#6602,#6680,#6682,.T.);
#6680 = VERTEX_POINT('',#6681);
#6681 = CARTESIAN_POINT('',(74.,20.955,0.));
#6682 = SEAM_CURVE('',#6683,(#6687,#6694),.PCURVE_S1.);
#6683 = LINE('',#6684,#6685);
#6684 = CARTESIAN_POINT('',(53.,20.955,0.));
#6685 = VECTOR('',#6686,1.);
#6686 = DIRECTION('',(1.,0.,0.));
#6687 = PCURVE('',#6622,#6688);
#6688 = DEFINITIONAL_REPRESENTATION('',(#6689),#6693);
#6689 = LINE('',#6690,#6691);
#6690 = CARTESIAN_POINT('',(-6.28318530718,0.));
#6691 = VECTOR('',#6692,1.);
#6692 = DIRECTION('',(-0.,-1.));
#6693 = ( GEOMETRIC_REPRESENTATION_CONTEXT(2) 
PARAMETRIC_REPRESENTATION_CONTEXT() REPRESENTATION_CONTEXT('2D SPACE',''
  ) );
#6694 = PCURVE('',#6622,#6695);
#6695 = DEFINITIONAL_REPRESENTATION('',(#6696),#6700);
#6696 = LINE('',#6697,#6698);
#6697 = CARTESIAN_POINT('',(-0.,0.));
#6698 = VECTOR('',#6699,1.);
#6699 = DIRECTION('',(-0.,-1.));
#6700 = ( GEOMETRIC_REPRESENTATION_CONTEXT(2) 
PARAMETRIC_REPRESENTATION_CONTEXT() REPRESENTATION_CONTEXT('2D SPACE',''
  ) );
#6701 = ORIENTED_EDGE('',*,*,#6601,.T.);
#6702 = ORIENTED_EDGE('',*,*,#6679,.T.);
#6703 = ORIENTED_EDGE('',*,*,#6704,.T.);
#6704 = EDGE_CURVE('',#6680,#6680,#6705,.T.);
#6705 = SURFACE_CURVE('',#6706,(#6711,#6718),.PCURVE_S1.);
#6706 = CIRCLE('',#6707,20.955);
#6707 = AXIS2_PLACEMENT_3D('',#6708,#6709,#6710);
#6708 = CARTESIAN_POINT('',(74.,0.,0.));
#6709 = DIRECTION('',(1.,0.,0.));
#6710 = DIRECTION('',(-0.,1.,0.));
#6711 = PCURVE('',#6622,#6712);
#6712 = DEFINITIONAL_REPRESENTATION('',(#6713),#6717);
#6713 = LINE('',#6714,#6715);
#6714 = CARTESIAN_POINT('',(-0.,-21.));
#6715 = VECTOR('',#6716,1.);
#6716 = DIRECTION('',(-1.,0.));
#6717 = ( GEOMETRIC_REPRESENTATION_CONTEXT(2) 
PARAMETRIC_REPRESENTATION_CONTEXT() REPRESENTATION_CONTEXT('2D SPACE',''
  ) );
#6718 = PCURVE('',#6719,#6724);
#6719 = CONICAL_SURFACE('',#6720,20.955,0.785398163397);
#6720 = AXIS2_PLACEMENT_3D('',#6721,#6722,#6723);
#6721 = CARTESIAN_POINT('',(74.,0.,0.));
#6722 = DIRECTION('',(-1.,-0.,-0.));
#6723 = DIRECTION('',(0.,1.,0.));
#6724 = DEFINITIONAL_REPRESENTATION('',(#6725),#6729);
#6725 = LINE('',#6726,#6727);
#6726 = CARTESIAN_POINT('',(-0.,-0.));
#6727 = VECTOR('',#6728,1.);
#6728 = DIRECTION('',(-1.,-0.));
#6729 = ( GEOMETRIC_REPRESENTATION_CONTEXT(2) 
PARAMETRIC_REPRESENTATION_CONTEXT() REPRESENTATION_CONTEXT('2D SPACE',''
  ) );
#6730 = ADVANCED_FACE('',(#6731),#6661,.T.);
#6731 = FACE_BOUND('',#6732,.F.);
#6732 = EDGE_LOOP('',(#6733,#6756,#6783,#6784));
#6733 = ORIENTED_EDGE('',*,*,#6734,.F.);
#6734 = EDGE_CURVE('',#6735,#6641,#6737,.T.);
#6735 = VERTEX_POINT('',#6736);
#6736 = CARTESIAN_POINT('',(-74.,20.955,0.));
#6737 = SEAM_CURVE('',#6738,(#6742,#6749),.PCURVE_S1.);
#6738 = LINE('',#6739,#6740);
#6739 = CARTESIAN_POINT('',(-75.,20.955,0.));
#6740 = VECTOR('',#6741,1.);
#6741 = DIRECTION('',(1.,0.,0.));
#6742 = PCURVE('',#6661,#6743);
#6743 = DEFINITIONAL_REPRESENTATION('',(#6744),#6748);
#6744 = LINE('',#6745,#6746);
#6745 = CARTESIAN_POINT('',(-6.28318530718,0.));
#6746 = VECTOR('',#6747,1.);
#6747 = DIRECTION('',(-0.,-1.));
#6748 = ( GEOMETRIC_REPRESENTATION_CONTEXT(2) 
PARAMETRIC_REPRESENTATION_CONTEXT() REPRESENTATION_CONTEXT('2D SPACE',''
  ) );
#6749 = PCURVE('',#6661,#6750);
#6750 = DEFINITIONAL_REPRESENTATION('',(#6751),#6755);
#6751 = LINE('',#6752,#6753);
#6752 = CARTESIAN_POINT('',(-0.,0.));
#6753 = VECTOR('',#6754,1.);
#6754 = DIRECTION('',(-0.,-1.));
#6755 = ( GEOMETRIC_REPRESENTATION_CONTEXT(2) 
PARAMETRIC_REPRESENTATION_CONTEXT() REPRESENTATION_CONTEXT('2D SPACE',''
  ) );
#6756 = ORIENTED_EDGE('',*,*,#6757,.F.);
#6757 = EDGE_CURVE('',#6735,#6735,#6758,.T.);
#6758 = SURFACE_CURVE('',#6759,(#6764,#6771),.PCURVE_S1.);
#6759 = CIRCLE('',#6760,20.955);
#6760 = AXIS2_PLACEMENT_3D('',#6761,#6762,#6763);
#6761 = CARTESIAN_POINT('',(-74.,0.,0.));
#6762 = DIRECTION('',(1.,0.,0.));
#6763 = DIRECTION('',(-0.,1.,0.));
#6764 = PCURVE('',#6661,#6765);
#6765 = DEFINITIONAL_REPRESENTATION('',(#6766),#6770);
#6766 = LINE('',#6767,#6768);
#6767 = CARTESIAN_POINT('',(-0.,-1.));
#6768 = VECTOR('',#6769,1.);
#6769 = DIRECTION('',(-1.,0.));
#6770 = ( GEOMETRIC_REPRESENTATION_CONTEXT(2) 
PARAMETRIC_REPRESENTATION_CONTEXT() REPRESENTATION_CONTEXT('2D SPACE',''
  ) );
#6771 = PCURVE('',#6772,#6777);
#6772 = CONICAL_SURFACE('',#6773,20.955,0.785398163397);
#6773 = AXIS2_PLACEMENT_3D('',#6774,#6775,#6776);
#6774 = CARTESIAN_POINT('',(-74.,0.,0.));
#6775 = DIRECTION('',(1.,0.,0.));
#6776 = DIRECTION('',(-0.,1.,0.));
#6777 = DEFINITIONAL_REPRESENTATION('',(#6778),#6782);
#6778 = LINE('',#6779,#6780);
#6779 = CARTESIAN_POINT('',(0.,-0.));
#6780 = VECTOR('',#6781,1.);
#6781 = DIRECTION('',(1.,-0.));
#6782 = ( GEOMETRIC_REPRESENTATION_CONTEXT(2) 
PARAMETRIC_REPRESENTATION_CONTEXT() REPRESENTATION_CONTEXT('2D SPACE',''
  ) );
#6783 = ORIENTED_EDGE('',*,*,#6734,.T.);
#6784 = ORIENTED_EDGE('',*,*,#6640,.F.);
#6785 = ADVANCED_FACE('',(#6786),#6719,.T.);
#6786 = FACE_BOUND('',#6787,.T.);
#6787 = EDGE_LOOP('',(#6788,#6809,#6810,#6811));
#6788 = ORIENTED_EDGE('',*,*,#6789,.F.);
#6789 = EDGE_CURVE('',#6680,#6790,#6792,.T.);
#6790 = VERTEX_POINT('',#6791);
#6791 = CARTESIAN_POINT('',(75.,19.955,0.));
#6792 = SEAM_CURVE('',#6793,(#6797,#6803),.PCURVE_S1.);
#6793 = LINE('',#6794,#6795);
#6794 = CARTESIAN_POINT('',(74.,20.955,0.));
#6795 = VECTOR('',#6796,1.);
#6796 = DIRECTION('',(0.707106781187,-0.707106781187,0.));
#6797 = PCURVE('',#6719,#6798);
#6798 = DEFINITIONAL_REPRESENTATION('',(#6799),#6802);
#6799 = B_SPLINE_CURVE_WITH_KNOTS('',1,(#6800,#6801),.UNSPECIFIED.,.F.,
  .F.,(2,2),(0.,1.414213562373),.PIECEWISE_BEZIER_KNOTS.);
#6800 = CARTESIAN_POINT('',(0.,0.));
#6801 = CARTESIAN_POINT('',(0.,-1.));
#6802 = ( GEOMETRIC_REPRESENTATION_CONTEXT(2) 
PARAMETRIC_REPRESENTATION_CONTEXT() REPRESENTATION_CONTEXT('2D SPACE',''
  ) );
#6803 = PCURVE('',#6719,#6804);
#6804 = DEFINITIONAL_REPRESENTATION('',(#6805),#6808);
#6805 = B_SPLINE_CURVE_WITH_KNOTS('',1,(#6806,#6807),.UNSPECIFIED.,.F.,
  .F.,(2,2),(0.,1.414213562373),.PIECEWISE_BEZIER_KNOTS.);
#6806 = CARTESIAN_POINT('',(-6.28318530718,0.));
#6807 = CARTESIAN_POINT('',(-6.28318530718,-1.));
#6808 = ( GEOMETRIC_REPRESENTATION_CONTEXT(2) 
PARAMETRIC_REPRESENTATION_CONTEXT() REPRESENTATION_CONTEXT('2D SPACE',''
  ) );
#6809 = ORIENTED_EDGE('',*,*,#6704,.T.);
#6810 = ORIENTED_EDGE('',*,*,#6789,.T.);
#6811 = ORIENTED_EDGE('',*,*,#6812,.F.);
#6812 = EDGE_CURVE('',#6790,#6790,#6813,.T.);
#6813 = SURFACE_CURVE('',#6814,(#6819,#6826),.PCURVE_S1.);
#6814 = CIRCLE('',#6815,19.955);
#6815 = AXIS2_PLACEMENT_3D('',#6816,#6817,#6818);
#6816 = CARTESIAN_POINT('',(75.,0.,0.));
#6817 = DIRECTION('',(1.,0.,0.));
#6818 = DIRECTION('',(-0.,1.,0.));
#6819 = PCURVE('',#6719,#6820);
#6820 = DEFINITIONAL_REPRESENTATION('',(#6821),#6825);
#6821 = LINE('',#6822,#6823);
#6822 = CARTESIAN_POINT('',(-0.,-1.));
#6823 = VECTOR('',#6824,1.);
#6824 = DIRECTION('',(-1.,-0.));
#6825 = ( GEOMETRIC_REPRESENTATION_CONTEXT(2) 
PARAMETRIC_REPRESENTATION_CONTEXT() REPRESENTATION_CONTEXT('2D SPACE',''
  ) );
#6826 = PCURVE('',#6827,#6832);
#6827 = PLANE('',#6828);
#6828 = AXIS2_PLACEMENT_3D('',#6829,#6830,#6831);
#6829 = CARTESIAN_POINT('',(75.,-1.566144747361E-15,1.886807090361E-16)
  );
#6830 = DIRECTION('',(1.,0.,0.));
#6831 = DIRECTION('',(-0.,0.,1.));
#6832 = DEFINITIONAL_REPRESENTATION('',(#6833),#6837);
#6833 = CIRCLE('',#6834,19.955);
#6834 = AXIS2_PLACEMENT_2D('',#6835,#6836);
#6835 = CARTESIAN_POINT('',(-1.886807090361E-16,-1.566144747361E-15));
#6836 = DIRECTION('',(0.,-1.));
#6837 = ( GEOMETRIC_REPRESENTATION_CONTEXT(2) 
PARAMETRIC_REPRESENTATION_CONTEXT() REPRESENTATION_CONTEXT('2D SPACE',''
  ) );
#6838 = ADVANCED_FACE('',(#6839),#6772,.T.);
#6839 = FACE_BOUND('',#6840,.F.);
#6840 = EDGE_LOOP('',(#6841,#6862,#6863,#6864));
#6841 = ORIENTED_EDGE('',*,*,#6842,.F.);
#6842 = EDGE_CURVE('',#6735,#6843,#6845,.T.);
#6843 = VERTEX_POINT('',#6844);
#6844 = CARTESIAN_POINT('',(-75.,19.955,0.));
#6845 = SEAM_CURVE('',#6846,(#6850,#6856),.PCURVE_S1.);
#6846 = LINE('',#6847,#6848);
#6847 = CARTESIAN_POINT('',(-74.,20.955,0.));
#6848 = VECTOR('',#6849,1.);
#6849 = DIRECTION('',(-0.707106781187,-0.707106781187,-0.));
#6850 = PCURVE('',#6772,#6851);
#6851 = DEFINITIONAL_REPRESENTATION('',(#6852),#6855);
#6852 = B_SPLINE_CURVE_WITH_KNOTS('',1,(#6853,#6854),.UNSPECIFIED.,.F.,
  .F.,(2,2),(0.,1.414213562373),.PIECEWISE_BEZIER_KNOTS.);
#6853 = CARTESIAN_POINT('',(0.,0.));
#6854 = CARTESIAN_POINT('',(0.,-1.));
#6855 = ( GEOMETRIC_REPRESENTATION_CONTEXT(2) 
PARAMETRIC_REPRESENTATION_CONTEXT() REPRESENTATION_CONTEXT('2D SPACE',''
  ) );
#6856 = PCURVE('',#6772,#6857);
#6857 = DEFINITIONAL_REPRESENTATION('',(#6858),#6861);
#6858 = B_SPLINE_CURVE_WITH_KNOTS('',1,(#6859,#6860),.UNSPECIFIED.,.F.,
  .F.,(2,2),(0.,1.414213562373),.PIECEWISE_BEZIER_KNOTS.);
#6859 = CARTESIAN_POINT('',(6.28318530718,0.));
#6860 = CARTESIAN_POINT('',(6.28318530718,-1.));
#6861 = ( GEOMETRIC_REPRESENTATION_CONTEXT(2) 
PARAMETRIC_REPRESENTATION_CONTEXT() REPRESENTATION_CONTEXT('2D SPACE',''
  ) );
#6862 = ORIENTED_EDGE('',*,*,#6757,.T.);
#6863 = ORIENTED_EDGE('',*,*,#6842,.T.);
#6864 = ORIENTED_EDGE('',*,*,#6865,.F.);
#6865 = EDGE_CURVE('',#6843,#6843,#6866,.T.);
#6866 = SURFACE_CURVE('',#6867,(#6872,#6879),.PCURVE_S1.);
#6867 = CIRCLE('',#6868,19.955);
#6868 = AXIS2_PLACEMENT_3D('',#6869,#6870,#6871);
#6869 = CARTESIAN_POINT('',(-75.,0.,0.));
#6870 = DIRECTION('',(1.,0.,0.));
#6871 = DIRECTION('',(-0.,1.,0.));
#6872 = PCURVE('',#6772,#6873);
#6873 = DEFINITIONAL_REPRESENTATION('',(#6874),#6878);
#6874 = LINE('',#6875,#6876);
#6875 = CARTESIAN_POINT('',(0.,-1.));
#6876 = VECTOR('',#6877,1.);
#6877 = DIRECTION('',(1.,-0.));
#6878 = ( GEOMETRIC_REPRESENTATION_CONTEXT(2) 
PARAMETRIC_REPRESENTATION_CONTEXT() REPRESENTATION_CONTEXT('2D SPACE',''
  ) );
#6879 = PCURVE('',#6880,#6885);
#6880 = PLANE('',#6881);
#6881 = AXIS2_PLACEMENT_3D('',#6882,#6883,#6884);
#6882 = CARTESIAN_POINT('',(-75.,-1.566144747361E-15,1.886807090361E-16)
  );
#6883 = DIRECTION('',(1.,0.,0.));
#6884 = DIRECTION('',(-0.,0.,1.));
#6885 = DEFINITIONAL_REPRESENTATION('',(#6886),#6890);
#6886 = CIRCLE('',#6887,19.955);
#6887 = AXIS2_PLACEMENT_2D('',#6888,#6889);
#6888 = CARTESIAN_POINT('',(-1.886807090361E-16,-1.566144747361E-15));
#6889 = DIRECTION('',(0.,-1.));
#6890 = ( GEOMETRIC_REPRESENTATION_CONTEXT(2) 
PARAMETRIC_REPRESENTATION_CONTEXT() REPRESENTATION_CONTEXT('2D SPACE',''
  ) );
#6891 = ADVANCED_FACE('',(#6892,#6895),#6827,.T.);
#6892 = FACE_BOUND('',#6893,.T.);
#6893 = EDGE_LOOP('',(#6894));
#6894 = ORIENTED_EDGE('',*,*,#6812,.T.);
#6895 = FACE_BOUND('',#6896,.T.);
#6896 = EDGE_LOOP('',(#6897));
#6897 = ORIENTED_EDGE('',*,*,#6898,.T.);
#6898 = EDGE_CURVE('',#6899,#6899,#6901,.T.);
#6899 = VERTEX_POINT('',#6900);
#6900 = CARTESIAN_POINT('',(75.,12.5,0.));
#6901 = SURFACE_CURVE('',#6902,(#6907,#6918),.PCURVE_S1.);
#6902 = CIRCLE('',#6903,12.5);
#6903 = AXIS2_PLACEMENT_3D('',#6904,#6905,#6906);
#6904 = CARTESIAN_POINT('',(75.,0.,0.));
#6905 = DIRECTION('',(-1.,0.,0.));
#6906 = DIRECTION('',(0.,1.,0.));
#6907 = PCURVE('',#6827,#6908);
#6908 = DEFINITIONAL_REPRESENTATION('',(#6909),#6917);
#6909 = ( BOUNDED_CURVE() B_SPLINE_CURVE(2,(#6910,#6911,#6912,#6913,
#6914,#6915,#6916),.UNSPECIFIED.,.T.,.F.) B_SPLINE_CURVE_WITH_KNOTS((1,2
    ,2,2,2,1),(-2.094395102393,0.,2.094395102393,4.188790204786,
6.28318530718,8.377580409573),.UNSPECIFIED.) CURVE() 
GEOMETRIC_REPRESENTATION_ITEM() RATIONAL_B_SPLINE_CURVE((1.,0.5,1.,0.5,
1.,0.5,1.)) REPRESENTATION_ITEM('') );
#6910 = CARTESIAN_POINT('',(-1.886807090361E-16,-12.5));
#6911 = CARTESIAN_POINT('',(-21.65063509461,-12.5));
#6912 = CARTESIAN_POINT('',(-10.8253175473,6.25));
#6913 = CARTESIAN_POINT('',(-3.250297706905E-15,25.));
#6914 = CARTESIAN_POINT('',(10.825317547305,6.25));
#6915 = CARTESIAN_POINT('',(21.650635094611,-12.5));
#6916 = CARTESIAN_POINT('',(-1.886807090361E-16,-12.5));
#6917 = ( GEOMETRIC_REPRESENTATION_CONTEXT(2) 
PARAMETRIC_REPRESENTATION_CONTEXT() REPRESENTATION_CONTEXT('2D SPACE',''
  ) );
#6918 = PCURVE('',#6919,#6924);
#6919 = CYLINDRICAL_SURFACE('',#6920,12.5);
#6920 = AXIS2_PLACEMENT_3D('',#6921,#6922,#6923);
#6921 = CARTESIAN_POINT('',(-76.,0.,0.));
#6922 = DIRECTION('',(-1.,-0.,-0.));
#6923 = DIRECTION('',(0.,1.,0.));
#6924 = DEFINITIONAL_REPRESENTATION('',(#6925),#6929);
#6925 = LINE('',#6926,#6927);
#6926 = CARTESIAN_POINT('',(-6.28318530718,-151.));
#6927 = VECTOR('',#6928,1.);
#6928 = DIRECTION('',(1.,-0.));
#6929 = ( GEOMETRIC_REPRESENTATION_CONTEXT(2) 
PARAMETRIC_REPRESENTATION_CONTEXT() REPRESENTATION_CONTEXT('2D SPACE',''
  ) );
#6930 = ADVANCED_FACE('',(#6931,#6934),#6880,.F.);
#6931 = FACE_BOUND('',#6932,.F.);
#6932 = EDGE_LOOP('',(#6933));
#6933 = ORIENTED_EDGE('',*,*,#6865,.T.);
#6934 = FACE_BOUND('',#6935,.F.);
#6935 = EDGE_LOOP('',(#6936));
#6936 = ORIENTED_EDGE('',*,*,#6937,.T.);
#6937 = EDGE_CURVE('',#6938,#6938,#6940,.T.);
#6938 = VERTEX_POINT('',#6939);
#6939 = CARTESIAN_POINT('',(-75.,12.5,0.));
#6940 = SURFACE_CURVE('',#6941,(#6946,#6957),.PCURVE_S1.);
#6941 = CIRCLE('',#6942,12.5);
#6942 = AXIS2_PLACEMENT_3D('',#6943,#6944,#6945);
#6943 = CARTESIAN_POINT('',(-75.,0.,0.));
#6944 = DIRECTION('',(-1.,0.,0.));
#6945 = DIRECTION('',(0.,1.,0.));
#6946 = PCURVE('',#6880,#6947);
#6947 = DEFINITIONAL_REPRESENTATION('',(#6948),#6956);
#6948 = ( BOUNDED_CURVE() B_SPLINE_CURVE(2,(#6949,#6950,#6951,#6952,
#6953,#6954,#6955),.UNSPECIFIED.,.T.,.F.) B_SPLINE_CURVE_WITH_KNOTS((1,2
    ,2,2,2,1),(-2.094395102393,0.,2.094395102393,4.188790204786,
6.28318530718,8.377580409573),.UNSPECIFIED.) CURVE() 
GEOMETRIC_REPRESENTATION_ITEM() RATIONAL_B_SPLINE_CURVE((1.,0.5,1.,0.5,
1.,0.5,1.)) REPRESENTATION_ITEM('') );
#6949 = CARTESIAN_POINT('',(-1.886807090361E-16,-12.5));
#6950 = CARTESIAN_POINT('',(-21.65063509461,-12.5));
#6951 = CARTESIAN_POINT('',(-10.8253175473,6.25));
#6952 = CARTESIAN_POINT('',(-3.250297706905E-15,25.));
#6953 = CARTESIAN_POINT('',(10.825317547305,6.25));
#6954 = CARTESIAN_POINT('',(21.650635094611,-12.5));
#6955 = CARTESIAN_POINT('',(-1.886807090361E-16,-12.5));
#6956 = ( GEOMETRIC_REPRESENTATION_CONTEXT(2) 
PARAMETRIC_REPRESENTATION_CONTEXT() REPRESENTATION_CONTEXT('2D SPACE',''
  ) );
#6957 = PCURVE('',#6919,#6958);
#6958 = DEFINITIONAL_REPRESENTATION('',(#6959),#6963);
#6959 = LINE('',#6960,#6961);
#6960 = CARTESIAN_POINT('',(-6.28318530718,-1.));
#6961 = VECTOR('',#6962,1.);
#6962 = DIRECTION('',(1.,-0.));
#6963 = ( GEOMETRIC_REPRESENTATION_CONTEXT(2) 
PARAMETRIC_REPRESENTATION_CONTEXT() REPRESENTATION_CONTEXT('2D SPACE',''
  ) );
#6964 = ADVANCED_FACE('',(#6965),#6919,.F.);
#6965 = FACE_BOUND('',#6966,.T.);
#6966 = EDGE_LOOP('',(#6967,#6968,#6989,#6990));
#6967 = ORIENTED_EDGE('',*,*,#6937,.T.);
#6968 = ORIENTED_EDGE('',*,*,#6969,.T.);
#6969 = EDGE_CURVE('',#6938,#6899,#6970,.T.);
#6970 = SEAM_CURVE('',#6971,(#6975,#6982),.PCURVE_S1.);
#6971 = LINE('',#6972,#6973);
#6972 = CARTESIAN_POINT('',(-76.,12.5,0.));
#6973 = VECTOR('',#6974,1.);
#6974 = DIRECTION('',(1.,0.,0.));
#6975 = PCURVE('',#6919,#6976);
#6976 = DEFINITIONAL_REPRESENTATION('',(#6977),#6981);
#6977 = LINE('',#6978,#6979);
#6978 = CARTESIAN_POINT('',(-6.28318530718,0.));
#6979 = VECTOR('',#6980,1.);
#6980 = DIRECTION('',(-0.,-1.));
#6981 = ( GEOMETRIC_REPRESENTATION_CONTEXT(2) 
PARAMETRIC_REPRESENTATION_CONTEXT() REPRESENTATION_CONTEXT('2D SPACE',''
  ) );
#6982 = PCURVE('',#6919,#6983);
#6983 = DEFINITIONAL_REPRESENTATION('',(#6984),#6988);
#6984 = LINE('',#6985,#6986);
#6985 = CARTESIAN_POINT('',(-0.,0.));
#6986 = VECTOR('',#6987,1.);
#6987 = DIRECTION('',(-0.,-1.));
#6988 = ( GEOMETRIC_REPRESENTATION_CONTEXT(2) 
PARAMETRIC_REPRESENTATION_CONTEXT() REPRESENTATION_CONTEXT('2D SPACE',''
  ) );
#6989 = ORIENTED_EDGE('',*,*,#6898,.F.);
#6990 = ORIENTED_EDGE('',*,*,#6969,.F.);
#6991 = ( GEOMETRIC_REPRESENTATION_CONTEXT(3) 
GLOBAL_UNCERTAINTY_ASSIGNED_CONTEXT((#6995)) 
GLOBAL_UNIT_ASSIGNED_CONTEXT((#6992,#6993,#6994)) REPRESENTATION_CONTEXT
('Context #1','3D Context with UNIT and UNCERTAINTY') );
#6992 = ( LENGTH_UNIT() NAMED_UNIT(*) SI_UNIT(.MILLI.,.METRE.) );
#6993 = ( NAMED_UNIT(*) PLANE_ANGLE_UNIT() SI_UNIT($,.RADIAN.) );
#6994 = ( NAMED_UNIT(*) SI_UNIT($,.STERADIAN.) SOLID_ANGLE_UNIT() );
#6995 = UNCERTAINTY_MEASURE_WITH_UNIT(LENGTH_MEASURE(1.E-07),#6992,
  'distance_accuracy_value','confusion accuracy');
#6996 = CONTEXT_DEPENDENT_SHAPE_REPRESENTATION(#6997,#6999);
#6997 = ( REPRESENTATION_RELATIONSHIP('','',#40,#10) 
REPRESENTATION_RELATIONSHIP_WITH_TRANSFORMATION(#6998) 
SHAPE_REPRESENTATION_RELATIONSHIP() );
#6998 = ITEM_DEFINED_TRANSFORMATION('','',#11,#15);
#6999 = PRODUCT_DEFINITION_SHAPE('Placement','Placement of an item',
  #7000);
#7000 = NEXT_ASSEMBLY_USAGE_OCCURRENCE('1','corpo','',#5,#35,$);
#7001 = PRODUCT_RELATED_PRODUCT_CATEGORY('part',$,(#37));
#7002 = SHAPE_DEFINITION_REPRESENTATION(#7003,#7009);
#7003 = PRODUCT_DEFINITION_SHAPE('','',#7004);
#7004 = PRODUCT_DEFINITION('design','',#7005,#7008);
#7005 = PRODUCT_DEFINITION_FORMATION('','',#7006);
#7006 = PRODUCT('rotor_retificadores','rotor_retificadores','',(#7007));
#7007 = PRODUCT_CONTEXT('',#2,'mechanical');
#7008 = PRODUCT_DEFINITION_CONTEXT('part definition',#2,'design');
#7009 = ADVANCED_BREP_SHAPE_REPRESENTATION('',(#11,#7010),#12752);
#7010 = MANIFOLD_SOLID_BREP('',#7011);
#7011 = CLOSED_SHELL('',(#7012,#7134,#7549,#7598,#7973,#8000,#8045,#8052
    ,#8079,#8104,#8129,#8156,#8183,#8208,#8233,#8260,#8287,#8312,#8319,
    #8378,#8413,#9200,#9239,#9315,#9420,#9515,#9542,#9618,#9723,#9818,
    #9845,#9921,#10026,#10121,#10148,#10224,#10329,#10378,#10451,#10527,
    #10632,#10727,#10754,#10830,#10935,#11030,#11057,#11116,#11143,
    #11170,#11177,#11204,#11231,#11238,#11265,#11292,#11299,#11326,
    #11353,#11360,#11387,#11414,#11421,#11448,#11475,#11482,#11940,
    #12014,#12066,#12115,#12164,#12211,#12260,#12312,#12359,#12408,
    #12460,#12509,#12558,#12605,#12654,#12706,#12733));
#7012 = ADVANCED_FACE('',(#7013),#7028,.T.);
#7013 = FACE_BOUND('',#7014,.F.);
#7014 = EDGE_LOOP('',(#7015,#7051,#7077,#7110));
#7015 = ORIENTED_EDGE('',*,*,#7016,.F.);
#7016 = EDGE_CURVE('',#7017,#7019,#7021,.T.);
#7017 = VERTEX_POINT('',#7018);
#7018 = CARTESIAN_POINT('',(-41.,-3.667805185393,2.607145013613));
#7019 = VERTEX_POINT('',#7020);
#7020 = CARTESIAN_POINT('',(-41.,-3.667805185393,-2.607145013613));
#7021 = SURFACE_CURVE('',#7022,(#7027,#7039),.PCURVE_S1.);
#7022 = CIRCLE('',#7023,4.5);
#7023 = AXIS2_PLACEMENT_3D('',#7024,#7025,#7026);
#7024 = CARTESIAN_POINT('',(-41.,0.,0.));
#7025 = DIRECTION('',(1.,0.,0.));
#7026 = DIRECTION('',(0.,-0.815067818976,0.579365558581));
#7027 = PCURVE('',#7028,#7033);
#7028 = CYLINDRICAL_SURFACE('',#7029,4.5);
#7029 = AXIS2_PLACEMENT_3D('',#7030,#7031,#7032);
#7030 = CARTESIAN_POINT('',(-41.,0.,0.));
#7031 = DIRECTION('',(-1.,-0.,-0.));
#7032 = DIRECTION('',(0.,1.,0.));
#7033 = DEFINITIONAL_REPRESENTATION('',(#7034),#7038);
#7034 = LINE('',#7035,#7036);
#7035 = CARTESIAN_POINT('',(-2.523642569412,0.));
#7036 = VECTOR('',#7037,1.);
#7037 = DIRECTION('',(-1.,0.));
#7038 = ( GEOMETRIC_REPRESENTATION_CONTEXT(2) 
PARAMETRIC_REPRESENTATION_CONTEXT() REPRESENTATION_CONTEXT('2D SPACE',''
  ) );
#7039 = PCURVE('',#7040,#7045);
#7040 = PLANE('',#7041);
#7041 = AXIS2_PLACEMENT_3D('',#7042,#7043,#7044);
#7042 = CARTESIAN_POINT('',(-41.,-1.519377925044E-16,1.201785651367E-16)
  );
#7043 = DIRECTION('',(1.,0.,0.));
#7044 = DIRECTION('',(-0.,0.,1.));
#7045 = DEFINITIONAL_REPRESENTATION('',(#7046),#7050);
#7046 = CIRCLE('',#7047,4.5);
#7047 = AXIS2_PLACEMENT_2D('',#7048,#7049);
#7048 = CARTESIAN_POINT('',(-1.201785651367E-16,-1.519377925044E-16));
#7049 = DIRECTION('',(0.579365558581,0.815067818976));
#7050 = ( GEOMETRIC_REPRESENTATION_CONTEXT(2) 
PARAMETRIC_REPRESENTATION_CONTEXT() REPRESENTATION_CONTEXT('2D SPACE',''
  ) );
#7051 = ORIENTED_EDGE('',*,*,#7052,.F.);
#7052 = EDGE_CURVE('',#7053,#7017,#7055,.T.);
#7053 = VERTEX_POINT('',#7054);
#7054 = CARTESIAN_POINT('',(-29.,-3.667805185393,2.607145013613));
#7055 = SURFACE_CURVE('',#7056,(#7060,#7066),.PCURVE_S1.);
#7056 = LINE('',#7057,#7058);
#7057 = CARTESIAN_POINT('',(-41.,-3.667805185393,2.607145013613));
#7058 = VECTOR('',#7059,1.);
#7059 = DIRECTION('',(-1.,-0.,-0.));
#7060 = PCURVE('',#7028,#7061);
#7061 = DEFINITIONAL_REPRESENTATION('',(#7062),#7065);
#7062 = B_SPLINE_CURVE_WITH_KNOTS('',1,(#7063,#7064),.UNSPECIFIED.,.F.,
  .F.,(2,2),(-12.,-0.),.PIECEWISE_BEZIER_KNOTS.);
#7063 = CARTESIAN_POINT('',(-2.523642569412,-12.));
#7064 = CARTESIAN_POINT('',(-2.523642569412,0.));
#7065 = ( GEOMETRIC_REPRESENTATION_CONTEXT(2) 
PARAMETRIC_REPRESENTATION_CONTEXT() REPRESENTATION_CONTEXT('2D SPACE',''
  ) );
#7066 = PCURVE('',#7067,#7072);
#7067 = PLANE('',#7068);
#7068 = AXIS2_PLACEMENT_3D('',#7069,#7070,#7071);
#7069 = CARTESIAN_POINT('',(-41.,-9.369164850722,8.308504678942));
#7070 = DIRECTION('',(0.,0.707106781187,0.707106781187));
#7071 = DIRECTION('',(0.,0.707106781187,-0.707106781187));
#7072 = DEFINITIONAL_REPRESENTATION('',(#7073),#7076);
#7073 = B_SPLINE_CURVE_WITH_KNOTS('',1,(#7074,#7075),.UNSPECIFIED.,.F.,
  .F.,(2,2),(-12.0000006,5.999999999062E-07),.PIECEWISE_BEZIER_KNOTS.);
#7074 = CARTESIAN_POINT('',(8.062940162675,-12.0000006));
#7075 = CARTESIAN_POINT('',(8.062940162675,5.999999999062E-07));
#7076 = ( GEOMETRIC_REPRESENTATION_CONTEXT(2) 
PARAMETRIC_REPRESENTATION_CONTEXT() REPRESENTATION_CONTEXT('2D SPACE',''
  ) );
#7077 = ORIENTED_EDGE('',*,*,#7078,.F.);
#7078 = EDGE_CURVE('',#7079,#7053,#7081,.T.);
#7079 = VERTEX_POINT('',#7080);
#7080 = CARTESIAN_POINT('',(-29.,-3.667805185393,-2.607145013613));
#7081 = SURFACE_CURVE('',#7082,(#7087,#7094),.PCURVE_S1.);
#7082 = CIRCLE('',#7083,4.5);
#7083 = AXIS2_PLACEMENT_3D('',#7084,#7085,#7086);
#7084 = CARTESIAN_POINT('',(-29.,0.,0.));
#7085 = DIRECTION('',(-1.,0.,0.));
#7086 = DIRECTION('',(0.,-0.579365558581,0.815067818976));
#7087 = PCURVE('',#7028,#7088);
#7088 = DEFINITIONAL_REPRESENTATION('',(#7089),#7093);
#7089 = LINE('',#7090,#7091);
#7090 = CARTESIAN_POINT('',(-8.471931718152,-12.));
#7091 = VECTOR('',#7092,1.);
#7092 = DIRECTION('',(1.,-0.));
#7093 = ( GEOMETRIC_REPRESENTATION_CONTEXT(2) 
PARAMETRIC_REPRESENTATION_CONTEXT() REPRESENTATION_CONTEXT('2D SPACE',''
  ) );
#7094 = PCURVE('',#7095,#7100);
#7095 = PLANE('',#7096);
#7096 = AXIS2_PLACEMENT_3D('',#7097,#7098,#7099);
#7097 = CARTESIAN_POINT('',(-29.,-1.519377925044E-16,1.201785651367E-16)
  );
#7098 = DIRECTION('',(1.,0.,0.));
#7099 = DIRECTION('',(-0.,0.,1.));
#7100 = DEFINITIONAL_REPRESENTATION('',(#7101),#7109);
#7101 = ( BOUNDED_CURVE() B_SPLINE_CURVE(2,(#7102,#7103,#7104,#7105,
#7106,#7107,#7108),.UNSPECIFIED.,.T.,.F.) B_SPLINE_CURVE_WITH_KNOTS((1,2
    ,2,2,2,1),(-2.094395102393,0.,2.094395102393,4.188790204786,
6.28318530718,8.377580409573),.UNSPECIFIED.) CURVE() 
GEOMETRIC_REPRESENTATION_ITEM() RATIONAL_B_SPLINE_CURVE((1.,0.5,1.,0.5,
1.,0.5,1.)) REPRESENTATION_ITEM('') );
#7102 = CARTESIAN_POINT('',(3.667805185393,2.607145013613));
#7103 = CARTESIAN_POINT('',(8.18351281167,-3.745679919752));
#7104 = CARTESIAN_POINT('',(0.423951220442,-4.479984973489));
#7105 = CARTESIAN_POINT('',(-7.335610370785,-5.214290027226));
#7106 = CARTESIAN_POINT('',(-4.091756405835,1.872839959876));
#7107 = CARTESIAN_POINT('',(-0.847902440885,8.959969946978));
#7108 = CARTESIAN_POINT('',(3.667805185393,2.607145013613));
#7109 = ( GEOMETRIC_REPRESENTATION_CONTEXT(2) 
PARAMETRIC_REPRESENTATION_CONTEXT() REPRESENTATION_CONTEXT('2D SPACE',''
  ) );
#7110 = ORIENTED_EDGE('',*,*,#7111,.T.);
#7111 = EDGE_CURVE('',#7079,#7019,#7112,.T.);
#7112 = SURFACE_CURVE('',#7113,(#7117,#7123),.PCURVE_S1.);
#7113 = LINE('',#7114,#7115);
#7114 = CARTESIAN_POINT('',(-41.,-3.667805185393,-2.607145013613));
#7115 = VECTOR('',#7116,1.);
#7116 = DIRECTION('',(-1.,-0.,-0.));
#7117 = PCURVE('',#7028,#7118);
#7118 = DEFINITIONAL_REPRESENTATION('',(#7119),#7122);
#7119 = B_SPLINE_CURVE_WITH_KNOTS('',1,(#7120,#7121),.UNSPECIFIED.,.F.,
  .F.,(2,2),(-12.0000006,5.999999999062E-07),.PIECEWISE_BEZIER_KNOTS.);
#7120 = CARTESIAN_POINT('',(-3.759542737768,-12.0000006));
#7121 = CARTESIAN_POINT('',(-3.759542737768,5.999999999062E-07));
#7122 = ( GEOMETRIC_REPRESENTATION_CONTEXT(2) 
PARAMETRIC_REPRESENTATION_CONTEXT() REPRESENTATION_CONTEXT('2D SPACE',''
  ) );
#7123 = PCURVE('',#7124,#7129);
#7124 = PLANE('',#7125);
#7125 = AXIS2_PLACEMENT_3D('',#7126,#7127,#7128);
#7126 = CARTESIAN_POINT('',(-41.,-0.53033008589,0.53033008589));
#7127 = DIRECTION('',(0.,0.707106781187,-0.707106781187));
#7128 = DIRECTION('',(0.,-0.707106781187,-0.707106781187));
#7129 = DEFINITIONAL_REPRESENTATION('',(#7130),#7133);
#7130 = B_SPLINE_CURVE_WITH_KNOTS('',1,(#7131,#7132),.UNSPECIFIED.,.F.,
  .F.,(2,2),(-12.0000006,5.999999999062E-07),.PIECEWISE_BEZIER_KNOTS.);
#7131 = CARTESIAN_POINT('',(4.437059837325,-12.0000006));
#7132 = CARTESIAN_POINT('',(4.437059837325,5.999999999062E-07));
#7133 = ( GEOMETRIC_REPRESENTATION_CONTEXT(2) 
PARAMETRIC_REPRESENTATION_CONTEXT() REPRESENTATION_CONTEXT('2D SPACE',''
  ) );
#7134 = ADVANCED_FACE('',(#7135),#7040,.F.);
#7135 = FACE_BOUND('',#7136,.F.);
#7136 = EDGE_LOOP('',(#7137,#7167,#7195,#7216,#7217,#7240,#7268,#7296,
    #7325,#7353,#7381,#7409,#7438,#7466,#7494,#7522));
#7137 = ORIENTED_EDGE('',*,*,#7138,.T.);
#7138 = EDGE_CURVE('',#7139,#7141,#7143,.T.);
#7139 = VERTEX_POINT('',#7140);
#7140 = CARTESIAN_POINT('',(-41.,-2.607145013613,3.667805185393));
#7141 = VERTEX_POINT('',#7142);
#7142 = CARTESIAN_POINT('',(-41.,-8.308504678942,9.369164850722));
#7143 = SURFACE_CURVE('',#7144,(#7148,#7155),.PCURVE_S1.);
#7144 = LINE('',#7145,#7146);
#7145 = CARTESIAN_POINT('',(-41.,0.53033008589,0.53033008589));
#7146 = VECTOR('',#7147,1.);
#7147 = DIRECTION('',(0.,-0.707106781187,0.707106781187));
#7148 = PCURVE('',#7040,#7149);
#7149 = DEFINITIONAL_REPRESENTATION('',(#7150),#7154);
#7150 = LINE('',#7151,#7152);
#7151 = CARTESIAN_POINT('',(0.53033008589,-0.53033008589));
#7152 = VECTOR('',#7153,1.);
#7153 = DIRECTION('',(0.707106781187,0.707106781187));
#7154 = ( GEOMETRIC_REPRESENTATION_CONTEXT(2) 
PARAMETRIC_REPRESENTATION_CONTEXT() REPRESENTATION_CONTEXT('2D SPACE',''
  ) );
#7155 = PCURVE('',#7156,#7161);
#7156 = PLANE('',#7157);
#7157 = AXIS2_PLACEMENT_3D('',#7158,#7159,#7160);
#7158 = CARTESIAN_POINT('',(-41.,0.53033008589,0.53033008589));
#7159 = DIRECTION('',(0.,-0.707106781187,-0.707106781187));
#7160 = DIRECTION('',(0.,-0.707106781187,0.707106781187));
#7161 = DEFINITIONAL_REPRESENTATION('',(#7162),#7166);
#7162 = LINE('',#7163,#7164);
#7163 = CARTESIAN_POINT('',(0.,0.));
#7164 = VECTOR('',#7165,1.);
#7165 = DIRECTION('',(1.,0.));
#7166 = ( GEOMETRIC_REPRESENTATION_CONTEXT(2) 
PARAMETRIC_REPRESENTATION_CONTEXT() REPRESENTATION_CONTEXT('2D SPACE',''
  ) );
#7167 = ORIENTED_EDGE('',*,*,#7168,.T.);
#7168 = EDGE_CURVE('',#7141,#7169,#7171,.T.);
#7169 = VERTEX_POINT('',#7170);
#7170 = CARTESIAN_POINT('',(-41.,-9.369164850722,8.308504678942));
#7171 = SURFACE_CURVE('',#7172,(#7176,#7183),.PCURVE_S1.);
#7172 = LINE('',#7173,#7174);
#7173 = CARTESIAN_POINT('',(-41.,-8.308504678942,9.369164850722));
#7174 = VECTOR('',#7175,1.);
#7175 = DIRECTION('',(0.,-0.707106781187,-0.707106781187));
#7176 = PCURVE('',#7040,#7177);
#7177 = DEFINITIONAL_REPRESENTATION('',(#7178),#7182);
#7178 = LINE('',#7179,#7180);
#7179 = CARTESIAN_POINT('',(9.369164850722,8.308504678942));
#7180 = VECTOR('',#7181,1.);
#7181 = DIRECTION('',(-0.707106781187,0.707106781187));
#7182 = ( GEOMETRIC_REPRESENTATION_CONTEXT(2) 
PARAMETRIC_REPRESENTATION_CONTEXT() REPRESENTATION_CONTEXT('2D SPACE',''
  ) );
#7183 = PCURVE('',#7184,#7189);
#7184 = PLANE('',#7185);
#7185 = AXIS2_PLACEMENT_3D('',#7186,#7187,#7188);
#7186 = CARTESIAN_POINT('',(-41.,-8.308504678942,9.369164850722));
#7187 = DIRECTION('',(0.,0.707106781187,-0.707106781187));
#7188 = DIRECTION('',(0.,-0.707106781187,-0.707106781187));
#7189 = DEFINITIONAL_REPRESENTATION('',(#7190),#7194);
#7190 = LINE('',#7191,#7192);
#7191 = CARTESIAN_POINT('',(0.,0.));
#7192 = VECTOR('',#7193,1.);
#7193 = DIRECTION('',(1.,0.));
#7194 = ( GEOMETRIC_REPRESENTATION_CONTEXT(2) 
PARAMETRIC_REPRESENTATION_CONTEXT() REPRESENTATION_CONTEXT('2D SPACE',''
  ) );
#7195 = ORIENTED_EDGE('',*,*,#7196,.T.);
#7196 = EDGE_CURVE('',#7169,#7017,#7197,.T.);
#7197 = SURFACE_CURVE('',#7198,(#7202,#7209),.PCURVE_S1.);
#7198 = LINE('',#7199,#7200);
#7199 = CARTESIAN_POINT('',(-41.,-9.369164850722,8.308504678942));
#7200 = VECTOR('',#7201,1.);
#7201 = DIRECTION('',(0.,0.707106781187,-0.707106781187));
#7202 = PCURVE('',#7040,#7203);
#7203 = DEFINITIONAL_REPRESENTATION('',(#7204),#7208);
#7204 = LINE('',#7205,#7206);
#7205 = CARTESIAN_POINT('',(8.308504678942,9.369164850722));
#7206 = VECTOR('',#7207,1.);
#7207 = DIRECTION('',(-0.707106781187,-0.707106781187));
#7208 = ( GEOMETRIC_REPRESENTATION_CONTEXT(2) 
PARAMETRIC_REPRESENTATION_CONTEXT() REPRESENTATION_CONTEXT('2D SPACE',''
  ) );
#7209 = PCURVE('',#7067,#7210);
#7210 = DEFINITIONAL_REPRESENTATION('',(#7211),#7215);
#7211 = LINE('',#7212,#7213);
#7212 = CARTESIAN_POINT('',(0.,0.));
#7213 = VECTOR('',#7214,1.);
#7214 = DIRECTION('',(1.,0.));
#7215 = ( GEOMETRIC_REPRESENTATION_CONTEXT(2) 
PARAMETRIC_REPRESENTATION_CONTEXT() REPRESENTATION_CONTEXT('2D SPACE',''
  ) );
#7216 = ORIENTED_EDGE('',*,*,#7016,.T.);
#7217 = ORIENTED_EDGE('',*,*,#7218,.T.);
#7218 = EDGE_CURVE('',#7019,#7219,#7221,.T.);
#7219 = VERTEX_POINT('',#7220);
#7220 = CARTESIAN_POINT('',(-41.,-9.369164850722,-8.308504678942));
#7221 = SURFACE_CURVE('',#7222,(#7226,#7233),.PCURVE_S1.);
#7222 = LINE('',#7223,#7224);
#7223 = CARTESIAN_POINT('',(-41.,-0.53033008589,0.53033008589));
#7224 = VECTOR('',#7225,1.);
#7225 = DIRECTION('',(0.,-0.707106781187,-0.707106781187));
#7226 = PCURVE('',#7040,#7227);
#7227 = DEFINITIONAL_REPRESENTATION('',(#7228),#7232);
#7228 = LINE('',#7229,#7230);
#7229 = CARTESIAN_POINT('',(0.53033008589,0.53033008589));
#7230 = VECTOR('',#7231,1.);
#7231 = DIRECTION('',(-0.707106781187,0.707106781187));
#7232 = ( GEOMETRIC_REPRESENTATION_CONTEXT(2) 
PARAMETRIC_REPRESENTATION_CONTEXT() REPRESENTATION_CONTEXT('2D SPACE',''
  ) );
#7233 = PCURVE('',#7124,#7234);
#7234 = DEFINITIONAL_REPRESENTATION('',(#7235),#7239);
#7235 = LINE('',#7236,#7237);
#7236 = CARTESIAN_POINT('',(0.,0.));
#7237 = VECTOR('',#7238,1.);
#7238 = DIRECTION('',(1.,0.));
#7239 = ( GEOMETRIC_REPRESENTATION_CONTEXT(2) 
PARAMETRIC_REPRESENTATION_CONTEXT() REPRESENTATION_CONTEXT('2D SPACE',''
  ) );
#7240 = ORIENTED_EDGE('',*,*,#7241,.T.);
#7241 = EDGE_CURVE('',#7219,#7242,#7244,.T.);
#7242 = VERTEX_POINT('',#7243);
#7243 = CARTESIAN_POINT('',(-41.,-8.308504678942,-9.369164850722));
#7244 = SURFACE_CURVE('',#7245,(#7249,#7256),.PCURVE_S1.);
#7245 = LINE('',#7246,#7247);
#7246 = CARTESIAN_POINT('',(-41.,-9.369164850722,-8.308504678942));
#7247 = VECTOR('',#7248,1.);
#7248 = DIRECTION('',(0.,0.707106781187,-0.707106781187));
#7249 = PCURVE('',#7040,#7250);
#7250 = DEFINITIONAL_REPRESENTATION('',(#7251),#7255);
#7251 = LINE('',#7252,#7253);
#7252 = CARTESIAN_POINT('',(-8.308504678942,9.369164850722));
#7253 = VECTOR('',#7254,1.);
#7254 = DIRECTION('',(-0.707106781187,-0.707106781187));
#7255 = ( GEOMETRIC_REPRESENTATION_CONTEXT(2) 
PARAMETRIC_REPRESENTATION_CONTEXT() REPRESENTATION_CONTEXT('2D SPACE',''
  ) );
#7256 = PCURVE('',#7257,#7262);
#7257 = PLANE('',#7258);
#7258 = AXIS2_PLACEMENT_3D('',#7259,#7260,#7261);
#7259 = CARTESIAN_POINT('',(-41.,-9.369164850722,-8.308504678942));
#7260 = DIRECTION('',(0.,0.707106781187,0.707106781187));
#7261 = DIRECTION('',(0.,0.707106781187,-0.707106781187));
#7262 = DEFINITIONAL_REPRESENTATION('',(#7263),#7267);
#7263 = LINE('',#7264,#7265);
#7264 = CARTESIAN_POINT('',(0.,0.));
#7265 = VECTOR('',#7266,1.);
#7266 = DIRECTION('',(1.,0.));
#7267 = ( GEOMETRIC_REPRESENTATION_CONTEXT(2) 
PARAMETRIC_REPRESENTATION_CONTEXT() REPRESENTATION_CONTEXT('2D SPACE',''
  ) );
#7268 = ORIENTED_EDGE('',*,*,#7269,.T.);
#7269 = EDGE_CURVE('',#7242,#7270,#7272,.T.);
#7270 = VERTEX_POINT('',#7271);
#7271 = CARTESIAN_POINT('',(-41.,-2.607145013613,-3.667805185393));
#7272 = SURFACE_CURVE('',#7273,(#7277,#7284),.PCURVE_S1.);
#7273 = LINE('',#7274,#7275);
#7274 = CARTESIAN_POINT('',(-41.,-8.308504678942,-9.369164850722));
#7275 = VECTOR('',#7276,1.);
#7276 = DIRECTION('',(0.,0.707106781187,0.707106781187));
#7277 = PCURVE('',#7040,#7278);
#7278 = DEFINITIONAL_REPRESENTATION('',(#7279),#7283);
#7279 = LINE('',#7280,#7281);
#7280 = CARTESIAN_POINT('',(-9.369164850722,8.308504678942));
#7281 = VECTOR('',#7282,1.);
#7282 = DIRECTION('',(0.707106781187,-0.707106781187));
#7283 = ( GEOMETRIC_REPRESENTATION_CONTEXT(2) 
PARAMETRIC_REPRESENTATION_CONTEXT() REPRESENTATION_CONTEXT('2D SPACE',''
  ) );
#7284 = PCURVE('',#7285,#7290);
#7285 = PLANE('',#7286);
#7286 = AXIS2_PLACEMENT_3D('',#7287,#7288,#7289);
#7287 = CARTESIAN_POINT('',(-41.,-8.308504678942,-9.369164850722));
#7288 = DIRECTION('',(0.,-0.707106781187,0.707106781187));
#7289 = DIRECTION('',(0.,0.707106781187,0.707106781187));
#7290 = DEFINITIONAL_REPRESENTATION('',(#7291),#7295);
#7291 = LINE('',#7292,#7293);
#7292 = CARTESIAN_POINT('',(0.,0.));
#7293 = VECTOR('',#7294,1.);
#7294 = DIRECTION('',(1.,0.));
#7295 = ( GEOMETRIC_REPRESENTATION_CONTEXT(2) 
PARAMETRIC_REPRESENTATION_CONTEXT() REPRESENTATION_CONTEXT('2D SPACE',''
  ) );
#7296 = ORIENTED_EDGE('',*,*,#7297,.T.);
#7297 = EDGE_CURVE('',#7270,#7298,#7300,.T.);
#7298 = VERTEX_POINT('',#7299);
#7299 = CARTESIAN_POINT('',(-41.,2.607145013613,-3.667805185393));
#7300 = SURFACE_CURVE('',#7301,(#7306,#7313),.PCURVE_S1.);
#7301 = CIRCLE('',#7302,4.5);
#7302 = AXIS2_PLACEMENT_3D('',#7303,#7304,#7305);
#7303 = CARTESIAN_POINT('',(-41.,0.,0.));
#7304 = DIRECTION('',(1.,0.,0.));
#7305 = DIRECTION('',(0.,-0.815067818976,0.579365558581));
#7306 = PCURVE('',#7040,#7307);
#7307 = DEFINITIONAL_REPRESENTATION('',(#7308),#7312);
#7308 = CIRCLE('',#7309,4.5);
#7309 = AXIS2_PLACEMENT_2D('',#7310,#7311);
#7310 = CARTESIAN_POINT('',(-1.201785651367E-16,-1.519377925044E-16));
#7311 = DIRECTION('',(0.579365558581,0.815067818976));
#7312 = ( GEOMETRIC_REPRESENTATION_CONTEXT(2) 
PARAMETRIC_REPRESENTATION_CONTEXT() REPRESENTATION_CONTEXT('2D SPACE',''
  ) );
#7313 = PCURVE('',#7314,#7319);
#7314 = CYLINDRICAL_SURFACE('',#7315,4.5);
#7315 = AXIS2_PLACEMENT_3D('',#7316,#7317,#7318);
#7316 = CARTESIAN_POINT('',(-41.,0.,0.));
#7317 = DIRECTION('',(-1.,-0.,-0.));
#7318 = DIRECTION('',(0.,1.,0.));
#7319 = DEFINITIONAL_REPRESENTATION('',(#7320),#7324);
#7320 = LINE('',#7321,#7322);
#7321 = CARTESIAN_POINT('',(-2.523642569412,0.));
#7322 = VECTOR('',#7323,1.);
#7323 = DIRECTION('',(-1.,0.));
#7324 = ( GEOMETRIC_REPRESENTATION_CONTEXT(2) 
PARAMETRIC_REPRESENTATION_CONTEXT() REPRESENTATION_CONTEXT('2D SPACE',''
  ) );
#7325 = ORIENTED_EDGE('',*,*,#7326,.T.);
#7326 = EDGE_CURVE('',#7298,#7327,#7329,.T.);
#7327 = VERTEX_POINT('',#7328);
#7328 = CARTESIAN_POINT('',(-41.,8.308504678942,-9.369164850722));
#7329 = SURFACE_CURVE('',#7330,(#7334,#7341),.PCURVE_S1.);
#7330 = LINE('',#7331,#7332);
#7331 = CARTESIAN_POINT('',(-41.,-0.53033008589,-0.53033008589));
#7332 = VECTOR('',#7333,1.);
#7333 = DIRECTION('',(0.,0.707106781187,-0.707106781187));
#7334 = PCURVE('',#7040,#7335);
#7335 = DEFINITIONAL_REPRESENTATION('',(#7336),#7340);
#7336 = LINE('',#7337,#7338);
#7337 = CARTESIAN_POINT('',(-0.53033008589,0.53033008589));
#7338 = VECTOR('',#7339,1.);
#7339 = DIRECTION('',(-0.707106781187,-0.707106781187));
#7340 = ( GEOMETRIC_REPRESENTATION_CONTEXT(2) 
PARAMETRIC_REPRESENTATION_CONTEXT() REPRESENTATION_CONTEXT('2D SPACE',''
  ) );
#7341 = PCURVE('',#7342,#7347);
#7342 = PLANE('',#7343);
#7343 = AXIS2_PLACEMENT_3D('',#7344,#7345,#7346);
#7344 = CARTESIAN_POINT('',(-41.,-0.53033008589,-0.53033008589));
#7345 = DIRECTION('',(0.,0.707106781187,0.707106781187));
#7346 = DIRECTION('',(0.,0.707106781187,-0.707106781187));
#7347 = DEFINITIONAL_REPRESENTATION('',(#7348),#7352);
#7348 = LINE('',#7349,#7350);
#7349 = CARTESIAN_POINT('',(0.,0.));
#7350 = VECTOR('',#7351,1.);
#7351 = DIRECTION('',(1.,0.));
#7352 = ( GEOMETRIC_REPRESENTATION_CONTEXT(2) 
PARAMETRIC_REPRESENTATION_CONTEXT() REPRESENTATION_CONTEXT('2D SPACE',''
  ) );
#7353 = ORIENTED_EDGE('',*,*,#7354,.T.);
#7354 = EDGE_CURVE('',#7327,#7355,#7357,.T.);
#7355 = VERTEX_POINT('',#7356);
#7356 = CARTESIAN_POINT('',(-41.,9.369164850722,-8.308504678942));
#7357 = SURFACE_CURVE('',#7358,(#7362,#7369),.PCURVE_S1.);
#7358 = LINE('',#7359,#7360);
#7359 = CARTESIAN_POINT('',(-41.,8.308504678942,-9.369164850722));
#7360 = VECTOR('',#7361,1.);
#7361 = DIRECTION('',(0.,0.707106781187,0.707106781187));
#7362 = PCURVE('',#7040,#7363);
#7363 = DEFINITIONAL_REPRESENTATION('',(#7364),#7368);
#7364 = LINE('',#7365,#7366);
#7365 = CARTESIAN_POINT('',(-9.369164850722,-8.308504678942));
#7366 = VECTOR('',#7367,1.);
#7367 = DIRECTION('',(0.707106781187,-0.707106781187));
#7368 = ( GEOMETRIC_REPRESENTATION_CONTEXT(2) 
PARAMETRIC_REPRESENTATION_CONTEXT() REPRESENTATION_CONTEXT('2D SPACE',''
  ) );
#7369 = PCURVE('',#7370,#7375);
#7370 = PLANE('',#7371);
#7371 = AXIS2_PLACEMENT_3D('',#7372,#7373,#7374);
#7372 = CARTESIAN_POINT('',(-41.,8.308504678942,-9.369164850722));
#7373 = DIRECTION('',(0.,-0.707106781187,0.707106781187));
#7374 = DIRECTION('',(0.,0.707106781187,0.707106781187));
#7375 = DEFINITIONAL_REPRESENTATION('',(#7376),#7380);
#7376 = LINE('',#7377,#7378);
#7377 = CARTESIAN_POINT('',(0.,0.));
#7378 = VECTOR('',#7379,1.);
#7379 = DIRECTION('',(1.,0.));
#7380 = ( GEOMETRIC_REPRESENTATION_CONTEXT(2) 
PARAMETRIC_REPRESENTATION_CONTEXT() REPRESENTATION_CONTEXT('2D SPACE',''
  ) );
#7381 = ORIENTED_EDGE('',*,*,#7382,.T.);
#7382 = EDGE_CURVE('',#7355,#7383,#7385,.T.);
#7383 = VERTEX_POINT('',#7384);
#7384 = CARTESIAN_POINT('',(-41.,3.667805185393,-2.607145013613));
#7385 = SURFACE_CURVE('',#7386,(#7390,#7397),.PCURVE_S1.);
#7386 = LINE('',#7387,#7388);
#7387 = CARTESIAN_POINT('',(-41.,9.369164850722,-8.308504678942));
#7388 = VECTOR('',#7389,1.);
#7389 = DIRECTION('',(0.,-0.707106781187,0.707106781187));
#7390 = PCURVE('',#7040,#7391);
#7391 = DEFINITIONAL_REPRESENTATION('',(#7392),#7396);
#7392 = LINE('',#7393,#7394);
#7393 = CARTESIAN_POINT('',(-8.308504678942,-9.369164850722));
#7394 = VECTOR('',#7395,1.);
#7395 = DIRECTION('',(0.707106781187,0.707106781187));
#7396 = ( GEOMETRIC_REPRESENTATION_CONTEXT(2) 
PARAMETRIC_REPRESENTATION_CONTEXT() REPRESENTATION_CONTEXT('2D SPACE',''
  ) );
#7397 = PCURVE('',#7398,#7403);
#7398 = PLANE('',#7399);
#7399 = AXIS2_PLACEMENT_3D('',#7400,#7401,#7402);
#7400 = CARTESIAN_POINT('',(-41.,9.369164850722,-8.308504678942));
#7401 = DIRECTION('',(0.,-0.707106781187,-0.707106781187));
#7402 = DIRECTION('',(0.,-0.707106781187,0.707106781187));
#7403 = DEFINITIONAL_REPRESENTATION('',(#7404),#7408);
#7404 = LINE('',#7405,#7406);
#7405 = CARTESIAN_POINT('',(0.,0.));
#7406 = VECTOR('',#7407,1.);
#7407 = DIRECTION('',(1.,0.));
#7408 = ( GEOMETRIC_REPRESENTATION_CONTEXT(2) 
PARAMETRIC_REPRESENTATION_CONTEXT() REPRESENTATION_CONTEXT('2D SPACE',''
  ) );
#7409 = ORIENTED_EDGE('',*,*,#7410,.T.);
#7410 = EDGE_CURVE('',#7383,#7411,#7413,.T.);
#7411 = VERTEX_POINT('',#7412);
#7412 = CARTESIAN_POINT('',(-41.,3.667805185393,2.607145013613));
#7413 = SURFACE_CURVE('',#7414,(#7419,#7426),.PCURVE_S1.);
#7414 = CIRCLE('',#7415,4.5);
#7415 = AXIS2_PLACEMENT_3D('',#7416,#7417,#7418);
#7416 = CARTESIAN_POINT('',(-41.,0.,0.));
#7417 = DIRECTION('',(1.,0.,0.));
#7418 = DIRECTION('',(0.,-0.815067818976,0.579365558581));
#7419 = PCURVE('',#7040,#7420);
#7420 = DEFINITIONAL_REPRESENTATION('',(#7421),#7425);
#7421 = CIRCLE('',#7422,4.5);
#7422 = AXIS2_PLACEMENT_2D('',#7423,#7424);
#7423 = CARTESIAN_POINT('',(-1.201785651367E-16,-1.519377925044E-16));
#7424 = DIRECTION('',(0.579365558581,0.815067818976));
#7425 = ( GEOMETRIC_REPRESENTATION_CONTEXT(2) 
PARAMETRIC_REPRESENTATION_CONTEXT() REPRESENTATION_CONTEXT('2D SPACE',''
  ) );
#7426 = PCURVE('',#7427,#7432);
#7427 = CYLINDRICAL_SURFACE('',#7428,4.5);
#7428 = AXIS2_PLACEMENT_3D('',#7429,#7430,#7431);
#7429 = CARTESIAN_POINT('',(-41.,0.,0.));
#7430 = DIRECTION('',(-1.,-0.,-0.));
#7431 = DIRECTION('',(0.,1.,0.));
#7432 = DEFINITIONAL_REPRESENTATION('',(#7433),#7437);
#7433 = LINE('',#7434,#7435);
#7434 = CARTESIAN_POINT('',(-2.523642569412,0.));
#7435 = VECTOR('',#7436,1.);
#7436 = DIRECTION('',(-1.,0.));
#7437 = ( GEOMETRIC_REPRESENTATION_CONTEXT(2) 
PARAMETRIC_REPRESENTATION_CONTEXT() REPRESENTATION_CONTEXT('2D SPACE',''
  ) );
#7438 = ORIENTED_EDGE('',*,*,#7439,.T.);
#7439 = EDGE_CURVE('',#7411,#7440,#7442,.T.);
#7440 = VERTEX_POINT('',#7441);
#7441 = CARTESIAN_POINT('',(-41.,9.369164850722,8.308504678942));
#7442 = SURFACE_CURVE('',#7443,(#7447,#7454),.PCURVE_S1.);
#7443 = LINE('',#7444,#7445);
#7444 = CARTESIAN_POINT('',(-41.,0.53033008589,-0.53033008589));
#7445 = VECTOR('',#7446,1.);
#7446 = DIRECTION('',(0.,0.707106781187,0.707106781187));
#7447 = PCURVE('',#7040,#7448);
#7448 = DEFINITIONAL_REPRESENTATION('',(#7449),#7453);
#7449 = LINE('',#7450,#7451);
#7450 = CARTESIAN_POINT('',(-0.53033008589,-0.53033008589));
#7451 = VECTOR('',#7452,1.);
#7452 = DIRECTION('',(0.707106781187,-0.707106781187));
#7453 = ( GEOMETRIC_REPRESENTATION_CONTEXT(2) 
PARAMETRIC_REPRESENTATION_CONTEXT() REPRESENTATION_CONTEXT('2D SPACE',''
  ) );
#7454 = PCURVE('',#7455,#7460);
#7455 = PLANE('',#7456);
#7456 = AXIS2_PLACEMENT_3D('',#7457,#7458,#7459);
#7457 = CARTESIAN_POINT('',(-41.,0.53033008589,-0.53033008589));
#7458 = DIRECTION('',(0.,-0.707106781187,0.707106781187));
#7459 = DIRECTION('',(0.,0.707106781187,0.707106781187));
#7460 = DEFINITIONAL_REPRESENTATION('',(#7461),#7465);
#7461 = LINE('',#7462,#7463);
#7462 = CARTESIAN_POINT('',(0.,0.));
#7463 = VECTOR('',#7464,1.);
#7464 = DIRECTION('',(1.,0.));
#7465 = ( GEOMETRIC_REPRESENTATION_CONTEXT(2) 
PARAMETRIC_REPRESENTATION_CONTEXT() REPRESENTATION_CONTEXT('2D SPACE',''
  ) );
#7466 = ORIENTED_EDGE('',*,*,#7467,.T.);
#7467 = EDGE_CURVE('',#7440,#7468,#7470,.T.);
#7468 = VERTEX_POINT('',#7469);
#7469 = CARTESIAN_POINT('',(-41.,8.308504678942,9.369164850722));
#7470 = SURFACE_CURVE('',#7471,(#7475,#7482),.PCURVE_S1.);
#7471 = LINE('',#7472,#7473);
#7472 = CARTESIAN_POINT('',(-41.,9.369164850722,8.308504678942));
#7473 = VECTOR('',#7474,1.);
#7474 = DIRECTION('',(0.,-0.707106781187,0.707106781187));
#7475 = PCURVE('',#7040,#7476);
#7476 = DEFINITIONAL_REPRESENTATION('',(#7477),#7481);
#7477 = LINE('',#7478,#7479);
#7478 = CARTESIAN_POINT('',(8.308504678942,-9.369164850722));
#7479 = VECTOR('',#7480,1.);
#7480 = DIRECTION('',(0.707106781187,0.707106781187));
#7481 = ( GEOMETRIC_REPRESENTATION_CONTEXT(2) 
PARAMETRIC_REPRESENTATION_CONTEXT() REPRESENTATION_CONTEXT('2D SPACE',''
  ) );
#7482 = PCURVE('',#7483,#7488);
#7483 = PLANE('',#7484);
#7484 = AXIS2_PLACEMENT_3D('',#7485,#7486,#7487);
#7485 = CARTESIAN_POINT('',(-41.,9.369164850722,8.308504678942));
#7486 = DIRECTION('',(0.,-0.707106781187,-0.707106781187));
#7487 = DIRECTION('',(0.,-0.707106781187,0.707106781187));
#7488 = DEFINITIONAL_REPRESENTATION('',(#7489),#7493);
#7489 = LINE('',#7490,#7491);
#7490 = CARTESIAN_POINT('',(0.,0.));
#7491 = VECTOR('',#7492,1.);
#7492 = DIRECTION('',(1.,0.));
#7493 = ( GEOMETRIC_REPRESENTATION_CONTEXT(2) 
PARAMETRIC_REPRESENTATION_CONTEXT() REPRESENTATION_CONTEXT('2D SPACE',''
  ) );
#7494 = ORIENTED_EDGE('',*,*,#7495,.T.);
#7495 = EDGE_CURVE('',#7468,#7496,#7498,.T.);
#7496 = VERTEX_POINT('',#7497);
#7497 = CARTESIAN_POINT('',(-41.,2.607145013613,3.667805185393));
#7498 = SURFACE_CURVE('',#7499,(#7503,#7510),.PCURVE_S1.);
#7499 = LINE('',#7500,#7501);
#7500 = CARTESIAN_POINT('',(-41.,8.308504678942,9.369164850722));
#7501 = VECTOR('',#7502,1.);
#7502 = DIRECTION('',(0.,-0.707106781187,-0.707106781187));
#7503 = PCURVE('',#7040,#7504);
#7504 = DEFINITIONAL_REPRESENTATION('',(#7505),#7509);
#7505 = LINE('',#7506,#7507);
#7506 = CARTESIAN_POINT('',(9.369164850722,-8.308504678942));
#7507 = VECTOR('',#7508,1.);
#7508 = DIRECTION('',(-0.707106781187,0.707106781187));
#7509 = ( GEOMETRIC_REPRESENTATION_CONTEXT(2) 
PARAMETRIC_REPRESENTATION_CONTEXT() REPRESENTATION_CONTEXT('2D SPACE',''
  ) );
#7510 = PCURVE('',#7511,#7516);
#7511 = PLANE('',#7512);
#7512 = AXIS2_PLACEMENT_3D('',#7513,#7514,#7515);
#7513 = CARTESIAN_POINT('',(-41.,8.308504678942,9.369164850722));
#7514 = DIRECTION('',(0.,0.707106781187,-0.707106781187));
#7515 = DIRECTION('',(0.,-0.707106781187,-0.707106781187));
#7516 = DEFINITIONAL_REPRESENTATION('',(#7517),#7521);
#7517 = LINE('',#7518,#7519);
#7518 = CARTESIAN_POINT('',(0.,0.));
#7519 = VECTOR('',#7520,1.);
#7520 = DIRECTION('',(1.,0.));
#7521 = ( GEOMETRIC_REPRESENTATION_CONTEXT(2) 
PARAMETRIC_REPRESENTATION_CONTEXT() REPRESENTATION_CONTEXT('2D SPACE',''
  ) );
#7522 = ORIENTED_EDGE('',*,*,#7523,.T.);
#7523 = EDGE_CURVE('',#7496,#7139,#7524,.T.);
#7524 = SURFACE_CURVE('',#7525,(#7530,#7537),.PCURVE_S1.);
#7525 = CIRCLE('',#7526,4.5);
#7526 = AXIS2_PLACEMENT_3D('',#7527,#7528,#7529);
#7527 = CARTESIAN_POINT('',(-41.,0.,0.));
#7528 = DIRECTION('',(1.,0.,0.));
#7529 = DIRECTION('',(0.,-0.815067818976,0.579365558581));
#7530 = PCURVE('',#7040,#7531);
#7531 = DEFINITIONAL_REPRESENTATION('',(#7532),#7536);
#7532 = CIRCLE('',#7533,4.5);
#7533 = AXIS2_PLACEMENT_2D('',#7534,#7535);
#7534 = CARTESIAN_POINT('',(-1.201785651367E-16,-1.519377925044E-16));
#7535 = DIRECTION('',(0.579365558581,0.815067818976));
#7536 = ( GEOMETRIC_REPRESENTATION_CONTEXT(2) 
PARAMETRIC_REPRESENTATION_CONTEXT() REPRESENTATION_CONTEXT('2D SPACE',''
  ) );
#7537 = PCURVE('',#7538,#7543);
#7538 = CYLINDRICAL_SURFACE('',#7539,4.5);
#7539 = AXIS2_PLACEMENT_3D('',#7540,#7541,#7542);
#7540 = CARTESIAN_POINT('',(-41.,0.,0.));
#7541 = DIRECTION('',(-1.,-0.,-0.));
#7542 = DIRECTION('',(0.,1.,0.));
#7543 = DEFINITIONAL_REPRESENTATION('',(#7544),#7548);
#7544 = LINE('',#7545,#7546);
#7545 = CARTESIAN_POINT('',(-2.523642569412,0.));
#7546 = VECTOR('',#7547,1.);
#7547 = DIRECTION('',(-1.,0.));
#7548 = ( GEOMETRIC_REPRESENTATION_CONTEXT(2) 
PARAMETRIC_REPRESENTATION_CONTEXT() REPRESENTATION_CONTEXT('2D SPACE',''
  ) );
#7549 = ADVANCED_FACE('',(#7550),#7124,.F.);
#7550 = FACE_BOUND('',#7551,.F.);
#7551 = EDGE_LOOP('',(#7552,#7553,#7554,#7577));
#7552 = ORIENTED_EDGE('',*,*,#7218,.F.);
#7553 = ORIENTED_EDGE('',*,*,#7111,.F.);
#7554 = ORIENTED_EDGE('',*,*,#7555,.T.);
#7555 = EDGE_CURVE('',#7079,#7556,#7558,.T.);
#7556 = VERTEX_POINT('',#7557);
#7557 = CARTESIAN_POINT('',(-29.,-9.369164850722,-8.308504678942));
#7558 = SURFACE_CURVE('',#7559,(#7563,#7570),.PCURVE_S1.);
#7559 = LINE('',#7560,#7561);
#7560 = CARTESIAN_POINT('',(-29.,-0.53033008589,0.53033008589));
#7561 = VECTOR('',#7562,1.);
#7562 = DIRECTION('',(0.,-0.707106781187,-0.707106781187));
#7563 = PCURVE('',#7124,#7564);
#7564 = DEFINITIONAL_REPRESENTATION('',(#7565),#7569);
#7565 = LINE('',#7566,#7567);
#7566 = CARTESIAN_POINT('',(0.,-12.));
#7567 = VECTOR('',#7568,1.);
#7568 = DIRECTION('',(1.,0.));
#7569 = ( GEOMETRIC_REPRESENTATION_CONTEXT(2) 
PARAMETRIC_REPRESENTATION_CONTEXT() REPRESENTATION_CONTEXT('2D SPACE',''
  ) );
#7570 = PCURVE('',#7095,#7571);
#7571 = DEFINITIONAL_REPRESENTATION('',(#7572),#7576);
#7572 = LINE('',#7573,#7574);
#7573 = CARTESIAN_POINT('',(0.53033008589,0.53033008589));
#7574 = VECTOR('',#7575,1.);
#7575 = DIRECTION('',(-0.707106781187,0.707106781187));
#7576 = ( GEOMETRIC_REPRESENTATION_CONTEXT(2) 
PARAMETRIC_REPRESENTATION_CONTEXT() REPRESENTATION_CONTEXT('2D SPACE',''
  ) );
#7577 = ORIENTED_EDGE('',*,*,#7578,.F.);
#7578 = EDGE_CURVE('',#7219,#7556,#7579,.T.);
#7579 = SURFACE_CURVE('',#7580,(#7584,#7591),.PCURVE_S1.);
#7580 = LINE('',#7581,#7582);
#7581 = CARTESIAN_POINT('',(-41.,-9.369164850722,-8.308504678942));
#7582 = VECTOR('',#7583,1.);
#7583 = DIRECTION('',(1.,0.,0.));
#7584 = PCURVE('',#7124,#7585);
#7585 = DEFINITIONAL_REPRESENTATION('',(#7586),#7590);
#7586 = LINE('',#7587,#7588);
#7587 = CARTESIAN_POINT('',(12.5,0.));
#7588 = VECTOR('',#7589,1.);
#7589 = DIRECTION('',(0.,-1.));
#7590 = ( GEOMETRIC_REPRESENTATION_CONTEXT(2) 
PARAMETRIC_REPRESENTATION_CONTEXT() REPRESENTATION_CONTEXT('2D SPACE',''
  ) );
#7591 = PCURVE('',#7257,#7592);
#7592 = DEFINITIONAL_REPRESENTATION('',(#7593),#7597);
#7593 = LINE('',#7594,#7595);
#7594 = CARTESIAN_POINT('',(0.,0.));
#7595 = VECTOR('',#7596,1.);
#7596 = DIRECTION('',(0.,-1.));
#7597 = ( GEOMETRIC_REPRESENTATION_CONTEXT(2) 
PARAMETRIC_REPRESENTATION_CONTEXT() REPRESENTATION_CONTEXT('2D SPACE',''
  ) );
#7598 = ADVANCED_FACE('',(#7599,#7938),#7095,.T.);
#7599 = FACE_BOUND('',#7600,.T.);
#7600 = EDGE_LOOP('',(#7601,#7631,#7654,#7677,#7698,#7699,#7700,#7723,
    #7746,#7774,#7797,#7820,#7843,#7871,#7894,#7917));
#7601 = ORIENTED_EDGE('',*,*,#7602,.F.);
#7602 = EDGE_CURVE('',#7603,#7605,#7607,.T.);
#7603 = VERTEX_POINT('',#7604);
#7604 = CARTESIAN_POINT('',(-29.,-2.607145013613,3.667805185393));
#7605 = VERTEX_POINT('',#7606);
#7606 = CARTESIAN_POINT('',(-29.,2.607145013613,3.667805185393));
#7607 = SURFACE_CURVE('',#7608,(#7613,#7624),.PCURVE_S1.);
#7608 = CIRCLE('',#7609,4.5);
#7609 = AXIS2_PLACEMENT_3D('',#7610,#7611,#7612);
#7610 = CARTESIAN_POINT('',(-29.,0.,0.));
#7611 = DIRECTION('',(-1.,0.,0.));
#7612 = DIRECTION('',(0.,-0.579365558581,0.815067818976));
#7613 = PCURVE('',#7095,#7614);
#7614 = DEFINITIONAL_REPRESENTATION('',(#7615),#7623);
#7615 = ( BOUNDED_CURVE() B_SPLINE_CURVE(2,(#7616,#7617,#7618,#7619,
#7620,#7621,#7622),.UNSPECIFIED.,.T.,.F.) B_SPLINE_CURVE_WITH_KNOTS((1,2
    ,2,2,2,1),(-2.094395102393,0.,2.094395102393,4.188790204786,
6.28318530718,8.377580409573),.UNSPECIFIED.) CURVE() 
GEOMETRIC_REPRESENTATION_ITEM() RATIONAL_B_SPLINE_CURVE((1.,0.5,1.,0.5,
1.,0.5,1.)) REPRESENTATION_ITEM('') );
#7616 = CARTESIAN_POINT('',(3.667805185393,2.607145013613));
#7617 = CARTESIAN_POINT('',(8.18351281167,-3.745679919752));
#7618 = CARTESIAN_POINT('',(0.423951220442,-4.479984973489));
#7619 = CARTESIAN_POINT('',(-7.335610370785,-5.214290027226));
#7620 = CARTESIAN_POINT('',(-4.091756405835,1.872839959876));
#7621 = CARTESIAN_POINT('',(-0.847902440885,8.959969946978));
#7622 = CARTESIAN_POINT('',(3.667805185393,2.607145013613));
#7623 = ( GEOMETRIC_REPRESENTATION_CONTEXT(2) 
PARAMETRIC_REPRESENTATION_CONTEXT() REPRESENTATION_CONTEXT('2D SPACE',''
  ) );
#7624 = PCURVE('',#7538,#7625);
#7625 = DEFINITIONAL_REPRESENTATION('',(#7626),#7630);
#7626 = LINE('',#7627,#7628);
#7627 = CARTESIAN_POINT('',(-8.471931718152,-12.));
#7628 = VECTOR('',#7629,1.);
#7629 = DIRECTION('',(1.,-0.));
#7630 = ( GEOMETRIC_REPRESENTATION_CONTEXT(2) 
PARAMETRIC_REPRESENTATION_CONTEXT() REPRESENTATION_CONTEXT('2D SPACE',''
  ) );
#7631 = ORIENTED_EDGE('',*,*,#7632,.T.);
#7632 = EDGE_CURVE('',#7603,#7633,#7635,.T.);
#7633 = VERTEX_POINT('',#7634);
#7634 = CARTESIAN_POINT('',(-29.,-8.308504678942,9.369164850722));
#7635 = SURFACE_CURVE('',#7636,(#7640,#7647),.PCURVE_S1.);
#7636 = LINE('',#7637,#7638);
#7637 = CARTESIAN_POINT('',(-29.,0.53033008589,0.53033008589));
#7638 = VECTOR('',#7639,1.);
#7639 = DIRECTION('',(0.,-0.707106781187,0.707106781187));
#7640 = PCURVE('',#7095,#7641);
#7641 = DEFINITIONAL_REPRESENTATION('',(#7642),#7646);
#7642 = LINE('',#7643,#7644);
#7643 = CARTESIAN_POINT('',(0.53033008589,-0.53033008589));
#7644 = VECTOR('',#7645,1.);
#7645 = DIRECTION('',(0.707106781187,0.707106781187));
#7646 = ( GEOMETRIC_REPRESENTATION_CONTEXT(2) 
PARAMETRIC_REPRESENTATION_CONTEXT() REPRESENTATION_CONTEXT('2D SPACE',''
  ) );
#7647 = PCURVE('',#7156,#7648);
#7648 = DEFINITIONAL_REPRESENTATION('',(#7649),#7653);
#7649 = LINE('',#7650,#7651);
#7650 = CARTESIAN_POINT('',(0.,-12.));
#7651 = VECTOR('',#7652,1.);
#7652 = DIRECTION('',(1.,0.));
#7653 = ( GEOMETRIC_REPRESENTATION_CONTEXT(2) 
PARAMETRIC_REPRESENTATION_CONTEXT() REPRESENTATION_CONTEXT('2D SPACE',''
  ) );
#7654 = ORIENTED_EDGE('',*,*,#7655,.T.);
#7655 = EDGE_CURVE('',#7633,#7656,#7658,.T.);
#7656 = VERTEX_POINT('',#7657);
#7657 = CARTESIAN_POINT('',(-29.,-9.369164850722,8.308504678942));
#7658 = SURFACE_CURVE('',#7659,(#7663,#7670),.PCURVE_S1.);
#7659 = LINE('',#7660,#7661);
#7660 = CARTESIAN_POINT('',(-29.,-8.308504678942,9.369164850722));
#7661 = VECTOR('',#7662,1.);
#7662 = DIRECTION('',(0.,-0.707106781187,-0.707106781187));
#7663 = PCURVE('',#7095,#7664);
#7664 = DEFINITIONAL_REPRESENTATION('',(#7665),#7669);
#7665 = LINE('',#7666,#7667);
#7666 = CARTESIAN_POINT('',(9.369164850722,8.308504678942));
#7667 = VECTOR('',#7668,1.);
#7668 = DIRECTION('',(-0.707106781187,0.707106781187));
#7669 = ( GEOMETRIC_REPRESENTATION_CONTEXT(2) 
PARAMETRIC_REPRESENTATION_CONTEXT() REPRESENTATION_CONTEXT('2D SPACE',''
  ) );
#7670 = PCURVE('',#7184,#7671);
#7671 = DEFINITIONAL_REPRESENTATION('',(#7672),#7676);
#7672 = LINE('',#7673,#7674);
#7673 = CARTESIAN_POINT('',(0.,-12.));
#7674 = VECTOR('',#7675,1.);
#7675 = DIRECTION('',(1.,0.));
#7676 = ( GEOMETRIC_REPRESENTATION_CONTEXT(2) 
PARAMETRIC_REPRESENTATION_CONTEXT() REPRESENTATION_CONTEXT('2D SPACE',''
  ) );
#7677 = ORIENTED_EDGE('',*,*,#7678,.T.);
#7678 = EDGE_CURVE('',#7656,#7053,#7679,.T.);
#7679 = SURFACE_CURVE('',#7680,(#7684,#7691),.PCURVE_S1.);
#7680 = LINE('',#7681,#7682);
#7681 = CARTESIAN_POINT('',(-29.,-9.369164850722,8.308504678942));
#7682 = VECTOR('',#7683,1.);
#7683 = DIRECTION('',(0.,0.707106781187,-0.707106781187));
#7684 = PCURVE('',#7095,#7685);
#7685 = DEFINITIONAL_REPRESENTATION('',(#7686),#7690);
#7686 = LINE('',#7687,#7688);
#7687 = CARTESIAN_POINT('',(8.308504678942,9.369164850722));
#7688 = VECTOR('',#7689,1.);
#7689 = DIRECTION('',(-0.707106781187,-0.707106781187));
#7690 = ( GEOMETRIC_REPRESENTATION_CONTEXT(2) 
PARAMETRIC_REPRESENTATION_CONTEXT() REPRESENTATION_CONTEXT('2D SPACE',''
  ) );
#7691 = PCURVE('',#7067,#7692);
#7692 = DEFINITIONAL_REPRESENTATION('',(#7693),#7697);
#7693 = LINE('',#7694,#7695);
#7694 = CARTESIAN_POINT('',(0.,-12.));
#7695 = VECTOR('',#7696,1.);
#7696 = DIRECTION('',(1.,0.));
#7697 = ( GEOMETRIC_REPRESENTATION_CONTEXT(2) 
PARAMETRIC_REPRESENTATION_CONTEXT() REPRESENTATION_CONTEXT('2D SPACE',''
  ) );
#7698 = ORIENTED_EDGE('',*,*,#7078,.F.);
#7699 = ORIENTED_EDGE('',*,*,#7555,.T.);
#7700 = ORIENTED_EDGE('',*,*,#7701,.T.);
#7701 = EDGE_CURVE('',#7556,#7702,#7704,.T.);
#7702 = VERTEX_POINT('',#7703);
#7703 = CARTESIAN_POINT('',(-29.,-8.308504678942,-9.369164850722));
#7704 = SURFACE_CURVE('',#7705,(#7709,#7716),.PCURVE_S1.);
#7705 = LINE('',#7706,#7707);
#7706 = CARTESIAN_POINT('',(-29.,-9.369164850722,-8.308504678942));
#7707 = VECTOR('',#7708,1.);
#7708 = DIRECTION('',(0.,0.707106781187,-0.707106781187));
#7709 = PCURVE('',#7095,#7710);
#7710 = DEFINITIONAL_REPRESENTATION('',(#7711),#7715);
#7711 = LINE('',#7712,#7713);
#7712 = CARTESIAN_POINT('',(-8.308504678942,9.369164850722));
#7713 = VECTOR('',#7714,1.);
#7714 = DIRECTION('',(-0.707106781187,-0.707106781187));
#7715 = ( GEOMETRIC_REPRESENTATION_CONTEXT(2) 
PARAMETRIC_REPRESENTATION_CONTEXT() REPRESENTATION_CONTEXT('2D SPACE',''
  ) );
#7716 = PCURVE('',#7257,#7717);
#7717 = DEFINITIONAL_REPRESENTATION('',(#7718),#7722);
#7718 = LINE('',#7719,#7720);
#7719 = CARTESIAN_POINT('',(0.,-12.));
#7720 = VECTOR('',#7721,1.);
#7721 = DIRECTION('',(1.,0.));
#7722 = ( GEOMETRIC_REPRESENTATION_CONTEXT(2) 
PARAMETRIC_REPRESENTATION_CONTEXT() REPRESENTATION_CONTEXT('2D SPACE',''
  ) );
#7723 = ORIENTED_EDGE('',*,*,#7724,.T.);
#7724 = EDGE_CURVE('',#7702,#7725,#7727,.T.);
#7725 = VERTEX_POINT('',#7726);
#7726 = CARTESIAN_POINT('',(-29.,-2.607145013613,-3.667805185393));
#7727 = SURFACE_CURVE('',#7728,(#7732,#7739),.PCURVE_S1.);
#7728 = LINE('',#7729,#7730);
#7729 = CARTESIAN_POINT('',(-29.,-8.308504678942,-9.369164850722));
#7730 = VECTOR('',#7731,1.);
#7731 = DIRECTION('',(0.,0.707106781187,0.707106781187));
#7732 = PCURVE('',#7095,#7733);
#7733 = DEFINITIONAL_REPRESENTATION('',(#7734),#7738);
#7734 = LINE('',#7735,#7736);
#7735 = CARTESIAN_POINT('',(-9.369164850722,8.308504678942));
#7736 = VECTOR('',#7737,1.);
#7737 = DIRECTION('',(0.707106781187,-0.707106781187));
#7738 = ( GEOMETRIC_REPRESENTATION_CONTEXT(2) 
PARAMETRIC_REPRESENTATION_CONTEXT() REPRESENTATION_CONTEXT('2D SPACE',''
  ) );
#7739 = PCURVE('',#7285,#7740);
#7740 = DEFINITIONAL_REPRESENTATION('',(#7741),#7745);
#7741 = LINE('',#7742,#7743);
#7742 = CARTESIAN_POINT('',(0.,-12.));
#7743 = VECTOR('',#7744,1.);
#7744 = DIRECTION('',(1.,0.));
#7745 = ( GEOMETRIC_REPRESENTATION_CONTEXT(2) 
PARAMETRIC_REPRESENTATION_CONTEXT() REPRESENTATION_CONTEXT('2D SPACE',''
  ) );
#7746 = ORIENTED_EDGE('',*,*,#7747,.F.);
#7747 = EDGE_CURVE('',#7748,#7725,#7750,.T.);
#7748 = VERTEX_POINT('',#7749);
#7749 = CARTESIAN_POINT('',(-29.,2.607145013613,-3.667805185393));
#7750 = SURFACE_CURVE('',#7751,(#7756,#7767),.PCURVE_S1.);
#7751 = CIRCLE('',#7752,4.5);
#7752 = AXIS2_PLACEMENT_3D('',#7753,#7754,#7755);
#7753 = CARTESIAN_POINT('',(-29.,0.,0.));
#7754 = DIRECTION('',(-1.,0.,0.));
#7755 = DIRECTION('',(0.,-0.579365558581,0.815067818976));
#7756 = PCURVE('',#7095,#7757);
#7757 = DEFINITIONAL_REPRESENTATION('',(#7758),#7766);
#7758 = ( BOUNDED_CURVE() B_SPLINE_CURVE(2,(#7759,#7760,#7761,#7762,
#7763,#7764,#7765),.UNSPECIFIED.,.T.,.F.) B_SPLINE_CURVE_WITH_KNOTS((1,2
    ,2,2,2,1),(-2.094395102393,0.,2.094395102393,4.188790204786,
6.28318530718,8.377580409573),.UNSPECIFIED.) CURVE() 
GEOMETRIC_REPRESENTATION_ITEM() RATIONAL_B_SPLINE_CURVE((1.,0.5,1.,0.5,
1.,0.5,1.)) REPRESENTATION_ITEM('') );
#7759 = CARTESIAN_POINT('',(3.667805185393,2.607145013613));
#7760 = CARTESIAN_POINT('',(8.18351281167,-3.745679919752));
#7761 = CARTESIAN_POINT('',(0.423951220442,-4.479984973489));
#7762 = CARTESIAN_POINT('',(-7.335610370785,-5.214290027226));
#7763 = CARTESIAN_POINT('',(-4.091756405835,1.872839959876));
#7764 = CARTESIAN_POINT('',(-0.847902440885,8.959969946978));
#7765 = CARTESIAN_POINT('',(3.667805185393,2.607145013613));
#7766 = ( GEOMETRIC_REPRESENTATION_CONTEXT(2) 
PARAMETRIC_REPRESENTATION_CONTEXT() REPRESENTATION_CONTEXT('2D SPACE',''
  ) );
#7767 = PCURVE('',#7314,#7768);
#7768 = DEFINITIONAL_REPRESENTATION('',(#7769),#7773);
#7769 = LINE('',#7770,#7771);
#7770 = CARTESIAN_POINT('',(-8.471931718152,-12.));
#7771 = VECTOR('',#7772,1.);
#7772 = DIRECTION('',(1.,-0.));
#7773 = ( GEOMETRIC_REPRESENTATION_CONTEXT(2) 
PARAMETRIC_REPRESENTATION_CONTEXT() REPRESENTATION_CONTEXT('2D SPACE',''
  ) );
#7774 = ORIENTED_EDGE('',*,*,#7775,.T.);
#7775 = EDGE_CURVE('',#7748,#7776,#7778,.T.);
#7776 = VERTEX_POINT('',#7777);
#7777 = CARTESIAN_POINT('',(-29.,8.308504678942,-9.369164850722));
#7778 = SURFACE_CURVE('',#7779,(#7783,#7790),.PCURVE_S1.);
#7779 = LINE('',#7780,#7781);
#7780 = CARTESIAN_POINT('',(-29.,-0.53033008589,-0.53033008589));
#7781 = VECTOR('',#7782,1.);
#7782 = DIRECTION('',(0.,0.707106781187,-0.707106781187));
#7783 = PCURVE('',#7095,#7784);
#7784 = DEFINITIONAL_REPRESENTATION('',(#7785),#7789);
#7785 = LINE('',#7786,#7787);
#7786 = CARTESIAN_POINT('',(-0.53033008589,0.53033008589));
#7787 = VECTOR('',#7788,1.);
#7788 = DIRECTION('',(-0.707106781187,-0.707106781187));
#7789 = ( GEOMETRIC_REPRESENTATION_CONTEXT(2) 
PARAMETRIC_REPRESENTATION_CONTEXT() REPRESENTATION_CONTEXT('2D SPACE',''
  ) );
#7790 = PCURVE('',#7342,#7791);
#7791 = DEFINITIONAL_REPRESENTATION('',(#7792),#7796);
#7792 = LINE('',#7793,#7794);
#7793 = CARTESIAN_POINT('',(0.,-12.));
#7794 = VECTOR('',#7795,1.);
#7795 = DIRECTION('',(1.,0.));
#7796 = ( GEOMETRIC_REPRESENTATION_CONTEXT(2) 
PARAMETRIC_REPRESENTATION_CONTEXT() REPRESENTATION_CONTEXT('2D SPACE',''
  ) );
#7797 = ORIENTED_EDGE('',*,*,#7798,.T.);
#7798 = EDGE_CURVE('',#7776,#7799,#7801,.T.);
#7799 = VERTEX_POINT('',#7800);
#7800 = CARTESIAN_POINT('',(-29.,9.369164850722,-8.308504678942));
#7801 = SURFACE_CURVE('',#7802,(#7806,#7813),.PCURVE_S1.);
#7802 = LINE('',#7803,#7804);
#7803 = CARTESIAN_POINT('',(-29.,8.308504678942,-9.369164850722));
#7804 = VECTOR('',#7805,1.);
#7805 = DIRECTION('',(0.,0.707106781187,0.707106781187));
#7806 = PCURVE('',#7095,#7807);
#7807 = DEFINITIONAL_REPRESENTATION('',(#7808),#7812);
#7808 = LINE('',#7809,#7810);
#7809 = CARTESIAN_POINT('',(-9.369164850722,-8.308504678942));
#7810 = VECTOR('',#7811,1.);
#7811 = DIRECTION('',(0.707106781187,-0.707106781187));
#7812 = ( GEOMETRIC_REPRESENTATION_CONTEXT(2) 
PARAMETRIC_REPRESENTATION_CONTEXT() REPRESENTATION_CONTEXT('2D SPACE',''
  ) );
#7813 = PCURVE('',#7370,#7814);
#7814 = DEFINITIONAL_REPRESENTATION('',(#7815),#7819);
#7815 = LINE('',#7816,#7817);
#7816 = CARTESIAN_POINT('',(0.,-12.));
#7817 = VECTOR('',#7818,1.);
#7818 = DIRECTION('',(1.,0.));
#7819 = ( GEOMETRIC_REPRESENTATION_CONTEXT(2) 
PARAMETRIC_REPRESENTATION_CONTEXT() REPRESENTATION_CONTEXT('2D SPACE',''
  ) );
#7820 = ORIENTED_EDGE('',*,*,#7821,.T.);
#7821 = EDGE_CURVE('',#7799,#7822,#7824,.T.);
#7822 = VERTEX_POINT('',#7823);
#7823 = CARTESIAN_POINT('',(-29.,3.667805185393,-2.607145013613));
#7824 = SURFACE_CURVE('',#7825,(#7829,#7836),.PCURVE_S1.);
#7825 = LINE('',#7826,#7827);
#7826 = CARTESIAN_POINT('',(-29.,9.369164850722,-8.308504678942));
#7827 = VECTOR('',#7828,1.);
#7828 = DIRECTION('',(0.,-0.707106781187,0.707106781187));
#7829 = PCURVE('',#7095,#7830);
#7830 = DEFINITIONAL_REPRESENTATION('',(#7831),#7835);
#7831 = LINE('',#7832,#7833);
#7832 = CARTESIAN_POINT('',(-8.308504678942,-9.369164850722));
#7833 = VECTOR('',#7834,1.);
#7834 = DIRECTION('',(0.707106781187,0.707106781187));
#7835 = ( GEOMETRIC_REPRESENTATION_CONTEXT(2) 
PARAMETRIC_REPRESENTATION_CONTEXT() REPRESENTATION_CONTEXT('2D SPACE',''
  ) );
#7836 = PCURVE('',#7398,#7837);
#7837 = DEFINITIONAL_REPRESENTATION('',(#7838),#7842);
#7838 = LINE('',#7839,#7840);
#7839 = CARTESIAN_POINT('',(0.,-12.));
#7840 = VECTOR('',#7841,1.);
#7841 = DIRECTION('',(1.,0.));
#7842 = ( GEOMETRIC_REPRESENTATION_CONTEXT(2) 
PARAMETRIC_REPRESENTATION_CONTEXT() REPRESENTATION_CONTEXT('2D SPACE',''
  ) );
#7843 = ORIENTED_EDGE('',*,*,#7844,.F.);
#7844 = EDGE_CURVE('',#7845,#7822,#7847,.T.);
#7845 = VERTEX_POINT('',#7846);
#7846 = CARTESIAN_POINT('',(-29.,3.667805185393,2.607145013613));
#7847 = SURFACE_CURVE('',#7848,(#7853,#7864),.PCURVE_S1.);
#7848 = CIRCLE('',#7849,4.5);
#7849 = AXIS2_PLACEMENT_3D('',#7850,#7851,#7852);
#7850 = CARTESIAN_POINT('',(-29.,0.,0.));
#7851 = DIRECTION('',(-1.,0.,0.));
#7852 = DIRECTION('',(0.,-0.579365558581,0.815067818976));
#7853 = PCURVE('',#7095,#7854);
#7854 = DEFINITIONAL_REPRESENTATION('',(#7855),#7863);
#7855 = ( BOUNDED_CURVE() B_SPLINE_CURVE(2,(#7856,#7857,#7858,#7859,
#7860,#7861,#7862),.UNSPECIFIED.,.T.,.F.) B_SPLINE_CURVE_WITH_KNOTS((1,2
    ,2,2,2,1),(-2.094395102393,0.,2.094395102393,4.188790204786,
6.28318530718,8.377580409573),.UNSPECIFIED.) CURVE() 
GEOMETRIC_REPRESENTATION_ITEM() RATIONAL_B_SPLINE_CURVE((1.,0.5,1.,0.5,
1.,0.5,1.)) REPRESENTATION_ITEM('') );
#7856 = CARTESIAN_POINT('',(3.667805185393,2.607145013613));
#7857 = CARTESIAN_POINT('',(8.18351281167,-3.745679919752));
#7858 = CARTESIAN_POINT('',(0.423951220442,-4.479984973489));
#7859 = CARTESIAN_POINT('',(-7.335610370785,-5.214290027226));
#7860 = CARTESIAN_POINT('',(-4.091756405835,1.872839959876));
#7861 = CARTESIAN_POINT('',(-0.847902440885,8.959969946978));
#7862 = CARTESIAN_POINT('',(3.667805185393,2.607145013613));
#7863 = ( GEOMETRIC_REPRESENTATION_CONTEXT(2) 
PARAMETRIC_REPRESENTATION_CONTEXT() REPRESENTATION_CONTEXT('2D SPACE',''
  ) );
#7864 = PCURVE('',#7427,#7865);
#7865 = DEFINITIONAL_REPRESENTATION('',(#7866),#7870);
#7866 = LINE('',#7867,#7868);
#7867 = CARTESIAN_POINT('',(-8.471931718152,-12.));
#7868 = VECTOR('',#7869,1.);
#7869 = DIRECTION('',(1.,-0.));
#7870 = ( GEOMETRIC_REPRESENTATION_CONTEXT(2) 
PARAMETRIC_REPRESENTATION_CONTEXT() REPRESENTATION_CONTEXT('2D SPACE',''
  ) );
#7871 = ORIENTED_EDGE('',*,*,#7872,.T.);
#7872 = EDGE_CURVE('',#7845,#7873,#7875,.T.);
#7873 = VERTEX_POINT('',#7874);
#7874 = CARTESIAN_POINT('',(-29.,9.369164850722,8.308504678942));
#7875 = SURFACE_CURVE('',#7876,(#7880,#7887),.PCURVE_S1.);
#7876 = LINE('',#7877,#7878);
#7877 = CARTESIAN_POINT('',(-29.,0.53033008589,-0.53033008589));
#7878 = VECTOR('',#7879,1.);
#7879 = DIRECTION('',(0.,0.707106781187,0.707106781187));
#7880 = PCURVE('',#7095,#7881);
#7881 = DEFINITIONAL_REPRESENTATION('',(#7882),#7886);
#7882 = LINE('',#7883,#7884);
#7883 = CARTESIAN_POINT('',(-0.53033008589,-0.53033008589));
#7884 = VECTOR('',#7885,1.);
#7885 = DIRECTION('',(0.707106781187,-0.707106781187));
#7886 = ( GEOMETRIC_REPRESENTATION_CONTEXT(2) 
PARAMETRIC_REPRESENTATION_CONTEXT() REPRESENTATION_CONTEXT('2D SPACE',''
  ) );
#7887 = PCURVE('',#7455,#7888);
#7888 = DEFINITIONAL_REPRESENTATION('',(#7889),#7893);
#7889 = LINE('',#7890,#7891);
#7890 = CARTESIAN_POINT('',(0.,-12.));
#7891 = VECTOR('',#7892,1.);
#7892 = DIRECTION('',(1.,0.));
#7893 = ( GEOMETRIC_REPRESENTATION_CONTEXT(2) 
PARAMETRIC_REPRESENTATION_CONTEXT() REPRESENTATION_CONTEXT('2D SPACE',''
  ) );
#7894 = ORIENTED_EDGE('',*,*,#7895,.T.);
#7895 = EDGE_CURVE('',#7873,#7896,#7898,.T.);
#7896 = VERTEX_POINT('',#7897);
#7897 = CARTESIAN_POINT('',(-29.,8.308504678942,9.369164850722));
#7898 = SURFACE_CURVE('',#7899,(#7903,#7910),.PCURVE_S1.);
#7899 = LINE('',#7900,#7901);
#7900 = CARTESIAN_POINT('',(-29.,9.369164850722,8.308504678942));
#7901 = VECTOR('',#7902,1.);
#7902 = DIRECTION('',(0.,-0.707106781187,0.707106781187));
#7903 = PCURVE('',#7095,#7904);
#7904 = DEFINITIONAL_REPRESENTATION('',(#7905),#7909);
#7905 = LINE('',#7906,#7907);
#7906 = CARTESIAN_POINT('',(8.308504678942,-9.369164850722));
#7907 = VECTOR('',#7908,1.);
#7908 = DIRECTION('',(0.707106781187,0.707106781187));
#7909 = ( GEOMETRIC_REPRESENTATION_CONTEXT(2) 
PARAMETRIC_REPRESENTATION_CONTEXT() REPRESENTATION_CONTEXT('2D SPACE',''
  ) );
#7910 = PCURVE('',#7483,#7911);
#7911 = DEFINITIONAL_REPRESENTATION('',(#7912),#7916);
#7912 = LINE('',#7913,#7914);
#7913 = CARTESIAN_POINT('',(0.,-12.));
#7914 = VECTOR('',#7915,1.);
#7915 = DIRECTION('',(1.,0.));
#7916 = ( GEOMETRIC_REPRESENTATION_CONTEXT(2) 
PARAMETRIC_REPRESENTATION_CONTEXT() REPRESENTATION_CONTEXT('2D SPACE',''
  ) );
#7917 = ORIENTED_EDGE('',*,*,#7918,.T.);
#7918 = EDGE_CURVE('',#7896,#7605,#7919,.T.);
#7919 = SURFACE_CURVE('',#7920,(#7924,#7931),.PCURVE_S1.);
#7920 = LINE('',#7921,#7922);
#7921 = CARTESIAN_POINT('',(-29.,8.308504678942,9.369164850722));
#7922 = VECTOR('',#7923,1.);
#7923 = DIRECTION('',(0.,-0.707106781187,-0.707106781187));
#7924 = PCURVE('',#7095,#7925);
#7925 = DEFINITIONAL_REPRESENTATION('',(#7926),#7930);
#7926 = LINE('',#7927,#7928);
#7927 = CARTESIAN_POINT('',(9.369164850722,-8.308504678942));
#7928 = VECTOR('',#7929,1.);
#7929 = DIRECTION('',(-0.707106781187,0.707106781187));
#7930 = ( GEOMETRIC_REPRESENTATION_CONTEXT(2) 
PARAMETRIC_REPRESENTATION_CONTEXT() REPRESENTATION_CONTEXT('2D SPACE',''
  ) );
#7931 = PCURVE('',#7511,#7932);
#7932 = DEFINITIONAL_REPRESENTATION('',(#7933),#7937);
#7933 = LINE('',#7934,#7935);
#7934 = CARTESIAN_POINT('',(0.,-12.));
#7935 = VECTOR('',#7936,1.);
#7936 = DIRECTION('',(1.,0.));
#7937 = ( GEOMETRIC_REPRESENTATION_CONTEXT(2) 
PARAMETRIC_REPRESENTATION_CONTEXT() REPRESENTATION_CONTEXT('2D SPACE',''
  ) );
#7938 = FACE_BOUND('',#7939,.T.);
#7939 = EDGE_LOOP('',(#7940));
#7940 = ORIENTED_EDGE('',*,*,#7941,.T.);
#7941 = EDGE_CURVE('',#7942,#7942,#7944,.T.);
#7942 = VERTEX_POINT('',#7943);
#7943 = CARTESIAN_POINT('',(-29.,1.5,0.));
#7944 = SURFACE_CURVE('',#7945,(#7950,#7961),.PCURVE_S1.);
#7945 = CIRCLE('',#7946,1.5);
#7946 = AXIS2_PLACEMENT_3D('',#7947,#7948,#7949);
#7947 = CARTESIAN_POINT('',(-29.,0.,0.));
#7948 = DIRECTION('',(-1.,0.,0.));
#7949 = DIRECTION('',(0.,1.,0.));
#7950 = PCURVE('',#7095,#7951);
#7951 = DEFINITIONAL_REPRESENTATION('',(#7952),#7960);
#7952 = ( BOUNDED_CURVE() B_SPLINE_CURVE(2,(#7953,#7954,#7955,#7956,
#7957,#7958,#7959),.UNSPECIFIED.,.T.,.F.) B_SPLINE_CURVE_WITH_KNOTS((1,2
    ,2,2,2,1),(-2.094395102393,0.,2.094395102393,4.188790204786,
6.28318530718,8.377580409573),.UNSPECIFIED.) CURVE() 
GEOMETRIC_REPRESENTATION_ITEM() RATIONAL_B_SPLINE_CURVE((1.,0.5,1.,0.5,
1.,0.5,1.)) REPRESENTATION_ITEM('') );
#7953 = CARTESIAN_POINT('',(-1.201785651367E-16,-1.5));
#7954 = CARTESIAN_POINT('',(-2.598076211353,-1.5));
#7955 = CARTESIAN_POINT('',(-1.299038105677,0.75));
#7956 = CARTESIAN_POINT('',(-4.875726048809E-16,3.));
#7957 = CARTESIAN_POINT('',(1.299038105677,0.75));
#7958 = CARTESIAN_POINT('',(2.598076211353,-1.5));
#7959 = CARTESIAN_POINT('',(-1.201785651367E-16,-1.5));
#7960 = ( GEOMETRIC_REPRESENTATION_CONTEXT(2) 
PARAMETRIC_REPRESENTATION_CONTEXT() REPRESENTATION_CONTEXT('2D SPACE',''
  ) );
#7961 = PCURVE('',#7962,#7967);
#7962 = CYLINDRICAL_SURFACE('',#7963,1.5);
#7963 = AXIS2_PLACEMENT_3D('',#7964,#7965,#7966);
#7964 = CARTESIAN_POINT('',(-35.,0.,0.));
#7965 = DIRECTION('',(-1.,-0.,-0.));
#7966 = DIRECTION('',(0.,1.,0.));
#7967 = DEFINITIONAL_REPRESENTATION('',(#7968),#7972);
#7968 = LINE('',#7969,#7970);
#7969 = CARTESIAN_POINT('',(-6.28318530718,-6.));
#7970 = VECTOR('',#7971,1.);
#7971 = DIRECTION('',(1.,-0.));
#7972 = ( GEOMETRIC_REPRESENTATION_CONTEXT(2) 
PARAMETRIC_REPRESENTATION_CONTEXT() REPRESENTATION_CONTEXT('2D SPACE',''
  ) );
#7973 = ADVANCED_FACE('',(#7974),#7067,.F.);
#7974 = FACE_BOUND('',#7975,.F.);
#7975 = EDGE_LOOP('',(#7976,#7977,#7998,#7999));
#7976 = ORIENTED_EDGE('',*,*,#7196,.F.);
#7977 = ORIENTED_EDGE('',*,*,#7978,.T.);
#7978 = EDGE_CURVE('',#7169,#7656,#7979,.T.);
#7979 = SURFACE_CURVE('',#7980,(#7984,#7991),.PCURVE_S1.);
#7980 = LINE('',#7981,#7982);
#7981 = CARTESIAN_POINT('',(-41.,-9.369164850722,8.308504678942));
#7982 = VECTOR('',#7983,1.);
#7983 = DIRECTION('',(1.,0.,0.));
#7984 = PCURVE('',#7067,#7985);
#7985 = DEFINITIONAL_REPRESENTATION('',(#7986),#7990);
#7986 = LINE('',#7987,#7988);
#7987 = CARTESIAN_POINT('',(0.,0.));
#7988 = VECTOR('',#7989,1.);
#7989 = DIRECTION('',(0.,-1.));
#7990 = ( GEOMETRIC_REPRESENTATION_CONTEXT(2) 
PARAMETRIC_REPRESENTATION_CONTEXT() REPRESENTATION_CONTEXT('2D SPACE',''
  ) );
#7991 = PCURVE('',#7184,#7992);
#7992 = DEFINITIONAL_REPRESENTATION('',(#7993),#7997);
#7993 = LINE('',#7994,#7995);
#7994 = CARTESIAN_POINT('',(1.5,0.));
#7995 = VECTOR('',#7996,1.);
#7996 = DIRECTION('',(0.,-1.));
#7997 = ( GEOMETRIC_REPRESENTATION_CONTEXT(2) 
PARAMETRIC_REPRESENTATION_CONTEXT() REPRESENTATION_CONTEXT('2D SPACE',''
  ) );
#7998 = ORIENTED_EDGE('',*,*,#7678,.T.);
#7999 = ORIENTED_EDGE('',*,*,#7052,.T.);
#8000 = ADVANCED_FACE('',(#8001),#7156,.F.);
#8001 = FACE_BOUND('',#8002,.F.);
#8002 = EDGE_LOOP('',(#8003,#8004,#8023,#8024));
#8003 = ORIENTED_EDGE('',*,*,#7138,.F.);
#8004 = ORIENTED_EDGE('',*,*,#8005,.F.);
#8005 = EDGE_CURVE('',#7603,#7139,#8006,.T.);
#8006 = SURFACE_CURVE('',#8007,(#8011,#8017),.PCURVE_S1.);
#8007 = LINE('',#8008,#8009);
#8008 = CARTESIAN_POINT('',(-41.,-2.607145013613,3.667805185393));
#8009 = VECTOR('',#8010,1.);
#8010 = DIRECTION('',(-1.,-0.,-0.));
#8011 = PCURVE('',#7156,#8012);
#8012 = DEFINITIONAL_REPRESENTATION('',(#8013),#8016);
#8013 = B_SPLINE_CURVE_WITH_KNOTS('',1,(#8014,#8015),.UNSPECIFIED.,.F.,
  .F.,(2,2),(-12.0000006,5.999999999062E-07),.PIECEWISE_BEZIER_KNOTS.);
#8014 = CARTESIAN_POINT('',(4.437059837325,-12.0000006));
#8015 = CARTESIAN_POINT('',(4.437059837325,5.999999999062E-07));
#8016 = ( GEOMETRIC_REPRESENTATION_CONTEXT(2) 
PARAMETRIC_REPRESENTATION_CONTEXT() REPRESENTATION_CONTEXT('2D SPACE',''
  ) );
#8017 = PCURVE('',#7538,#8018);
#8018 = DEFINITIONAL_REPRESENTATION('',(#8019),#8022);
#8019 = B_SPLINE_CURVE_WITH_KNOTS('',1,(#8020,#8021),.UNSPECIFIED.,.F.,
  .F.,(2,2),(-12.,0.),.PIECEWISE_BEZIER_KNOTS.);
#8020 = CARTESIAN_POINT('',(-8.471931718152,-12.));
#8021 = CARTESIAN_POINT('',(-8.471931718152,0.));
#8022 = ( GEOMETRIC_REPRESENTATION_CONTEXT(2) 
PARAMETRIC_REPRESENTATION_CONTEXT() REPRESENTATION_CONTEXT('2D SPACE',''
  ) );
#8023 = ORIENTED_EDGE('',*,*,#7632,.T.);
#8024 = ORIENTED_EDGE('',*,*,#8025,.F.);
#8025 = EDGE_CURVE('',#7141,#7633,#8026,.T.);
#8026 = SURFACE_CURVE('',#8027,(#8031,#8038),.PCURVE_S1.);
#8027 = LINE('',#8028,#8029);
#8028 = CARTESIAN_POINT('',(-41.,-8.308504678942,9.369164850722));
#8029 = VECTOR('',#8030,1.);
#8030 = DIRECTION('',(1.,0.,0.));
#8031 = PCURVE('',#7156,#8032);
#8032 = DEFINITIONAL_REPRESENTATION('',(#8033),#8037);
#8033 = LINE('',#8034,#8035);
#8034 = CARTESIAN_POINT('',(12.5,0.));
#8035 = VECTOR('',#8036,1.);
#8036 = DIRECTION('',(0.,-1.));
#8037 = ( GEOMETRIC_REPRESENTATION_CONTEXT(2) 
PARAMETRIC_REPRESENTATION_CONTEXT() REPRESENTATION_CONTEXT('2D SPACE',''
  ) );
#8038 = PCURVE('',#7184,#8039);
#8039 = DEFINITIONAL_REPRESENTATION('',(#8040),#8044);
#8040 = LINE('',#8041,#8042);
#8041 = CARTESIAN_POINT('',(0.,0.));
#8042 = VECTOR('',#8043,1.);
#8043 = DIRECTION('',(0.,-1.));
#8044 = ( GEOMETRIC_REPRESENTATION_CONTEXT(2) 
PARAMETRIC_REPRESENTATION_CONTEXT() REPRESENTATION_CONTEXT('2D SPACE',''
  ) );
#8045 = ADVANCED_FACE('',(#8046),#7184,.F.);
#8046 = FACE_BOUND('',#8047,.F.);
#8047 = EDGE_LOOP('',(#8048,#8049,#8050,#8051));
#8048 = ORIENTED_EDGE('',*,*,#8025,.T.);
#8049 = ORIENTED_EDGE('',*,*,#7655,.T.);
#8050 = ORIENTED_EDGE('',*,*,#7978,.F.);
#8051 = ORIENTED_EDGE('',*,*,#7168,.F.);
#8052 = ADVANCED_FACE('',(#8053),#7257,.F.);
#8053 = FACE_BOUND('',#8054,.F.);
#8054 = EDGE_LOOP('',(#8055,#8056,#8057,#8078));
#8055 = ORIENTED_EDGE('',*,*,#7578,.T.);
#8056 = ORIENTED_EDGE('',*,*,#7701,.T.);
#8057 = ORIENTED_EDGE('',*,*,#8058,.F.);
#8058 = EDGE_CURVE('',#7242,#7702,#8059,.T.);
#8059 = SURFACE_CURVE('',#8060,(#8064,#8071),.PCURVE_S1.);
#8060 = LINE('',#8061,#8062);
#8061 = CARTESIAN_POINT('',(-41.,-8.308504678942,-9.369164850722));
#8062 = VECTOR('',#8063,1.);
#8063 = DIRECTION('',(1.,0.,0.));
#8064 = PCURVE('',#7257,#8065);
#8065 = DEFINITIONAL_REPRESENTATION('',(#8066),#8070);
#8066 = LINE('',#8067,#8068);
#8067 = CARTESIAN_POINT('',(1.5,0.));
#8068 = VECTOR('',#8069,1.);
#8069 = DIRECTION('',(0.,-1.));
#8070 = ( GEOMETRIC_REPRESENTATION_CONTEXT(2) 
PARAMETRIC_REPRESENTATION_CONTEXT() REPRESENTATION_CONTEXT('2D SPACE',''
  ) );
#8071 = PCURVE('',#7285,#8072);
#8072 = DEFINITIONAL_REPRESENTATION('',(#8073),#8077);
#8073 = LINE('',#8074,#8075);
#8074 = CARTESIAN_POINT('',(0.,0.));
#8075 = VECTOR('',#8076,1.);
#8076 = DIRECTION('',(0.,-1.));
#8077 = ( GEOMETRIC_REPRESENTATION_CONTEXT(2) 
PARAMETRIC_REPRESENTATION_CONTEXT() REPRESENTATION_CONTEXT('2D SPACE',''
  ) );
#8078 = ORIENTED_EDGE('',*,*,#7241,.F.);
#8079 = ADVANCED_FACE('',(#8080),#7285,.F.);
#8080 = FACE_BOUND('',#8081,.F.);
#8081 = EDGE_LOOP('',(#8082,#8083,#8084,#8085));
#8082 = ORIENTED_EDGE('',*,*,#7269,.F.);
#8083 = ORIENTED_EDGE('',*,*,#8058,.T.);
#8084 = ORIENTED_EDGE('',*,*,#7724,.T.);
#8085 = ORIENTED_EDGE('',*,*,#8086,.T.);
#8086 = EDGE_CURVE('',#7725,#7270,#8087,.T.);
#8087 = SURFACE_CURVE('',#8088,(#8092,#8098),.PCURVE_S1.);
#8088 = LINE('',#8089,#8090);
#8089 = CARTESIAN_POINT('',(-41.,-2.607145013613,-3.667805185393));
#8090 = VECTOR('',#8091,1.);
#8091 = DIRECTION('',(-1.,-0.,-0.));
#8092 = PCURVE('',#7285,#8093);
#8093 = DEFINITIONAL_REPRESENTATION('',(#8094),#8097);
#8094 = B_SPLINE_CURVE_WITH_KNOTS('',1,(#8095,#8096),.UNSPECIFIED.,.F.,
  .F.,(2,2),(-12.0000006,5.999999999062E-07),.PIECEWISE_BEZIER_KNOTS.);
#8095 = CARTESIAN_POINT('',(8.062940162675,-12.0000006));
#8096 = CARTESIAN_POINT('',(8.062940162675,5.999999999062E-07));
#8097 = ( GEOMETRIC_REPRESENTATION_CONTEXT(2) 
PARAMETRIC_REPRESENTATION_CONTEXT() REPRESENTATION_CONTEXT('2D SPACE',''
  ) );
#8098 = PCURVE('',#7314,#8099);
#8099 = DEFINITIONAL_REPRESENTATION('',(#8100),#8103);
#8100 = B_SPLINE_CURVE_WITH_KNOTS('',1,(#8101,#8102),.UNSPECIFIED.,.F.,
  .F.,(2,2),(-12.0000006,5.999999999062E-07),.PIECEWISE_BEZIER_KNOTS.);
#8101 = CARTESIAN_POINT('',(-4.094438896207,-12.0000006));
#8102 = CARTESIAN_POINT('',(-4.094438896207,5.999999999062E-07));
#8103 = ( GEOMETRIC_REPRESENTATION_CONTEXT(2) 
PARAMETRIC_REPRESENTATION_CONTEXT() REPRESENTATION_CONTEXT('2D SPACE',''
  ) );
#8104 = ADVANCED_FACE('',(#8105),#7314,.T.);
#8105 = FACE_BOUND('',#8106,.F.);
#8106 = EDGE_LOOP('',(#8107,#8108,#8109,#8110));
#8107 = ORIENTED_EDGE('',*,*,#7297,.F.);
#8108 = ORIENTED_EDGE('',*,*,#8086,.F.);
#8109 = ORIENTED_EDGE('',*,*,#7747,.F.);
#8110 = ORIENTED_EDGE('',*,*,#8111,.T.);
#8111 = EDGE_CURVE('',#7748,#7298,#8112,.T.);
#8112 = SURFACE_CURVE('',#8113,(#8117,#8123),.PCURVE_S1.);
#8113 = LINE('',#8114,#8115);
#8114 = CARTESIAN_POINT('',(-41.,2.607145013613,-3.667805185393));
#8115 = VECTOR('',#8116,1.);
#8116 = DIRECTION('',(-1.,-0.,-0.));
#8117 = PCURVE('',#7314,#8118);
#8118 = DEFINITIONAL_REPRESENTATION('',(#8119),#8122);
#8119 = B_SPLINE_CURVE_WITH_KNOTS('',1,(#8120,#8121),.UNSPECIFIED.,.F.,
  .F.,(2,2),(-12.0000006,5.999999999062E-07),.PIECEWISE_BEZIER_KNOTS.);
#8120 = CARTESIAN_POINT('',(-5.330339064562,-12.0000006));
#8121 = CARTESIAN_POINT('',(-5.330339064562,5.999999999062E-07));
#8122 = ( GEOMETRIC_REPRESENTATION_CONTEXT(2) 
PARAMETRIC_REPRESENTATION_CONTEXT() REPRESENTATION_CONTEXT('2D SPACE',''
  ) );
#8123 = PCURVE('',#7342,#8124);
#8124 = DEFINITIONAL_REPRESENTATION('',(#8125),#8128);
#8125 = B_SPLINE_CURVE_WITH_KNOTS('',1,(#8126,#8127),.UNSPECIFIED.,.F.,
  .F.,(2,2),(-12.0000006,5.999999999062E-07),.PIECEWISE_BEZIER_KNOTS.);
#8126 = CARTESIAN_POINT('',(4.437059837325,-12.0000006));
#8127 = CARTESIAN_POINT('',(4.437059837325,5.999999999062E-07));
#8128 = ( GEOMETRIC_REPRESENTATION_CONTEXT(2) 
PARAMETRIC_REPRESENTATION_CONTEXT() REPRESENTATION_CONTEXT('2D SPACE',''
  ) );
#8129 = ADVANCED_FACE('',(#8130),#7342,.F.);
#8130 = FACE_BOUND('',#8131,.F.);
#8131 = EDGE_LOOP('',(#8132,#8133,#8134,#8135));
#8132 = ORIENTED_EDGE('',*,*,#7326,.F.);
#8133 = ORIENTED_EDGE('',*,*,#8111,.F.);
#8134 = ORIENTED_EDGE('',*,*,#7775,.T.);
#8135 = ORIENTED_EDGE('',*,*,#8136,.F.);
#8136 = EDGE_CURVE('',#7327,#7776,#8137,.T.);
#8137 = SURFACE_CURVE('',#8138,(#8142,#8149),.PCURVE_S1.);
#8138 = LINE('',#8139,#8140);
#8139 = CARTESIAN_POINT('',(-41.,8.308504678942,-9.369164850722));
#8140 = VECTOR('',#8141,1.);
#8141 = DIRECTION('',(1.,0.,0.));
#8142 = PCURVE('',#7342,#8143);
#8143 = DEFINITIONAL_REPRESENTATION('',(#8144),#8148);
#8144 = LINE('',#8145,#8146);
#8145 = CARTESIAN_POINT('',(12.5,0.));
#8146 = VECTOR('',#8147,1.);
#8147 = DIRECTION('',(0.,-1.));
#8148 = ( GEOMETRIC_REPRESENTATION_CONTEXT(2) 
PARAMETRIC_REPRESENTATION_CONTEXT() REPRESENTATION_CONTEXT('2D SPACE',''
  ) );
#8149 = PCURVE('',#7370,#8150);
#8150 = DEFINITIONAL_REPRESENTATION('',(#8151),#8155);
#8151 = LINE('',#8152,#8153);
#8152 = CARTESIAN_POINT('',(0.,0.));
#8153 = VECTOR('',#8154,1.);
#8154 = DIRECTION('',(0.,-1.));
#8155 = ( GEOMETRIC_REPRESENTATION_CONTEXT(2) 
PARAMETRIC_REPRESENTATION_CONTEXT() REPRESENTATION_CONTEXT('2D SPACE',''
  ) );
#8156 = ADVANCED_FACE('',(#8157),#7370,.F.);
#8157 = FACE_BOUND('',#8158,.F.);
#8158 = EDGE_LOOP('',(#8159,#8160,#8161,#8182));
#8159 = ORIENTED_EDGE('',*,*,#8136,.T.);
#8160 = ORIENTED_EDGE('',*,*,#7798,.T.);
#8161 = ORIENTED_EDGE('',*,*,#8162,.F.);
#8162 = EDGE_CURVE('',#7355,#7799,#8163,.T.);
#8163 = SURFACE_CURVE('',#8164,(#8168,#8175),.PCURVE_S1.);
#8164 = LINE('',#8165,#8166);
#8165 = CARTESIAN_POINT('',(-41.,9.369164850722,-8.308504678942));
#8166 = VECTOR('',#8167,1.);
#8167 = DIRECTION('',(1.,0.,0.));
#8168 = PCURVE('',#7370,#8169);
#8169 = DEFINITIONAL_REPRESENTATION('',(#8170),#8174);
#8170 = LINE('',#8171,#8172);
#8171 = CARTESIAN_POINT('',(1.5,0.));
#8172 = VECTOR('',#8173,1.);
#8173 = DIRECTION('',(0.,-1.));
#8174 = ( GEOMETRIC_REPRESENTATION_CONTEXT(2) 
PARAMETRIC_REPRESENTATION_CONTEXT() REPRESENTATION_CONTEXT('2D SPACE',''
  ) );
#8175 = PCURVE('',#7398,#8176);
#8176 = DEFINITIONAL_REPRESENTATION('',(#8177),#8181);
#8177 = LINE('',#8178,#8179);
#8178 = CARTESIAN_POINT('',(0.,0.));
#8179 = VECTOR('',#8180,1.);
#8180 = DIRECTION('',(0.,-1.));
#8181 = ( GEOMETRIC_REPRESENTATION_CONTEXT(2) 
PARAMETRIC_REPRESENTATION_CONTEXT() REPRESENTATION_CONTEXT('2D SPACE',''
  ) );
#8182 = ORIENTED_EDGE('',*,*,#7354,.F.);
#8183 = ADVANCED_FACE('',(#8184),#7398,.F.);
#8184 = FACE_BOUND('',#8185,.F.);
#8185 = EDGE_LOOP('',(#8186,#8187,#8188,#8189));
#8186 = ORIENTED_EDGE('',*,*,#7382,.F.);
#8187 = ORIENTED_EDGE('',*,*,#8162,.T.);
#8188 = ORIENTED_EDGE('',*,*,#7821,.T.);
#8189 = ORIENTED_EDGE('',*,*,#8190,.T.);
#8190 = EDGE_CURVE('',#7822,#7383,#8191,.T.);
#8191 = SURFACE_CURVE('',#8192,(#8196,#8202),.PCURVE_S1.);
#8192 = LINE('',#8193,#8194);
#8193 = CARTESIAN_POINT('',(-41.,3.667805185393,-2.607145013613));
#8194 = VECTOR('',#8195,1.);
#8195 = DIRECTION('',(-1.,-0.,-0.));
#8196 = PCURVE('',#7398,#8197);
#8197 = DEFINITIONAL_REPRESENTATION('',(#8198),#8201);
#8198 = B_SPLINE_CURVE_WITH_KNOTS('',1,(#8199,#8200),.UNSPECIFIED.,.F.,
  .F.,(2,2),(-12.0000006,5.999999999062E-07),.PIECEWISE_BEZIER_KNOTS.);
#8199 = CARTESIAN_POINT('',(8.062940162675,-12.0000006));
#8200 = CARTESIAN_POINT('',(8.062940162675,5.999999999062E-07));
#8201 = ( GEOMETRIC_REPRESENTATION_CONTEXT(2) 
PARAMETRIC_REPRESENTATION_CONTEXT() REPRESENTATION_CONTEXT('2D SPACE',''
  ) );
#8202 = PCURVE('',#7427,#8203);
#8203 = DEFINITIONAL_REPRESENTATION('',(#8204),#8207);
#8204 = B_SPLINE_CURVE_WITH_KNOTS('',1,(#8205,#8206),.UNSPECIFIED.,.F.,
  .F.,(2,2),(-12.0000006,5.999999999062E-07),.PIECEWISE_BEZIER_KNOTS.);
#8205 = CARTESIAN_POINT('',(-5.665235223002,-12.0000006));
#8206 = CARTESIAN_POINT('',(-5.665235223002,5.999999999062E-07));
#8207 = ( GEOMETRIC_REPRESENTATION_CONTEXT(2) 
PARAMETRIC_REPRESENTATION_CONTEXT() REPRESENTATION_CONTEXT('2D SPACE',''
  ) );
#8208 = ADVANCED_FACE('',(#8209),#7427,.T.);
#8209 = FACE_BOUND('',#8210,.F.);
#8210 = EDGE_LOOP('',(#8211,#8212,#8213,#8214));
#8211 = ORIENTED_EDGE('',*,*,#7410,.F.);
#8212 = ORIENTED_EDGE('',*,*,#8190,.F.);
#8213 = ORIENTED_EDGE('',*,*,#7844,.F.);
#8214 = ORIENTED_EDGE('',*,*,#8215,.T.);
#8215 = EDGE_CURVE('',#7845,#7411,#8216,.T.);
#8216 = SURFACE_CURVE('',#8217,(#8221,#8227),.PCURVE_S1.);
#8217 = LINE('',#8218,#8219);
#8218 = CARTESIAN_POINT('',(-41.,3.667805185393,2.607145013613));
#8219 = VECTOR('',#8220,1.);
#8220 = DIRECTION('',(-1.,-0.,-0.));
#8221 = PCURVE('',#7427,#8222);
#8222 = DEFINITIONAL_REPRESENTATION('',(#8223),#8226);
#8223 = B_SPLINE_CURVE_WITH_KNOTS('',1,(#8224,#8225),.UNSPECIFIED.,.F.,
  .F.,(2,2),(-12.0000006,5.999999999062E-07),.PIECEWISE_BEZIER_KNOTS.);
#8224 = CARTESIAN_POINT('',(-6.901135391357,-12.0000006));
#8225 = CARTESIAN_POINT('',(-6.901135391357,5.999999999062E-07));
#8226 = ( GEOMETRIC_REPRESENTATION_CONTEXT(2) 
PARAMETRIC_REPRESENTATION_CONTEXT() REPRESENTATION_CONTEXT('2D SPACE',''
  ) );
#8227 = PCURVE('',#7455,#8228);
#8228 = DEFINITIONAL_REPRESENTATION('',(#8229),#8232);
#8229 = B_SPLINE_CURVE_WITH_KNOTS('',1,(#8230,#8231),.UNSPECIFIED.,.F.,
  .F.,(2,2),(-12.0000006,5.999999999062E-07),.PIECEWISE_BEZIER_KNOTS.);
#8230 = CARTESIAN_POINT('',(4.437059837325,-12.0000006));
#8231 = CARTESIAN_POINT('',(4.437059837325,5.999999999062E-07));
#8232 = ( GEOMETRIC_REPRESENTATION_CONTEXT(2) 
PARAMETRIC_REPRESENTATION_CONTEXT() REPRESENTATION_CONTEXT('2D SPACE',''
  ) );
#8233 = ADVANCED_FACE('',(#8234),#7455,.F.);
#8234 = FACE_BOUND('',#8235,.F.);
#8235 = EDGE_LOOP('',(#8236,#8237,#8238,#8239));
#8236 = ORIENTED_EDGE('',*,*,#7439,.F.);
#8237 = ORIENTED_EDGE('',*,*,#8215,.F.);
#8238 = ORIENTED_EDGE('',*,*,#7872,.T.);
#8239 = ORIENTED_EDGE('',*,*,#8240,.F.);
#8240 = EDGE_CURVE('',#7440,#7873,#8241,.T.);
#8241 = SURFACE_CURVE('',#8242,(#8246,#8253),.PCURVE_S1.);
#8242 = LINE('',#8243,#8244);
#8243 = CARTESIAN_POINT('',(-41.,9.369164850722,8.308504678942));
#8244 = VECTOR('',#8245,1.);
#8245 = DIRECTION('',(1.,0.,0.));
#8246 = PCURVE('',#7455,#8247);
#8247 = DEFINITIONAL_REPRESENTATION('',(#8248),#8252);
#8248 = LINE('',#8249,#8250);
#8249 = CARTESIAN_POINT('',(12.5,0.));
#8250 = VECTOR('',#8251,1.);
#8251 = DIRECTION('',(0.,-1.));
#8252 = ( GEOMETRIC_REPRESENTATION_CONTEXT(2) 
PARAMETRIC_REPRESENTATION_CONTEXT() REPRESENTATION_CONTEXT('2D SPACE',''
  ) );
#8253 = PCURVE('',#7483,#8254);
#8254 = DEFINITIONAL_REPRESENTATION('',(#8255),#8259);
#8255 = LINE('',#8256,#8257);
#8256 = CARTESIAN_POINT('',(0.,0.));
#8257 = VECTOR('',#8258,1.);
#8258 = DIRECTION('',(0.,-1.));
#8259 = ( GEOMETRIC_REPRESENTATION_CONTEXT(2) 
PARAMETRIC_REPRESENTATION_CONTEXT() REPRESENTATION_CONTEXT('2D SPACE',''
  ) );
#8260 = ADVANCED_FACE('',(#8261),#7483,.F.);
#8261 = FACE_BOUND('',#8262,.F.);
#8262 = EDGE_LOOP('',(#8263,#8264,#8265,#8286));
#8263 = ORIENTED_EDGE('',*,*,#8240,.T.);
#8264 = ORIENTED_EDGE('',*,*,#7895,.T.);
#8265 = ORIENTED_EDGE('',*,*,#8266,.F.);
#8266 = EDGE_CURVE('',#7468,#7896,#8267,.T.);
#8267 = SURFACE_CURVE('',#8268,(#8272,#8279),.PCURVE_S1.);
#8268 = LINE('',#8269,#8270);
#8269 = CARTESIAN_POINT('',(-41.,8.308504678942,9.369164850722));
#8270 = VECTOR('',#8271,1.);
#8271 = DIRECTION('',(1.,0.,0.));
#8272 = PCURVE('',#7483,#8273);
#8273 = DEFINITIONAL_REPRESENTATION('',(#8274),#8278);
#8274 = LINE('',#8275,#8276);
#8275 = CARTESIAN_POINT('',(1.5,0.));
#8276 = VECTOR('',#8277,1.);
#8277 = DIRECTION('',(0.,-1.));
#8278 = ( GEOMETRIC_REPRESENTATION_CONTEXT(2) 
PARAMETRIC_REPRESENTATION_CONTEXT() REPRESENTATION_CONTEXT('2D SPACE',''
  ) );
#8279 = PCURVE('',#7511,#8280);
#8280 = DEFINITIONAL_REPRESENTATION('',(#8281),#8285);
#8281 = LINE('',#8282,#8283);
#8282 = CARTESIAN_POINT('',(0.,0.));
#8283 = VECTOR('',#8284,1.);
#8284 = DIRECTION('',(0.,-1.));
#8285 = ( GEOMETRIC_REPRESENTATION_CONTEXT(2) 
PARAMETRIC_REPRESENTATION_CONTEXT() REPRESENTATION_CONTEXT('2D SPACE',''
  ) );
#8286 = ORIENTED_EDGE('',*,*,#7467,.F.);
#8287 = ADVANCED_FACE('',(#8288),#7511,.F.);
#8288 = FACE_BOUND('',#8289,.F.);
#8289 = EDGE_LOOP('',(#8290,#8291,#8292,#8293));
#8290 = ORIENTED_EDGE('',*,*,#7495,.F.);
#8291 = ORIENTED_EDGE('',*,*,#8266,.T.);
#8292 = ORIENTED_EDGE('',*,*,#7918,.T.);
#8293 = ORIENTED_EDGE('',*,*,#8294,.T.);
#8294 = EDGE_CURVE('',#7605,#7496,#8295,.T.);
#8295 = SURFACE_CURVE('',#8296,(#8300,#8306),.PCURVE_S1.);
#8296 = LINE('',#8297,#8298);
#8297 = CARTESIAN_POINT('',(-41.,2.607145013613,3.667805185393));
#8298 = VECTOR('',#8299,1.);
#8299 = DIRECTION('',(-1.,-0.,-0.));
#8300 = PCURVE('',#7511,#8301);
#8301 = DEFINITIONAL_REPRESENTATION('',(#8302),#8305);
#8302 = B_SPLINE_CURVE_WITH_KNOTS('',1,(#8303,#8304),.UNSPECIFIED.,.F.,
  .F.,(2,2),(-12.0000006,5.999999999062E-07),.PIECEWISE_BEZIER_KNOTS.);
#8303 = CARTESIAN_POINT('',(8.062940162675,-12.0000006));
#8304 = CARTESIAN_POINT('',(8.062940162675,5.999999999062E-07));
#8305 = ( GEOMETRIC_REPRESENTATION_CONTEXT(2) 
PARAMETRIC_REPRESENTATION_CONTEXT() REPRESENTATION_CONTEXT('2D SPACE',''
  ) );
#8306 = PCURVE('',#7538,#8307);
#8307 = DEFINITIONAL_REPRESENTATION('',(#8308),#8311);
#8308 = B_SPLINE_CURVE_WITH_KNOTS('',1,(#8309,#8310),.UNSPECIFIED.,.F.,
  .F.,(2,2),(-12.0000006,5.999999999062E-07),.PIECEWISE_BEZIER_KNOTS.);
#8309 = CARTESIAN_POINT('',(-7.236031549797,-12.0000006));
#8310 = CARTESIAN_POINT('',(-7.236031549797,5.999999999062E-07));
#8311 = ( GEOMETRIC_REPRESENTATION_CONTEXT(2) 
PARAMETRIC_REPRESENTATION_CONTEXT() REPRESENTATION_CONTEXT('2D SPACE',''
  ) );
#8312 = ADVANCED_FACE('',(#8313),#7538,.T.);
#8313 = FACE_BOUND('',#8314,.F.);
#8314 = EDGE_LOOP('',(#8315,#8316,#8317,#8318));
#8315 = ORIENTED_EDGE('',*,*,#7523,.F.);
#8316 = ORIENTED_EDGE('',*,*,#8294,.F.);
#8317 = ORIENTED_EDGE('',*,*,#7602,.F.);
#8318 = ORIENTED_EDGE('',*,*,#8005,.T.);
#8319 = ADVANCED_FACE('',(#8320),#7962,.T.);
#8320 = FACE_BOUND('',#8321,.F.);
#8321 = EDGE_LOOP('',(#8322,#8323,#8346,#8377));
#8322 = ORIENTED_EDGE('',*,*,#7941,.T.);
#8323 = ORIENTED_EDGE('',*,*,#8324,.T.);
#8324 = EDGE_CURVE('',#7942,#8325,#8327,.T.);
#8325 = VERTEX_POINT('',#8326);
#8326 = CARTESIAN_POINT('',(-9.,1.5,0.));
#8327 = SEAM_CURVE('',#8328,(#8332,#8339),.PCURVE_S1.);
#8328 = LINE('',#8329,#8330);
#8329 = CARTESIAN_POINT('',(-35.,1.5,0.));
#8330 = VECTOR('',#8331,1.);
#8331 = DIRECTION('',(1.,0.,0.));
#8332 = PCURVE('',#7962,#8333);
#8333 = DEFINITIONAL_REPRESENTATION('',(#8334),#8338);
#8334 = LINE('',#8335,#8336);
#8335 = CARTESIAN_POINT('',(-6.28318530718,0.));
#8336 = VECTOR('',#8337,1.);
#8337 = DIRECTION('',(-0.,-1.));
#8338 = ( GEOMETRIC_REPRESENTATION_CONTEXT(2) 
PARAMETRIC_REPRESENTATION_CONTEXT() REPRESENTATION_CONTEXT('2D SPACE',''
  ) );
#8339 = PCURVE('',#7962,#8340);
#8340 = DEFINITIONAL_REPRESENTATION('',(#8341),#8345);
#8341 = LINE('',#8342,#8343);
#8342 = CARTESIAN_POINT('',(-0.,0.));
#8343 = VECTOR('',#8344,1.);
#8344 = DIRECTION('',(-0.,-1.));
#8345 = ( GEOMETRIC_REPRESENTATION_CONTEXT(2) 
PARAMETRIC_REPRESENTATION_CONTEXT() REPRESENTATION_CONTEXT('2D SPACE',''
  ) );
#8346 = ORIENTED_EDGE('',*,*,#8347,.F.);
#8347 = EDGE_CURVE('',#8325,#8325,#8348,.T.);
#8348 = SURFACE_CURVE('',#8349,(#8354,#8361),.PCURVE_S1.);
#8349 = CIRCLE('',#8350,1.5);
#8350 = AXIS2_PLACEMENT_3D('',#8351,#8352,#8353);
#8351 = CARTESIAN_POINT('',(-9.,0.,0.));
#8352 = DIRECTION('',(-1.,0.,0.));
#8353 = DIRECTION('',(0.,1.,0.));
#8354 = PCURVE('',#7962,#8355);
#8355 = DEFINITIONAL_REPRESENTATION('',(#8356),#8360);
#8356 = LINE('',#8357,#8358);
#8357 = CARTESIAN_POINT('',(-6.28318530718,-26.));
#8358 = VECTOR('',#8359,1.);
#8359 = DIRECTION('',(1.,-0.));
#8360 = ( GEOMETRIC_REPRESENTATION_CONTEXT(2) 
PARAMETRIC_REPRESENTATION_CONTEXT() REPRESENTATION_CONTEXT('2D SPACE',''
  ) );
#8361 = PCURVE('',#8362,#8367);
#8362 = PLANE('',#8363);
#8363 = AXIS2_PLACEMENT_3D('',#8364,#8365,#8366);
#8364 = CARTESIAN_POINT('',(-9.,-1.519377925044E-16,1.201785651367E-16)
  );
#8365 = DIRECTION('',(1.,0.,0.));
#8366 = DIRECTION('',(-0.,0.,1.));
#8367 = DEFINITIONAL_REPRESENTATION('',(#8368),#8376);
#8368 = ( BOUNDED_CURVE() B_SPLINE_CURVE(2,(#8369,#8370,#8371,#8372,
#8373,#8374,#8375),.UNSPECIFIED.,.T.,.F.) B_SPLINE_CURVE_WITH_KNOTS((1,2
    ,2,2,2,1),(-2.094395102393,0.,2.094395102393,4.188790204786,
6.28318530718,8.377580409573),.UNSPECIFIED.) CURVE() 
GEOMETRIC_REPRESENTATION_ITEM() RATIONAL_B_SPLINE_CURVE((1.,0.5,1.,0.5,
1.,0.5,1.)) REPRESENTATION_ITEM('') );
#8369 = CARTESIAN_POINT('',(-1.201785651367E-16,-1.5));
#8370 = CARTESIAN_POINT('',(-2.598076211353,-1.5));
#8371 = CARTESIAN_POINT('',(-1.299038105677,0.75));
#8372 = CARTESIAN_POINT('',(-4.875726048809E-16,3.));
#8373 = CARTESIAN_POINT('',(1.299038105677,0.75));
#8374 = CARTESIAN_POINT('',(2.598076211353,-1.5));
#8375 = CARTESIAN_POINT('',(-1.201785651367E-16,-1.5));
#8376 = ( GEOMETRIC_REPRESENTATION_CONTEXT(2) 
PARAMETRIC_REPRESENTATION_CONTEXT() REPRESENTATION_CONTEXT('2D SPACE',''
  ) );
#8377 = ORIENTED_EDGE('',*,*,#8324,.F.);
#8378 = ADVANCED_FACE('',(#8379,#8410),#8362,.F.);
#8379 = FACE_BOUND('',#8380,.F.);
#8380 = EDGE_LOOP('',(#8381));
#8381 = ORIENTED_EDGE('',*,*,#8382,.T.);
#8382 = EDGE_CURVE('',#8383,#8383,#8385,.T.);
#8383 = VERTEX_POINT('',#8384);
#8384 = CARTESIAN_POINT('',(-9.,4.5,0.));
#8385 = SURFACE_CURVE('',#8386,(#8391,#8398),.PCURVE_S1.);
#8386 = CIRCLE('',#8387,4.5);
#8387 = AXIS2_PLACEMENT_3D('',#8388,#8389,#8390);
#8388 = CARTESIAN_POINT('',(-9.,0.,0.));
#8389 = DIRECTION('',(1.,0.,0.));
#8390 = DIRECTION('',(0.,1.,0.));
#8391 = PCURVE('',#8362,#8392);
#8392 = DEFINITIONAL_REPRESENTATION('',(#8393),#8397);
#8393 = CIRCLE('',#8394,4.5);
#8394 = AXIS2_PLACEMENT_2D('',#8395,#8396);
#8395 = CARTESIAN_POINT('',(-1.201785651367E-16,-1.519377925044E-16));
#8396 = DIRECTION('',(0.,-1.));
#8397 = ( GEOMETRIC_REPRESENTATION_CONTEXT(2) 
PARAMETRIC_REPRESENTATION_CONTEXT() REPRESENTATION_CONTEXT('2D SPACE',''
  ) );
#8398 = PCURVE('',#8399,#8404);
#8399 = CYLINDRICAL_SURFACE('',#8400,4.5);
#8400 = AXIS2_PLACEMENT_3D('',#8401,#8402,#8403);
#8401 = CARTESIAN_POINT('',(-9.,0.,0.));
#8402 = DIRECTION('',(-1.,-0.,-0.));
#8403 = DIRECTION('',(0.,1.,0.));
#8404 = DEFINITIONAL_REPRESENTATION('',(#8405),#8409);
#8405 = LINE('',#8406,#8407);
#8406 = CARTESIAN_POINT('',(-0.,0.));
#8407 = VECTOR('',#8408,1.);
#8408 = DIRECTION('',(-1.,0.));
#8409 = ( GEOMETRIC_REPRESENTATION_CONTEXT(2) 
PARAMETRIC_REPRESENTATION_CONTEXT() REPRESENTATION_CONTEXT('2D SPACE',''
  ) );
#8410 = FACE_BOUND('',#8411,.F.);
#8411 = EDGE_LOOP('',(#8412));
#8412 = ORIENTED_EDGE('',*,*,#8347,.T.);
#8413 = ADVANCED_FACE('',(#8414,#8468,#8590,#8712,#8834,#8956,#9078),
  #8399,.T.);
#8414 = FACE_BOUND('',#8415,.F.);
#8415 = EDGE_LOOP('',(#8416,#8439,#8440,#8441));
#8416 = ORIENTED_EDGE('',*,*,#8417,.F.);
#8417 = EDGE_CURVE('',#8383,#8418,#8420,.T.);
#8418 = VERTEX_POINT('',#8419);
#8419 = CARTESIAN_POINT('',(9.,4.5,0.));
#8420 = SEAM_CURVE('',#8421,(#8425,#8432),.PCURVE_S1.);
#8421 = LINE('',#8422,#8423);
#8422 = CARTESIAN_POINT('',(-9.,4.5,0.));
#8423 = VECTOR('',#8424,1.);
#8424 = DIRECTION('',(1.,0.,0.));
#8425 = PCURVE('',#8399,#8426);
#8426 = DEFINITIONAL_REPRESENTATION('',(#8427),#8431);
#8427 = LINE('',#8428,#8429);
#8428 = CARTESIAN_POINT('',(-6.28318530718,0.));
#8429 = VECTOR('',#8430,1.);
#8430 = DIRECTION('',(-0.,-1.));
#8431 = ( GEOMETRIC_REPRESENTATION_CONTEXT(2) 
PARAMETRIC_REPRESENTATION_CONTEXT() REPRESENTATION_CONTEXT('2D SPACE',''
  ) );
#8432 = PCURVE('',#8399,#8433);
#8433 = DEFINITIONAL_REPRESENTATION('',(#8434),#8438);
#8434 = LINE('',#8435,#8436);
#8435 = CARTESIAN_POINT('',(-0.,0.));
#8436 = VECTOR('',#8437,1.);
#8437 = DIRECTION('',(-0.,-1.));
#8438 = ( GEOMETRIC_REPRESENTATION_CONTEXT(2) 
PARAMETRIC_REPRESENTATION_CONTEXT() REPRESENTATION_CONTEXT('2D SPACE',''
  ) );
#8439 = ORIENTED_EDGE('',*,*,#8382,.F.);
#8440 = ORIENTED_EDGE('',*,*,#8417,.T.);
#8441 = ORIENTED_EDGE('',*,*,#8442,.T.);
#8442 = EDGE_CURVE('',#8418,#8418,#8443,.T.);
#8443 = SURFACE_CURVE('',#8444,(#8449,#8456),.PCURVE_S1.);
#8444 = CIRCLE('',#8445,4.5);
#8445 = AXIS2_PLACEMENT_3D('',#8446,#8447,#8448);
#8446 = CARTESIAN_POINT('',(9.,0.,0.));
#8447 = DIRECTION('',(1.,0.,0.));
#8448 = DIRECTION('',(0.,1.,0.));
#8449 = PCURVE('',#8399,#8450);
#8450 = DEFINITIONAL_REPRESENTATION('',(#8451),#8455);
#8451 = LINE('',#8452,#8453);
#8452 = CARTESIAN_POINT('',(-0.,-18.));
#8453 = VECTOR('',#8454,1.);
#8454 = DIRECTION('',(-1.,0.));
#8455 = ( GEOMETRIC_REPRESENTATION_CONTEXT(2) 
PARAMETRIC_REPRESENTATION_CONTEXT() REPRESENTATION_CONTEXT('2D SPACE',''
  ) );
#8456 = PCURVE('',#8457,#8462);
#8457 = PLANE('',#8458);
#8458 = AXIS2_PLACEMENT_3D('',#8459,#8460,#8461);
#8459 = CARTESIAN_POINT('',(9.,-1.519377925044E-16,1.201785651367E-16));
#8460 = DIRECTION('',(1.,0.,0.));
#8461 = DIRECTION('',(-0.,0.,1.));
#8462 = DEFINITIONAL_REPRESENTATION('',(#8463),#8467);
#8463 = CIRCLE('',#8464,4.5);
#8464 = AXIS2_PLACEMENT_2D('',#8465,#8466);
#8465 = CARTESIAN_POINT('',(-1.201785651367E-16,-1.519377925044E-16));
#8466 = DIRECTION('',(0.,-1.));
#8467 = ( GEOMETRIC_REPRESENTATION_CONTEXT(2) 
PARAMETRIC_REPRESENTATION_CONTEXT() REPRESENTATION_CONTEXT('2D SPACE',''
  ) );
#8468 = FACE_BOUND('',#8469,.F.);
#8469 = EDGE_LOOP('',(#8470,#8498,#8532,#8558));
#8470 = ORIENTED_EDGE('',*,*,#8471,.F.);
#8471 = EDGE_CURVE('',#8472,#8474,#8476,.T.);
#8472 = VERTEX_POINT('',#8473);
#8473 = CARTESIAN_POINT('',(-2.370714214271,-2.061552812809,4.));
#8474 = VERTEX_POINT('',#8475);
#8475 = CARTESIAN_POINT('',(-4.770714214271,-2.061552812809,4.));
#8476 = SURFACE_CURVE('',#8477,(#8481,#8487),.PCURVE_S1.);
#8477 = LINE('',#8478,#8479);
#8478 = CARTESIAN_POINT('',(-9.,-2.061552812809,4.));
#8479 = VECTOR('',#8480,1.);
#8480 = DIRECTION('',(-1.,-0.,-0.));
#8481 = PCURVE('',#8399,#8482);
#8482 = DEFINITIONAL_REPRESENTATION('',(#8483),#8486);
#8483 = B_SPLINE_CURVE_WITH_KNOTS('',1,(#8484,#8485),.UNSPECIFIED.,.F.,
  .F.,(2,2),(-6.869285785729,-3.989285785729),.PIECEWISE_BEZIER_KNOTS.);
#8484 = CARTESIAN_POINT('',(-2.046678576455,-6.869285785729));
#8485 = CARTESIAN_POINT('',(-2.046678576455,-3.989285785729));
#8486 = ( GEOMETRIC_REPRESENTATION_CONTEXT(2) 
PARAMETRIC_REPRESENTATION_CONTEXT() REPRESENTATION_CONTEXT('2D SPACE',''
  ) );
#8487 = PCURVE('',#8488,#8493);
#8488 = PLANE('',#8489);
#8489 = AXIS2_PLACEMENT_3D('',#8490,#8491,#8492);
#8490 = CARTESIAN_POINT('',(-5.762177826491,-4.019615242271,4.));
#8491 = DIRECTION('',(0.,0.,1.));
#8492 = DIRECTION('',(-0.5,0.866025403784,0.));
#8493 = DEFINITIONAL_REPRESENTATION('',(#8494),#8497);
#8494 = B_SPLINE_CURVE_WITH_KNOTS('',1,(#8495,#8496),.UNSPECIFIED.,.F.,
  .F.,(2,2),(-6.869285785729,-3.989285785729),.PIECEWISE_BEZIER_KNOTS.);
#8495 = CARTESIAN_POINT('',(-0.12,-4.123970955832));
#8496 = CARTESIAN_POINT('',(1.32,-1.629817792933));
#8497 = ( GEOMETRIC_REPRESENTATION_CONTEXT(2) 
PARAMETRIC_REPRESENTATION_CONTEXT() REPRESENTATION_CONTEXT('2D SPACE',''
  ) );
#8498 = ORIENTED_EDGE('',*,*,#8499,.T.);
#8499 = EDGE_CURVE('',#8472,#8500,#8502,.T.);
#8500 = VERTEX_POINT('',#8501);
#8501 = CARTESIAN_POINT('',(4.770714214271,2.061552812809,4.));
#8502 = SURFACE_CURVE('',#8503,(#8508,#8520),.PCURVE_S1.);
#8503 = ELLIPSE('',#8504,9.,4.5);
#8504 = AXIS2_PLACEMENT_3D('',#8505,#8506,#8507);
#8505 = CARTESIAN_POINT('',(1.2,0.,0.));
#8506 = DIRECTION('',(-0.5,0.866025403784,0.));
#8507 = DIRECTION('',(-0.866025403784,-0.5,0.));
#8508 = PCURVE('',#8399,#8509);
#8509 = DEFINITIONAL_REPRESENTATION('',(#8510),#8519);
#8510 = B_SPLINE_CURVE_WITH_KNOTS('',7,(#8511,#8512,#8513,#8514,#8515,
    #8516,#8517,#8518),.UNSPECIFIED.,.F.,.F.,(8,8),(0.784775941015,
    2.356816712575),.PIECEWISE_BEZIER_KNOTS.);
#8511 = CARTESIAN_POINT('',(-2.356816712575,-4.685219859323));
#8512 = CARTESIAN_POINT('',(-2.132239459495,-5.922173755261));
#8513 = CARTESIAN_POINT('',(-1.907662206415,-7.483622185847));
#8514 = CARTESIAN_POINT('',(-1.683084953335,-9.267661450591));
#8515 = CARTESIAN_POINT('',(-1.458507700255,-11.13233854941));
#8516 = CARTESIAN_POINT('',(-1.233930447175,-12.91637781415));
#8517 = CARTESIAN_POINT('',(-1.009353194095,-14.47782624473));
#8518 = CARTESIAN_POINT('',(-0.784775941015,-15.71478014067));
#8519 = ( GEOMETRIC_REPRESENTATION_CONTEXT(2) 
PARAMETRIC_REPRESENTATION_CONTEXT() REPRESENTATION_CONTEXT('2D SPACE',''
  ) );
#8520 = PCURVE('',#8521,#8526);
#8521 = PLANE('',#8522);
#8522 = AXIS2_PLACEMENT_3D('',#8523,#8524,#8525);
#8523 = CARTESIAN_POINT('',(-5.762177826491,-4.019615242271,12.2));
#8524 = DIRECTION('',(-0.5,0.866025403784,0.));
#8525 = DIRECTION('',(0.,0.,-1.));
#8526 = DEFINITIONAL_REPRESENTATION('',(#8527),#8531);
#8527 = ELLIPSE('',#8528,9.,4.5);
#8528 = AXIS2_PLACEMENT_2D('',#8529,#8530);
#8529 = CARTESIAN_POINT('',(12.2,-8.039230484541));
#8530 = DIRECTION('',(-0.,1.));
#8531 = ( GEOMETRIC_REPRESENTATION_CONTEXT(2) 
PARAMETRIC_REPRESENTATION_CONTEXT() REPRESENTATION_CONTEXT('2D SPACE',''
  ) );
#8532 = ORIENTED_EDGE('',*,*,#8533,.T.);
#8533 = EDGE_CURVE('',#8500,#8534,#8536,.T.);
#8534 = VERTEX_POINT('',#8535);
#8535 = CARTESIAN_POINT('',(2.370714214271,2.061552812809,4.));
#8536 = SURFACE_CURVE('',#8537,(#8541,#8547),.PCURVE_S1.);
#8537 = LINE('',#8538,#8539);
#8538 = CARTESIAN_POINT('',(-9.,2.061552812809,4.));
#8539 = VECTOR('',#8540,1.);
#8540 = DIRECTION('',(-1.,-0.,-0.));
#8541 = PCURVE('',#8399,#8542);
#8542 = DEFINITIONAL_REPRESENTATION('',(#8543),#8546);
#8543 = B_SPLINE_CURVE_WITH_KNOTS('',1,(#8544,#8545),.UNSPECIFIED.,.F.,
  .F.,(2,2),(-14.01071421427,-11.13071421427),.PIECEWISE_BEZIER_KNOTS.);
#8544 = CARTESIAN_POINT('',(-1.094914077134,-14.01071421427));
#8545 = CARTESIAN_POINT('',(-1.094914077134,-11.13071421427));
#8546 = ( GEOMETRIC_REPRESENTATION_CONTEXT(2) 
PARAMETRIC_REPRESENTATION_CONTEXT() REPRESENTATION_CONTEXT('2D SPACE',''
  ) );
#8547 = PCURVE('',#8548,#8553);
#8548 = PLANE('',#8549);
#8549 = AXIS2_PLACEMENT_3D('',#8550,#8551,#8552);
#8550 = CARTESIAN_POINT('',(-5.762177826491,-4.019615242271,4.));
#8551 = DIRECTION('',(0.,0.,1.));
#8552 = DIRECTION('',(-0.5,0.866025403784,0.));
#8553 = DEFINITIONAL_REPRESENTATION('',(#8554),#8557);
#8554 = B_SPLINE_CURVE_WITH_KNOTS('',1,(#8555,#8556),.UNSPECIFIED.,.F.,
  .F.,(2,2),(-14.01071421427,-11.13071421427),.PIECEWISE_BEZIER_KNOTS.);
#8555 = CARTESIAN_POINT('',(-0.12,-12.37018220706));
#8556 = CARTESIAN_POINT('',(1.32,-9.876029044168));
#8557 = ( GEOMETRIC_REPRESENTATION_CONTEXT(2) 
PARAMETRIC_REPRESENTATION_CONTEXT() REPRESENTATION_CONTEXT('2D SPACE',''
  ) );
#8558 = ORIENTED_EDGE('',*,*,#8559,.T.);
#8559 = EDGE_CURVE('',#8534,#8474,#8560,.T.);
#8560 = SURFACE_CURVE('',#8561,(#8566,#8578),.PCURVE_S1.);
#8561 = ELLIPSE('',#8562,9.,4.5);
#8562 = AXIS2_PLACEMENT_3D('',#8563,#8564,#8565);
#8563 = CARTESIAN_POINT('',(-1.2,0.,0.));
#8564 = DIRECTION('',(0.5,-0.866025403784,0.));
#8565 = DIRECTION('',(-0.866025403784,-0.5,0.));
#8566 = PCURVE('',#8399,#8567);
#8567 = DEFINITIONAL_REPRESENTATION('',(#8568),#8577);
#8568 = B_SPLINE_CURVE_WITH_KNOTS('',7,(#8569,#8570,#8571,#8572,#8573,
    #8574,#8575,#8576),.UNSPECIFIED.,.F.,.F.,(8,8),(3.926368594604,
    5.498409366165),.PIECEWISE_BEZIER_KNOTS.);
#8569 = CARTESIAN_POINT('',(-0.784775941015,-13.31478014067));
#8570 = CARTESIAN_POINT('',(-1.009353194095,-12.07782624473));
#8571 = CARTESIAN_POINT('',(-1.233930447175,-10.51637781415));
#8572 = CARTESIAN_POINT('',(-1.458507700254,-8.732338549414));
#8573 = CARTESIAN_POINT('',(-1.683084953336,-6.867661450585));
#8574 = CARTESIAN_POINT('',(-1.907662206415,-5.083622185849));
#8575 = CARTESIAN_POINT('',(-2.132239459495,-3.522173755261));
#8576 = CARTESIAN_POINT('',(-2.356816712575,-2.285219859323));
#8577 = ( GEOMETRIC_REPRESENTATION_CONTEXT(2) 
PARAMETRIC_REPRESENTATION_CONTEXT() REPRESENTATION_CONTEXT('2D SPACE',''
  ) );
#8578 = PCURVE('',#8579,#8584);
#8579 = PLANE('',#8580);
#8580 = AXIS2_PLACEMENT_3D('',#8581,#8582,#8583);
#8581 = CARTESIAN_POINT('',(-6.362177826491,-2.980384757729,4.));
#8582 = DIRECTION('',(0.5,-0.866025403784,0.));
#8583 = DIRECTION('',(0.,0.,1.));
#8584 = DEFINITIONAL_REPRESENTATION('',(#8585),#8589);
#8585 = ELLIPSE('',#8586,9.,4.5);
#8586 = AXIS2_PLACEMENT_2D('',#8587,#8588);
#8587 = CARTESIAN_POINT('',(-4.,-5.960769515459));
#8588 = DIRECTION('',(0.,1.));
#8589 = ( GEOMETRIC_REPRESENTATION_CONTEXT(2) 
PARAMETRIC_REPRESENTATION_CONTEXT() REPRESENTATION_CONTEXT('2D SPACE',''
  ) );
#8590 = FACE_BOUND('',#8591,.F.);
#8591 = EDGE_LOOP('',(#8592,#8620,#8654,#8680));
#8592 = ORIENTED_EDGE('',*,*,#8593,.F.);
#8593 = EDGE_CURVE('',#8594,#8596,#8598,.T.);
#8594 = VERTEX_POINT('',#8595);
#8595 = CARTESIAN_POINT('',(-2.370714214271,2.061552812809,-4.));
#8596 = VERTEX_POINT('',#8597);
#8597 = CARTESIAN_POINT('',(-4.770714214271,2.061552812809,-4.));
#8598 = SURFACE_CURVE('',#8599,(#8603,#8609),.PCURVE_S1.);
#8599 = LINE('',#8600,#8601);
#8600 = CARTESIAN_POINT('',(-9.,2.061552812809,-4.));
#8601 = VECTOR('',#8602,1.);
#8602 = DIRECTION('',(-1.,-0.,-0.));
#8603 = PCURVE('',#8399,#8604);
#8604 = DEFINITIONAL_REPRESENTATION('',(#8605),#8608);
#8605 = B_SPLINE_CURVE_WITH_KNOTS('',1,(#8606,#8607),.UNSPECIFIED.,.F.,
  .F.,(2,2),(-6.869285785729,-3.989285785729),.PIECEWISE_BEZIER_KNOTS.);
#8606 = CARTESIAN_POINT('',(-5.188271230045,-6.869285785729));
#8607 = CARTESIAN_POINT('',(-5.188271230045,-3.989285785729));
#8608 = ( GEOMETRIC_REPRESENTATION_CONTEXT(2) 
PARAMETRIC_REPRESENTATION_CONTEXT() REPRESENTATION_CONTEXT('2D SPACE',''
  ) );
#8609 = PCURVE('',#8610,#8615);
#8610 = PLANE('',#8611);
#8611 = AXIS2_PLACEMENT_3D('',#8612,#8613,#8614);
#8612 = CARTESIAN_POINT('',(-5.762177826491,4.019615242271,-4.));
#8613 = DIRECTION('',(0.,-1.224646799147E-16,-1.));
#8614 = DIRECTION('',(-0.5,-0.866025403784,1.060575238725E-16));
#8615 = DEFINITIONAL_REPRESENTATION('',(#8616),#8619);
#8616 = B_SPLINE_CURVE_WITH_KNOTS('',1,(#8617,#8618),.UNSPECIFIED.,.F.,
  .F.,(2,2),(-6.869285785729,-3.989285785729),.PIECEWISE_BEZIER_KNOTS.);
#8617 = CARTESIAN_POINT('',(-0.12,-4.123970955832));
#8618 = CARTESIAN_POINT('',(1.32,-1.629817792933));
#8619 = ( GEOMETRIC_REPRESENTATION_CONTEXT(2) 
PARAMETRIC_REPRESENTATION_CONTEXT() REPRESENTATION_CONTEXT('2D SPACE',''
  ) );
#8620 = ORIENTED_EDGE('',*,*,#8621,.T.);
#8621 = EDGE_CURVE('',#8594,#8622,#8624,.T.);
#8622 = VERTEX_POINT('',#8623);
#8623 = CARTESIAN_POINT('',(4.770714214271,-2.061552812809,-4.));
#8624 = SURFACE_CURVE('',#8625,(#8630,#8642),.PCURVE_S1.);
#8625 = ELLIPSE('',#8626,9.,4.5);
#8626 = AXIS2_PLACEMENT_3D('',#8627,#8628,#8629);
#8627 = CARTESIAN_POINT('',(1.2,0.,0.));
#8628 = DIRECTION('',(-0.5,-0.866025403784,1.060575238725E-16));
#8629 = DIRECTION('',(-0.866025403784,0.5,-6.123233995737E-17));
#8630 = PCURVE('',#8399,#8631);
#8631 = DEFINITIONAL_REPRESENTATION('',(#8632),#8641);
#8632 = B_SPLINE_CURVE_WITH_KNOTS('',7,(#8633,#8634,#8635,#8636,#8637,
    #8638,#8639,#8640),.UNSPECIFIED.,.F.,.F.,(8,8),(0.784775941015,
    2.356816712575),.PIECEWISE_BEZIER_KNOTS.);
#8633 = CARTESIAN_POINT('',(-5.498409366165,-4.685219859323));
#8634 = CARTESIAN_POINT('',(-5.273832113085,-5.922173755261));
#8635 = CARTESIAN_POINT('',(-5.049254860006,-7.483622185847));
#8636 = CARTESIAN_POINT('',(-4.824677606922,-9.267661450591));
#8637 = CARTESIAN_POINT('',(-4.600100353848,-11.13233854941));
#8638 = CARTESIAN_POINT('',(-4.375523100763,-12.91637781415));
#8639 = CARTESIAN_POINT('',(-4.150945847684,-14.47782624473));
#8640 = CARTESIAN_POINT('',(-3.926368594604,-15.71478014067));
#8641 = ( GEOMETRIC_REPRESENTATION_CONTEXT(2) 
PARAMETRIC_REPRESENTATION_CONTEXT() REPRESENTATION_CONTEXT('2D SPACE',''
  ) );
#8642 = PCURVE('',#8643,#8648);
#8643 = PLANE('',#8644);
#8644 = AXIS2_PLACEMENT_3D('',#8645,#8646,#8647);
#8645 = CARTESIAN_POINT('',(-5.762177826491,4.019615242271,-12.2));
#8646 = DIRECTION('',(-0.5,-0.866025403784,1.060575238725E-16));
#8647 = DIRECTION('',(0.,1.224646799147E-16,1.));
#8648 = DEFINITIONAL_REPRESENTATION('',(#8649),#8653);
#8649 = ELLIPSE('',#8650,9.,4.5);
#8650 = AXIS2_PLACEMENT_2D('',#8651,#8652);
#8651 = CARTESIAN_POINT('',(12.2,-8.039230484541));
#8652 = DIRECTION('',(0.,1.));
#8653 = ( GEOMETRIC_REPRESENTATION_CONTEXT(2) 
PARAMETRIC_REPRESENTATION_CONTEXT() REPRESENTATION_CONTEXT('2D SPACE',''
  ) );
#8654 = ORIENTED_EDGE('',*,*,#8655,.T.);
#8655 = EDGE_CURVE('',#8622,#8656,#8658,.T.);
#8656 = VERTEX_POINT('',#8657);
#8657 = CARTESIAN_POINT('',(2.370714214271,-2.061552812809,-4.));
#8658 = SURFACE_CURVE('',#8659,(#8663,#8669),.PCURVE_S1.);
#8659 = LINE('',#8660,#8661);
#8660 = CARTESIAN_POINT('',(-9.,-2.061552812809,-4.));
#8661 = VECTOR('',#8662,1.);
#8662 = DIRECTION('',(-1.,-0.,-0.));
#8663 = PCURVE('',#8399,#8664);
#8664 = DEFINITIONAL_REPRESENTATION('',(#8665),#8668);
#8665 = B_SPLINE_CURVE_WITH_KNOTS('',1,(#8666,#8667),.UNSPECIFIED.,.F.,
  .F.,(2,2),(-14.01071421427,-11.13071421427),.PIECEWISE_BEZIER_KNOTS.);
#8666 = CARTESIAN_POINT('',(-4.236506730724,-14.01071421427));
#8667 = CARTESIAN_POINT('',(-4.236506730724,-11.13071421427));
#8668 = ( GEOMETRIC_REPRESENTATION_CONTEXT(2) 
PARAMETRIC_REPRESENTATION_CONTEXT() REPRESENTATION_CONTEXT('2D SPACE',''
  ) );
#8669 = PCURVE('',#8670,#8675);
#8670 = PLANE('',#8671);
#8671 = AXIS2_PLACEMENT_3D('',#8672,#8673,#8674);
#8672 = CARTESIAN_POINT('',(-5.762177826491,4.019615242271,-4.));
#8673 = DIRECTION('',(0.,-1.224646799147E-16,-1.));
#8674 = DIRECTION('',(-0.5,-0.866025403784,1.060575238725E-16));
#8675 = DEFINITIONAL_REPRESENTATION('',(#8676),#8679);
#8676 = B_SPLINE_CURVE_WITH_KNOTS('',1,(#8677,#8678),.UNSPECIFIED.,.F.,
  .F.,(2,2),(-14.01071421427,-11.13071421427),.PIECEWISE_BEZIER_KNOTS.);
#8677 = CARTESIAN_POINT('',(-0.12,-12.37018220706));
#8678 = CARTESIAN_POINT('',(1.32,-9.876029044168));
#8679 = ( GEOMETRIC_REPRESENTATION_CONTEXT(2) 
PARAMETRIC_REPRESENTATION_CONTEXT() REPRESENTATION_CONTEXT('2D SPACE',''
  ) );
#8680 = ORIENTED_EDGE('',*,*,#8681,.T.);
#8681 = EDGE_CURVE('',#8656,#8596,#8682,.T.);
#8682 = SURFACE_CURVE('',#8683,(#8688,#8700),.PCURVE_S1.);
#8683 = ELLIPSE('',#8684,9.,4.5);
#8684 = AXIS2_PLACEMENT_3D('',#8685,#8686,#8687);
#8685 = CARTESIAN_POINT('',(-1.2,0.,0.));
#8686 = DIRECTION('',(0.5,0.866025403784,-1.060575238725E-16));
#8687 = DIRECTION('',(-0.866025403784,0.5,-6.123233995737E-17));
#8688 = PCURVE('',#8399,#8689);
#8689 = DEFINITIONAL_REPRESENTATION('',(#8690),#8699);
#8690 = B_SPLINE_CURVE_WITH_KNOTS('',7,(#8691,#8692,#8693,#8694,#8695,
    #8696,#8697,#8698),.UNSPECIFIED.,.F.,.F.,(8,8),(3.926368594604,
    5.498409366165),.PIECEWISE_BEZIER_KNOTS.);
#8691 = CARTESIAN_POINT('',(-3.926368594604,-13.31478014067));
#8692 = CARTESIAN_POINT('',(-4.150945847684,-12.07782624473));
#8693 = CARTESIAN_POINT('',(-4.375523100765,-10.51637781415));
#8694 = CARTESIAN_POINT('',(-4.600100353842,-8.732338549414));
#8695 = CARTESIAN_POINT('',(-4.824677606926,-6.867661450585));
#8696 = CARTESIAN_POINT('',(-5.049254860004,-5.083622185849));
#8697 = CARTESIAN_POINT('',(-5.273832113085,-3.522173755261));
#8698 = CARTESIAN_POINT('',(-5.498409366165,-2.285219859323));
#8699 = ( GEOMETRIC_REPRESENTATION_CONTEXT(2) 
PARAMETRIC_REPRESENTATION_CONTEXT() REPRESENTATION_CONTEXT('2D SPACE',''
  ) );
#8700 = PCURVE('',#8701,#8706);
#8701 = PLANE('',#8702);
#8702 = AXIS2_PLACEMENT_3D('',#8703,#8704,#8705);
#8703 = CARTESIAN_POINT('',(-6.362177826491,2.980384757729,-4.));
#8704 = DIRECTION('',(0.5,0.866025403784,-1.060575238725E-16));
#8705 = DIRECTION('',(0.,-1.224646799147E-16,-1.));
#8706 = DEFINITIONAL_REPRESENTATION('',(#8707),#8711);
#8707 = ELLIPSE('',#8708,9.,4.5);
#8708 = AXIS2_PLACEMENT_2D('',#8709,#8710);
#8709 = CARTESIAN_POINT('',(-4.,-5.960769515459));
#8710 = DIRECTION('',(0.,1.));
#8711 = ( GEOMETRIC_REPRESENTATION_CONTEXT(2) 
PARAMETRIC_REPRESENTATION_CONTEXT() REPRESENTATION_CONTEXT('2D SPACE',''
  ) );
#8712 = FACE_BOUND('',#8713,.F.);
#8713 = EDGE_LOOP('',(#8714,#8742,#8776,#8802));
#8714 = ORIENTED_EDGE('',*,*,#8715,.F.);
#8715 = EDGE_CURVE('',#8716,#8718,#8720,.T.);
#8716 = VERTEX_POINT('',#8717);
#8717 = CARTESIAN_POINT('',(-2.370714214271,4.494878021542,
    -0.214642892864));
#8718 = VERTEX_POINT('',#8719);
#8719 = CARTESIAN_POINT('',(-4.770714214271,4.494878021542,
    -0.214642892864));
#8720 = SURFACE_CURVE('',#8721,(#8725,#8731),.PCURVE_S1.);
#8721 = LINE('',#8722,#8723);
#8722 = CARTESIAN_POINT('',(-9.,4.494878021542,-0.214642892864));
#8723 = VECTOR('',#8724,1.);
#8724 = DIRECTION('',(-1.,-0.,-0.));
#8725 = PCURVE('',#8399,#8726);
#8726 = DEFINITIONAL_REPRESENTATION('',(#8727),#8730);
#8727 = B_SPLINE_CURVE_WITH_KNOTS('',1,(#8728,#8729),.UNSPECIFIED.,.F.,
  .F.,(2,2),(-6.869285785729,-3.989285785729),.PIECEWISE_BEZIER_KNOTS.);
#8728 = CARTESIAN_POINT('',(-6.235468781242,-6.869285785729));
#8729 = CARTESIAN_POINT('',(-6.235468781242,-3.989285785729));
#8730 = ( GEOMETRIC_REPRESENTATION_CONTEXT(2) 
PARAMETRIC_REPRESENTATION_CONTEXT() REPRESENTATION_CONTEXT('2D SPACE',''
  ) );
#8731 = PCURVE('',#8732,#8737);
#8732 = PLANE('',#8733);
#8733 = AXIS2_PLACEMENT_3D('',#8734,#8735,#8736);
#8734 = CARTESIAN_POINT('',(-5.762177826491,5.473909236273,
    1.481088913246));
#8735 = DIRECTION('',(0.,0.866025403784,-0.5));
#8736 = DIRECTION('',(-0.5,-0.433012701892,-0.75));
#8737 = DEFINITIONAL_REPRESENTATION('',(#8738),#8741);
#8738 = B_SPLINE_CURVE_WITH_KNOTS('',1,(#8739,#8740),.UNSPECIFIED.,.F.,
  .F.,(2,2),(-6.869285785729,-3.989285785729),.PIECEWISE_BEZIER_KNOTS.);
#8739 = CARTESIAN_POINT('',(-0.12,-4.123970955832));
#8740 = CARTESIAN_POINT('',(1.32,-1.629817792933));
#8741 = ( GEOMETRIC_REPRESENTATION_CONTEXT(2) 
PARAMETRIC_REPRESENTATION_CONTEXT() REPRESENTATION_CONTEXT('2D SPACE',''
  ) );
#8742 = ORIENTED_EDGE('',*,*,#8743,.T.);
#8743 = EDGE_CURVE('',#8716,#8744,#8746,.T.);
#8744 = VERTEX_POINT('',#8745);
#8745 = CARTESIAN_POINT('',(4.770714214271,2.433325208733,
    -3.785357107136));
#8746 = SURFACE_CURVE('',#8747,(#8752,#8764),.PCURVE_S1.);
#8747 = ELLIPSE('',#8748,9.,4.5);
#8748 = AXIS2_PLACEMENT_3D('',#8749,#8750,#8751);
#8749 = CARTESIAN_POINT('',(1.2,0.,0.));
#8750 = DIRECTION('',(-0.5,-0.433012701892,-0.75));
#8751 = DIRECTION('',(-0.866025403784,0.25,0.433012701892));
#8752 = PCURVE('',#8399,#8753);
#8753 = DEFINITIONAL_REPRESENTATION('',(#8754),#8763);
#8754 = B_SPLINE_CURVE_WITH_KNOTS('',7,(#8755,#8756,#8757,#8758,#8759,
    #8760,#8761,#8762),.UNSPECIFIED.,.F.,.F.,(8,8),(1.047197551197,
    2.356816712575),.PIECEWISE_BEZIER_KNOTS.);
#8755 = CARTESIAN_POINT('',(-6.28318530718,-6.30288568297));
#8756 = CARTESIAN_POINT('',(-6.096096855554,-7.565732731442));
#8757 = CARTESIAN_POINT('',(-5.909008403928,-8.987721240188));
#8758 = CARTESIAN_POINT('',(-5.721919952303,-10.49665545924));
#8759 = CARTESIAN_POINT('',(-5.534831500678,-12.00668834847));
#8760 = CARTESIAN_POINT('',(-5.347743049052,-13.42864235751));
#8761 = CARTESIAN_POINT('',(-5.160654597427,-14.68431162283));
#8762 = CARTESIAN_POINT('',(-4.973566145801,-15.71478014067));
#8763 = ( GEOMETRIC_REPRESENTATION_CONTEXT(2) 
PARAMETRIC_REPRESENTATION_CONTEXT() REPRESENTATION_CONTEXT('2D SPACE',''
  ) );
#8764 = PCURVE('',#8765,#8770);
#8765 = PLANE('',#8766);
#8766 = AXIS2_PLACEMENT_3D('',#8767,#8768,#8769);
#8767 = CARTESIAN_POINT('',(-5.762177826491,12.575317547305,
    -2.618911086754));
#8768 = DIRECTION('',(-0.5,-0.433012701892,-0.75));
#8769 = DIRECTION('',(0.,-0.866025403784,0.5));
#8770 = DEFINITIONAL_REPRESENTATION('',(#8771),#8775);
#8771 = ELLIPSE('',#8772,9.,4.5);
#8772 = AXIS2_PLACEMENT_2D('',#8773,#8774);
#8773 = CARTESIAN_POINT('',(12.2,-8.039230484541));
#8774 = DIRECTION('',(0.,1.));
#8775 = ( GEOMETRIC_REPRESENTATION_CONTEXT(2) 
PARAMETRIC_REPRESENTATION_CONTEXT() REPRESENTATION_CONTEXT('2D SPACE',''
  ) );
#8776 = ORIENTED_EDGE('',*,*,#8777,.T.);
#8777 = EDGE_CURVE('',#8744,#8778,#8780,.T.);
#8778 = VERTEX_POINT('',#8779);
#8779 = CARTESIAN_POINT('',(2.370714214271,2.433325208733,
    -3.785357107136));
#8780 = SURFACE_CURVE('',#8781,(#8785,#8791),.PCURVE_S1.);
#8781 = LINE('',#8782,#8783);
#8782 = CARTESIAN_POINT('',(-9.,2.433325208733,-3.785357107136));
#8783 = VECTOR('',#8784,1.);
#8784 = DIRECTION('',(-1.,-0.,-0.));
#8785 = PCURVE('',#8399,#8786);
#8786 = DEFINITIONAL_REPRESENTATION('',(#8787),#8790);
#8787 = B_SPLINE_CURVE_WITH_KNOTS('',1,(#8788,#8789),.UNSPECIFIED.,.F.,
  .F.,(2,2),(-14.01071421427,-11.13071421427),.PIECEWISE_BEZIER_KNOTS.);
#8788 = CARTESIAN_POINT('',(-5.283704281921,-14.01071421427));
#8789 = CARTESIAN_POINT('',(-5.283704281921,-11.13071421427));
#8790 = ( GEOMETRIC_REPRESENTATION_CONTEXT(2) 
PARAMETRIC_REPRESENTATION_CONTEXT() REPRESENTATION_CONTEXT('2D SPACE',''
  ) );
#8791 = PCURVE('',#8792,#8797);
#8792 = PLANE('',#8793);
#8793 = AXIS2_PLACEMENT_3D('',#8794,#8795,#8796);
#8794 = CARTESIAN_POINT('',(-5.762177826491,5.473909236273,
    1.481088913246));
#8795 = DIRECTION('',(0.,0.866025403784,-0.5));
#8796 = DIRECTION('',(-0.5,-0.433012701892,-0.75));
#8797 = DEFINITIONAL_REPRESENTATION('',(#8798),#8801);
#8798 = B_SPLINE_CURVE_WITH_KNOTS('',1,(#8799,#8800),.UNSPECIFIED.,.F.,
  .F.,(2,2),(-14.01071421427,-11.13071421427),.PIECEWISE_BEZIER_KNOTS.);
#8799 = CARTESIAN_POINT('',(-0.12,-12.37018220706));
#8800 = CARTESIAN_POINT('',(1.32,-9.876029044168));
#8801 = ( GEOMETRIC_REPRESENTATION_CONTEXT(2) 
PARAMETRIC_REPRESENTATION_CONTEXT() REPRESENTATION_CONTEXT('2D SPACE',''
  ) );
#8802 = ORIENTED_EDGE('',*,*,#8803,.T.);
#8803 = EDGE_CURVE('',#8778,#8718,#8804,.T.);
#8804 = SURFACE_CURVE('',#8805,(#8810,#8822),.PCURVE_S1.);
#8805 = ELLIPSE('',#8806,9.,4.5);
#8806 = AXIS2_PLACEMENT_3D('',#8807,#8808,#8809);
#8807 = CARTESIAN_POINT('',(-1.2,0.,0.));
#8808 = DIRECTION('',(0.5,0.433012701892,0.75));
#8809 = DIRECTION('',(-0.866025403784,0.25,0.433012701892));
#8810 = PCURVE('',#8399,#8811);
#8811 = DEFINITIONAL_REPRESENTATION('',(#8812),#8821);
#8812 = B_SPLINE_CURVE_WITH_KNOTS('',7,(#8813,#8814,#8815,#8816,#8817,
    #8818,#8819,#8820),.UNSPECIFIED.,.F.,.F.,(8,8),(3.926368594604,
    5.235987755983),.PIECEWISE_BEZIER_KNOTS.);
#8813 = CARTESIAN_POINT('',(-4.973566145801,-13.31478014067));
#8814 = CARTESIAN_POINT('',(-5.160654597427,-12.28431162283));
#8815 = CARTESIAN_POINT('',(-5.347743049052,-11.02864235751));
#8816 = CARTESIAN_POINT('',(-5.534831500675,-9.606688348477));
#8817 = CARTESIAN_POINT('',(-5.721919952304,-8.096655459244));
#8818 = CARTESIAN_POINT('',(-5.909008403928,-6.587721240189));
#8819 = CARTESIAN_POINT('',(-6.096096855554,-5.165732731442));
#8820 = CARTESIAN_POINT('',(-6.28318530718,-3.90288568297));
#8821 = ( GEOMETRIC_REPRESENTATION_CONTEXT(2) 
PARAMETRIC_REPRESENTATION_CONTEXT() REPRESENTATION_CONTEXT('2D SPACE',''
  ) );
#8822 = PCURVE('',#8823,#8828);
#8823 = PLANE('',#8824);
#8824 = AXIS2_PLACEMENT_3D('',#8825,#8826,#8827);
#8825 = CARTESIAN_POINT('',(-6.362177826491,4.954293994002,
    0.581088913246));
#8826 = DIRECTION('',(0.5,0.433012701892,0.75));
#8827 = DIRECTION('',(0.,0.866025403784,-0.5));
#8828 = DEFINITIONAL_REPRESENTATION('',(#8829),#8833);
#8829 = ELLIPSE('',#8830,9.,4.5);
#8830 = AXIS2_PLACEMENT_2D('',#8831,#8832);
#8831 = CARTESIAN_POINT('',(-4.,-5.960769515459));
#8832 = DIRECTION('',(0.,1.));
#8833 = ( GEOMETRIC_REPRESENTATION_CONTEXT(2) 
PARAMETRIC_REPRESENTATION_CONTEXT() REPRESENTATION_CONTEXT('2D SPACE',''
  ) );
#8834 = FACE_BOUND('',#8835,.F.);
#8835 = EDGE_LOOP('',(#8836,#8864,#8898,#8924));
#8836 = ORIENTED_EDGE('',*,*,#8837,.F.);
#8837 = EDGE_CURVE('',#8838,#8840,#8842,.T.);
#8838 = VERTEX_POINT('',#8839);
#8839 = CARTESIAN_POINT('',(-2.370714214271,2.433325208733,
    3.785357107136));
#8840 = VERTEX_POINT('',#8841);
#8841 = CARTESIAN_POINT('',(-4.770714214271,2.433325208733,
    3.785357107136));
#8842 = SURFACE_CURVE('',#8843,(#8847,#8853),.PCURVE_S1.);
#8843 = LINE('',#8844,#8845);
#8844 = CARTESIAN_POINT('',(-9.,2.433325208733,3.785357107136));
#8845 = VECTOR('',#8846,1.);
#8846 = DIRECTION('',(-1.,-0.,-0.));
#8847 = PCURVE('',#8399,#8848);
#8848 = DEFINITIONAL_REPRESENTATION('',(#8849),#8852);
#8849 = B_SPLINE_CURVE_WITH_KNOTS('',1,(#8850,#8851),.UNSPECIFIED.,.F.,
  .F.,(2,2),(-6.869285785729,-3.989285785729),.PIECEWISE_BEZIER_KNOTS.);
#8850 = CARTESIAN_POINT('',(-0.999481025259,-6.869285785729));
#8851 = CARTESIAN_POINT('',(-0.999481025259,-3.989285785729));
#8852 = ( GEOMETRIC_REPRESENTATION_CONTEXT(2) 
PARAMETRIC_REPRESENTATION_CONTEXT() REPRESENTATION_CONTEXT('2D SPACE',''
  ) );
#8853 = PCURVE('',#8854,#8859);
#8854 = PLANE('',#8855);
#8855 = AXIS2_PLACEMENT_3D('',#8856,#8857,#8858);
#8856 = CARTESIAN_POINT('',(-5.762177826491,1.454293994002,
    5.481088913246));
#8857 = DIRECTION('',(0.,0.866025403784,0.5));
#8858 = DIRECTION('',(-0.5,0.433012701892,-0.75));
#8859 = DEFINITIONAL_REPRESENTATION('',(#8860),#8863);
#8860 = B_SPLINE_CURVE_WITH_KNOTS('',1,(#8861,#8862),.UNSPECIFIED.,.F.,
  .F.,(2,2),(-6.869285785729,-3.989285785729),.PIECEWISE_BEZIER_KNOTS.);
#8861 = CARTESIAN_POINT('',(-0.12,-4.123970955832));
#8862 = CARTESIAN_POINT('',(1.32,-1.629817792933));
#8863 = ( GEOMETRIC_REPRESENTATION_CONTEXT(2) 
PARAMETRIC_REPRESENTATION_CONTEXT() REPRESENTATION_CONTEXT('2D SPACE',''
  ) );
#8864 = ORIENTED_EDGE('',*,*,#8865,.T.);
#8865 = EDGE_CURVE('',#8838,#8866,#8868,.T.);
#8866 = VERTEX_POINT('',#8867);
#8867 = CARTESIAN_POINT('',(4.770714214271,4.494878021542,0.214642892864
    ));
#8868 = SURFACE_CURVE('',#8869,(#8874,#8886),.PCURVE_S1.);
#8869 = ELLIPSE('',#8870,9.,4.5);
#8870 = AXIS2_PLACEMENT_3D('',#8871,#8872,#8873);
#8871 = CARTESIAN_POINT('',(1.2,0.,0.));
#8872 = DIRECTION('',(-0.5,0.433012701892,-0.75));
#8873 = DIRECTION('',(-0.866025403784,-0.25,0.433012701892));
#8874 = PCURVE('',#8399,#8875);
#8875 = DEFINITIONAL_REPRESENTATION('',(#8876),#8885);
#8876 = B_SPLINE_CURVE_WITH_KNOTS('',7,(#8877,#8878,#8879,#8880,#8881,
    #8882,#8883,#8884),.UNSPECIFIED.,.F.,.F.,(8,8),(0.784775941015,
    2.094395102393),.PIECEWISE_BEZIER_KNOTS.);
#8877 = CARTESIAN_POINT('',(-1.309619161379,-4.685219859323));
#8878 = CARTESIAN_POINT('',(-1.122530709753,-5.715688377168));
#8879 = CARTESIAN_POINT('',(-0.935442258128,-6.971357642483));
#8880 = CARTESIAN_POINT('',(-0.748353806502,-8.393311651527));
#8881 = CARTESIAN_POINT('',(-0.561265354877,-9.903344540755));
#8882 = CARTESIAN_POINT('',(-0.374176903251,-11.41227875981));
#8883 = CARTESIAN_POINT('',(-0.187088451626,-12.83426726855));
#8884 = CARTESIAN_POINT('',(0.,-14.09711431703));
#8885 = ( GEOMETRIC_REPRESENTATION_CONTEXT(2) 
PARAMETRIC_REPRESENTATION_CONTEXT() REPRESENTATION_CONTEXT('2D SPACE',''
  ) );
#8886 = PCURVE('',#8887,#8892);
#8887 = PLANE('',#8888);
#8888 = AXIS2_PLACEMENT_3D('',#8889,#8890,#8891);
#8889 = CARTESIAN_POINT('',(-5.762177826491,8.555702305035,
    9.581088913246));
#8890 = DIRECTION('',(-0.5,0.433012701892,-0.75));
#8891 = DIRECTION('',(0.,-0.866025403784,-0.5));
#8892 = DEFINITIONAL_REPRESENTATION('',(#8893),#8897);
#8893 = ELLIPSE('',#8894,9.,4.5);
#8894 = AXIS2_PLACEMENT_2D('',#8895,#8896);
#8895 = CARTESIAN_POINT('',(12.2,-8.039230484541));
#8896 = DIRECTION('',(-2.775557561563E-17,1.));
#8897 = ( GEOMETRIC_REPRESENTATION_CONTEXT(2) 
PARAMETRIC_REPRESENTATION_CONTEXT() REPRESENTATION_CONTEXT('2D SPACE',''
  ) );
#8898 = ORIENTED_EDGE('',*,*,#8899,.T.);
#8899 = EDGE_CURVE('',#8866,#8900,#8902,.T.);
#8900 = VERTEX_POINT('',#8901);
#8901 = CARTESIAN_POINT('',(2.370714214271,4.494878021542,0.214642892864
    ));
#8902 = SURFACE_CURVE('',#8903,(#8907,#8913),.PCURVE_S1.);
#8903 = LINE('',#8904,#8905);
#8904 = CARTESIAN_POINT('',(-9.,4.494878021542,0.214642892864));
#8905 = VECTOR('',#8906,1.);
#8906 = DIRECTION('',(-1.,-0.,-0.));
#8907 = PCURVE('',#8399,#8908);
#8908 = DEFINITIONAL_REPRESENTATION('',(#8909),#8912);
#8909 = B_SPLINE_CURVE_WITH_KNOTS('',1,(#8910,#8911),.UNSPECIFIED.,.F.,
  .F.,(2,2),(-14.01071421427,-11.13071421427),.PIECEWISE_BEZIER_KNOTS.);
#8910 = CARTESIAN_POINT('',(-4.771652593788E-02,-14.01071421427));
#8911 = CARTESIAN_POINT('',(-4.771652593788E-02,-11.13071421427));
#8912 = ( GEOMETRIC_REPRESENTATION_CONTEXT(2) 
PARAMETRIC_REPRESENTATION_CONTEXT() REPRESENTATION_CONTEXT('2D SPACE',''
  ) );
#8913 = PCURVE('',#8914,#8919);
#8914 = PLANE('',#8915);
#8915 = AXIS2_PLACEMENT_3D('',#8916,#8917,#8918);
#8916 = CARTESIAN_POINT('',(-5.762177826491,1.454293994002,
    5.481088913246));
#8917 = DIRECTION('',(0.,0.866025403784,0.5));
#8918 = DIRECTION('',(-0.5,0.433012701892,-0.75));
#8919 = DEFINITIONAL_REPRESENTATION('',(#8920),#8923);
#8920 = B_SPLINE_CURVE_WITH_KNOTS('',1,(#8921,#8922),.UNSPECIFIED.,.F.,
  .F.,(2,2),(-14.01071421427,-11.13071421427),.PIECEWISE_BEZIER_KNOTS.);
#8921 = CARTESIAN_POINT('',(-0.12,-12.37018220706));
#8922 = CARTESIAN_POINT('',(1.32,-9.876029044168));
#8923 = ( GEOMETRIC_REPRESENTATION_CONTEXT(2) 
PARAMETRIC_REPRESENTATION_CONTEXT() REPRESENTATION_CONTEXT('2D SPACE',''
  ) );
#8924 = ORIENTED_EDGE('',*,*,#8925,.T.);
#8925 = EDGE_CURVE('',#8900,#8840,#8926,.T.);
#8926 = SURFACE_CURVE('',#8927,(#8932,#8944),.PCURVE_S1.);
#8927 = ELLIPSE('',#8928,9.,4.5);
#8928 = AXIS2_PLACEMENT_3D('',#8929,#8930,#8931);
#8929 = CARTESIAN_POINT('',(-1.2,0.,0.));
#8930 = DIRECTION('',(0.5,-0.433012701892,0.75));
#8931 = DIRECTION('',(-0.866025403784,-0.25,0.433012701892));
#8932 = PCURVE('',#8399,#8933);
#8933 = DEFINITIONAL_REPRESENTATION('',(#8934),#8943);
#8934 = B_SPLINE_CURVE_WITH_KNOTS('',7,(#8935,#8936,#8937,#8938,#8939,
    #8940,#8941,#8942),.UNSPECIFIED.,.F.,.F.,(8,8),(4.188790204786,
    5.498409366165),.PIECEWISE_BEZIER_KNOTS.);
#8935 = CARTESIAN_POINT('',(1.7763568394E-15,-11.69711431703));
#8936 = CARTESIAN_POINT('',(-0.187088451626,-10.43426726855));
#8937 = CARTESIAN_POINT('',(-0.374176903251,-9.012278759812));
#8938 = CARTESIAN_POINT('',(-0.561265354876,-7.503344540753));
#8939 = CARTESIAN_POINT('',(-0.748353806502,-5.993311651531));
#8940 = CARTESIAN_POINT('',(-0.935442258127,-4.571357642481));
#8941 = CARTESIAN_POINT('',(-1.122530709753,-3.315688377168));
#8942 = CARTESIAN_POINT('',(-1.309619161379,-2.285219859323));
#8943 = ( GEOMETRIC_REPRESENTATION_CONTEXT(2) 
PARAMETRIC_REPRESENTATION_CONTEXT() REPRESENTATION_CONTEXT('2D SPACE',''
  ) );
#8944 = PCURVE('',#8945,#8950);
#8945 = PLANE('',#8946);
#8946 = AXIS2_PLACEMENT_3D('',#8947,#8948,#8949);
#8947 = CARTESIAN_POINT('',(-6.362177826491,1.973909236273,
    4.581088913246));
#8948 = DIRECTION('',(0.5,-0.433012701892,0.75));
#8949 = DIRECTION('',(0.,0.866025403784,0.5));
#8950 = DEFINITIONAL_REPRESENTATION('',(#8951),#8955);
#8951 = ELLIPSE('',#8952,9.,4.5);
#8952 = AXIS2_PLACEMENT_2D('',#8953,#8954);
#8953 = CARTESIAN_POINT('',(-4.,-5.960769515459));
#8954 = DIRECTION('',(2.775557561563E-17,1.));
#8955 = ( GEOMETRIC_REPRESENTATION_CONTEXT(2) 
PARAMETRIC_REPRESENTATION_CONTEXT() REPRESENTATION_CONTEXT('2D SPACE',''
  ) );
#8956 = FACE_BOUND('',#8957,.F.);
#8957 = EDGE_LOOP('',(#8958,#8986,#9020,#9046));
#8958 = ORIENTED_EDGE('',*,*,#8959,.F.);
#8959 = EDGE_CURVE('',#8960,#8962,#8964,.T.);
#8960 = VERTEX_POINT('',#8961);
#8961 = CARTESIAN_POINT('',(-2.370714214271,-4.494878021542,
    0.214642892864));
#8962 = VERTEX_POINT('',#8963);
#8963 = CARTESIAN_POINT('',(-4.770714214271,-4.494878021542,
    0.214642892864));
#8964 = SURFACE_CURVE('',#8965,(#8969,#8975),.PCURVE_S1.);
#8965 = LINE('',#8966,#8967);
#8966 = CARTESIAN_POINT('',(-9.,-4.494878021542,0.214642892864));
#8967 = VECTOR('',#8968,1.);
#8968 = DIRECTION('',(-1.,-0.,-0.));
#8969 = PCURVE('',#8399,#8970);
#8970 = DEFINITIONAL_REPRESENTATION('',(#8971),#8974);
#8971 = B_SPLINE_CURVE_WITH_KNOTS('',1,(#8972,#8973),.UNSPECIFIED.,.F.,
  .F.,(2,2),(-6.869285785729,-3.989285785729),.PIECEWISE_BEZIER_KNOTS.);
#8972 = CARTESIAN_POINT('',(-3.093876127652,-6.869285785729));
#8973 = CARTESIAN_POINT('',(-3.093876127652,-3.989285785729));
#8974 = ( GEOMETRIC_REPRESENTATION_CONTEXT(2) 
PARAMETRIC_REPRESENTATION_CONTEXT() REPRESENTATION_CONTEXT('2D SPACE',''
  ) );
#8975 = PCURVE('',#8976,#8981);
#8976 = PLANE('',#8977);
#8977 = AXIS2_PLACEMENT_3D('',#8978,#8979,#8980);
#8978 = CARTESIAN_POINT('',(-5.762177826491,-5.473909236273,
    -1.481088913246));
#8979 = DIRECTION('',(0.,-0.866025403784,0.5));
#8980 = DIRECTION('',(-0.5,0.433012701892,0.75));
#8981 = DEFINITIONAL_REPRESENTATION('',(#8982),#8985);
#8982 = B_SPLINE_CURVE_WITH_KNOTS('',1,(#8983,#8984),.UNSPECIFIED.,.F.,
  .F.,(2,2),(-6.869285785729,-3.989285785729),.PIECEWISE_BEZIER_KNOTS.);
#8983 = CARTESIAN_POINT('',(-0.12,-4.123970955832));
#8984 = CARTESIAN_POINT('',(1.32,-1.629817792933));
#8985 = ( GEOMETRIC_REPRESENTATION_CONTEXT(2) 
PARAMETRIC_REPRESENTATION_CONTEXT() REPRESENTATION_CONTEXT('2D SPACE',''
  ) );
#8986 = ORIENTED_EDGE('',*,*,#8987,.T.);
#8987 = EDGE_CURVE('',#8960,#8988,#8990,.T.);
#8988 = VERTEX_POINT('',#8989);
#8989 = CARTESIAN_POINT('',(4.770714214271,-2.433325208733,
    3.785357107136));
#8990 = SURFACE_CURVE('',#8991,(#8996,#9008),.PCURVE_S1.);
#8991 = ELLIPSE('',#8992,9.,4.5);
#8992 = AXIS2_PLACEMENT_3D('',#8993,#8994,#8995);
#8993 = CARTESIAN_POINT('',(1.2,0.,0.));
#8994 = DIRECTION('',(-0.5,0.433012701892,0.75));
#8995 = DIRECTION('',(-0.866025403784,-0.25,-0.433012701892));
#8996 = PCURVE('',#8399,#8997);
#8997 = DEFINITIONAL_REPRESENTATION('',(#8998),#9007);
#8998 = B_SPLINE_CURVE_WITH_KNOTS('',7,(#8999,#9000,#9001,#9002,#9003,
    #9004,#9005,#9006),.UNSPECIFIED.,.F.,.F.,(8,8),(0.784775941015,
    2.356816712575),.PIECEWISE_BEZIER_KNOTS.);
#8999 = CARTESIAN_POINT('',(-3.404014263772,-4.685219859323));
#9000 = CARTESIAN_POINT('',(-3.179437010692,-5.922173755261));
#9001 = CARTESIAN_POINT('',(-2.954859757612,-7.483622185849));
#9002 = CARTESIAN_POINT('',(-2.730282504531,-9.267661450587));
#9003 = CARTESIAN_POINT('',(-2.505705251453,-11.13233854941));
#9004 = CARTESIAN_POINT('',(-2.281127998371,-12.91637781415));
#9005 = CARTESIAN_POINT('',(-2.056550745291,-14.47782624473));
#9006 = CARTESIAN_POINT('',(-1.831973492211,-15.71478014067));
#9007 = ( GEOMETRIC_REPRESENTATION_CONTEXT(2) 
PARAMETRIC_REPRESENTATION_CONTEXT() REPRESENTATION_CONTEXT('2D SPACE',''
  ) );
#9008 = PCURVE('',#9009,#9014);
#9009 = PLANE('',#9010);
#9010 = AXIS2_PLACEMENT_3D('',#9011,#9012,#9013);
#9011 = CARTESIAN_POINT('',(-5.762177826491,-12.5753175473,
    2.618911086754));
#9012 = DIRECTION('',(-0.5,0.433012701892,0.75));
#9013 = DIRECTION('',(0.,0.866025403784,-0.5));
#9014 = DEFINITIONAL_REPRESENTATION('',(#9015),#9019);
#9015 = ELLIPSE('',#9016,9.,4.5);
#9016 = AXIS2_PLACEMENT_2D('',#9017,#9018);
#9017 = CARTESIAN_POINT('',(12.2,-8.039230484541));
#9018 = DIRECTION('',(2.775557561563E-17,1.));
#9019 = ( GEOMETRIC_REPRESENTATION_CONTEXT(2) 
PARAMETRIC_REPRESENTATION_CONTEXT() REPRESENTATION_CONTEXT('2D SPACE',''
  ) );
#9020 = ORIENTED_EDGE('',*,*,#9021,.T.);
#9021 = EDGE_CURVE('',#8988,#9022,#9024,.T.);
#9022 = VERTEX_POINT('',#9023);
#9023 = CARTESIAN_POINT('',(2.370714214271,-2.433325208733,
    3.785357107136));
#9024 = SURFACE_CURVE('',#9025,(#9029,#9035),.PCURVE_S1.);
#9025 = LINE('',#9026,#9027);
#9026 = CARTESIAN_POINT('',(-9.,-2.433325208733,3.785357107136));
#9027 = VECTOR('',#9028,1.);
#9028 = DIRECTION('',(-1.,-0.,-0.));
#9029 = PCURVE('',#8399,#9030);
#9030 = DEFINITIONAL_REPRESENTATION('',(#9031),#9034);
#9031 = B_SPLINE_CURVE_WITH_KNOTS('',1,(#9032,#9033),.UNSPECIFIED.,.F.,
  .F.,(2,2),(-14.01071421427,-11.13071421427),.PIECEWISE_BEZIER_KNOTS.);
#9032 = CARTESIAN_POINT('',(-2.142111628331,-14.01071421427));
#9033 = CARTESIAN_POINT('',(-2.142111628331,-11.13071421427));
#9034 = ( GEOMETRIC_REPRESENTATION_CONTEXT(2) 
PARAMETRIC_REPRESENTATION_CONTEXT() REPRESENTATION_CONTEXT('2D SPACE',''
  ) );
#9035 = PCURVE('',#9036,#9041);
#9036 = PLANE('',#9037);
#9037 = AXIS2_PLACEMENT_3D('',#9038,#9039,#9040);
#9038 = CARTESIAN_POINT('',(-5.762177826491,-5.473909236273,
    -1.481088913246));
#9039 = DIRECTION('',(0.,-0.866025403784,0.5));
#9040 = DIRECTION('',(-0.5,0.433012701892,0.75));
#9041 = DEFINITIONAL_REPRESENTATION('',(#9042),#9045);
#9042 = B_SPLINE_CURVE_WITH_KNOTS('',1,(#9043,#9044),.UNSPECIFIED.,.F.,
  .F.,(2,2),(-14.01071421427,-11.13071421427),.PIECEWISE_BEZIER_KNOTS.);
#9043 = CARTESIAN_POINT('',(-0.12,-12.37018220706));
#9044 = CARTESIAN_POINT('',(1.32,-9.876029044168));
#9045 = ( GEOMETRIC_REPRESENTATION_CONTEXT(2) 
PARAMETRIC_REPRESENTATION_CONTEXT() REPRESENTATION_CONTEXT('2D SPACE',''
  ) );
#9046 = ORIENTED_EDGE('',*,*,#9047,.T.);
#9047 = EDGE_CURVE('',#9022,#8962,#9048,.T.);
#9048 = SURFACE_CURVE('',#9049,(#9054,#9066),.PCURVE_S1.);
#9049 = ELLIPSE('',#9050,9.,4.5);
#9050 = AXIS2_PLACEMENT_3D('',#9051,#9052,#9053);
#9051 = CARTESIAN_POINT('',(-1.2,0.,0.));
#9052 = DIRECTION('',(0.5,-0.433012701892,-0.75));
#9053 = DIRECTION('',(-0.866025403784,-0.25,-0.433012701892));
#9054 = PCURVE('',#8399,#9055);
#9055 = DEFINITIONAL_REPRESENTATION('',(#9056),#9065);
#9056 = B_SPLINE_CURVE_WITH_KNOTS('',7,(#9057,#9058,#9059,#9060,#9061,
    #9062,#9063,#9064),.UNSPECIFIED.,.F.,.F.,(8,8),(3.926368594604,
    5.498409366165),.PIECEWISE_BEZIER_KNOTS.);
#9057 = CARTESIAN_POINT('',(-1.831973492211,-13.31478014067));
#9058 = CARTESIAN_POINT('',(-2.056550745291,-12.07782624473));
#9059 = CARTESIAN_POINT('',(-2.281127998372,-10.51637781415));
#9060 = CARTESIAN_POINT('',(-2.505705251451,-8.732338549416));
#9061 = CARTESIAN_POINT('',(-2.730282504532,-6.867661450586));
#9062 = CARTESIAN_POINT('',(-2.954859757611,-5.083622185849));
#9063 = CARTESIAN_POINT('',(-3.179437010692,-3.522173755261));
#9064 = CARTESIAN_POINT('',(-3.404014263772,-2.285219859323));
#9065 = ( GEOMETRIC_REPRESENTATION_CONTEXT(2) 
PARAMETRIC_REPRESENTATION_CONTEXT() REPRESENTATION_CONTEXT('2D SPACE',''
  ) );
#9066 = PCURVE('',#9067,#9072);
#9067 = PLANE('',#9068);
#9068 = AXIS2_PLACEMENT_3D('',#9069,#9070,#9071);
#9069 = CARTESIAN_POINT('',(-6.362177826491,-4.954293994002,
    -0.581088913246));
#9070 = DIRECTION('',(0.5,-0.433012701892,-0.75));
#9071 = DIRECTION('',(0.,-0.866025403784,0.5));
#9072 = DEFINITIONAL_REPRESENTATION('',(#9073),#9077);
#9073 = ELLIPSE('',#9074,9.,4.5);
#9074 = AXIS2_PLACEMENT_2D('',#9075,#9076);
#9075 = CARTESIAN_POINT('',(-4.,-5.960769515459));
#9076 = DIRECTION('',(-2.775557561563E-17,1.));
#9077 = ( GEOMETRIC_REPRESENTATION_CONTEXT(2) 
PARAMETRIC_REPRESENTATION_CONTEXT() REPRESENTATION_CONTEXT('2D SPACE',''
  ) );
#9078 = FACE_BOUND('',#9079,.F.);
#9079 = EDGE_LOOP('',(#9080,#9108,#9142,#9168));
#9080 = ORIENTED_EDGE('',*,*,#9081,.F.);
#9081 = EDGE_CURVE('',#9082,#9084,#9086,.T.);
#9082 = VERTEX_POINT('',#9083);
#9083 = CARTESIAN_POINT('',(-2.370714214271,-2.433325208733,
    -3.785357107136));
#9084 = VERTEX_POINT('',#9085);
#9085 = CARTESIAN_POINT('',(-4.770714214271,-2.433325208733,
    -3.785357107136));
#9086 = SURFACE_CURVE('',#9087,(#9091,#9097),.PCURVE_S1.);
#9087 = LINE('',#9088,#9089);
#9088 = CARTESIAN_POINT('',(-9.,-2.433325208733,-3.785357107136));
#9089 = VECTOR('',#9090,1.);
#9090 = DIRECTION('',(-1.,-0.,-0.));
#9091 = PCURVE('',#8399,#9092);
#9092 = DEFINITIONAL_REPRESENTATION('',(#9093),#9096);
#9093 = B_SPLINE_CURVE_WITH_KNOTS('',1,(#9094,#9095),.UNSPECIFIED.,.F.,
  .F.,(2,2),(-6.869285785729,-3.989285785729),.PIECEWISE_BEZIER_KNOTS.);
#9094 = CARTESIAN_POINT('',(-4.141073678849,-6.869285785729));
#9095 = CARTESIAN_POINT('',(-4.141073678849,-3.989285785729));
#9096 = ( GEOMETRIC_REPRESENTATION_CONTEXT(2) 
PARAMETRIC_REPRESENTATION_CONTEXT() REPRESENTATION_CONTEXT('2D SPACE',''
  ) );
#9097 = PCURVE('',#9098,#9103);
#9098 = PLANE('',#9099);
#9099 = AXIS2_PLACEMENT_3D('',#9100,#9101,#9102);
#9100 = CARTESIAN_POINT('',(-5.762177826491,-1.454293994002,
    -5.481088913246));
#9101 = DIRECTION('',(0.,-0.866025403784,-0.5));
#9102 = DIRECTION('',(-0.5,-0.433012701892,0.75));
#9103 = DEFINITIONAL_REPRESENTATION('',(#9104),#9107);
#9104 = B_SPLINE_CURVE_WITH_KNOTS('',1,(#9105,#9106),.UNSPECIFIED.,.F.,
  .F.,(2,2),(-6.869285785729,-3.989285785729),.PIECEWISE_BEZIER_KNOTS.);
#9105 = CARTESIAN_POINT('',(-0.12,-4.123970955832));
#9106 = CARTESIAN_POINT('',(1.32,-1.629817792933));
#9107 = ( GEOMETRIC_REPRESENTATION_CONTEXT(2) 
PARAMETRIC_REPRESENTATION_CONTEXT() REPRESENTATION_CONTEXT('2D SPACE',''
  ) );
#9108 = ORIENTED_EDGE('',*,*,#9109,.T.);
#9109 = EDGE_CURVE('',#9082,#9110,#9112,.T.);
#9110 = VERTEX_POINT('',#9111);
#9111 = CARTESIAN_POINT('',(4.770714214271,-4.494878021542,
    -0.214642892864));
#9112 = SURFACE_CURVE('',#9113,(#9118,#9130),.PCURVE_S1.);
#9113 = ELLIPSE('',#9114,9.,4.5);
#9114 = AXIS2_PLACEMENT_3D('',#9115,#9116,#9117);
#9115 = CARTESIAN_POINT('',(1.2,0.,0.));
#9116 = DIRECTION('',(-0.5,-0.433012701892,0.75));
#9117 = DIRECTION('',(-0.866025403784,0.25,-0.433012701892));
#9118 = PCURVE('',#8399,#9119);
#9119 = DEFINITIONAL_REPRESENTATION('',(#9120),#9129);
#9120 = B_SPLINE_CURVE_WITH_KNOTS('',7,(#9121,#9122,#9123,#9124,#9125,
    #9126,#9127,#9128),.UNSPECIFIED.,.F.,.F.,(8,8),(0.784775941015,
    2.356816712575),.PIECEWISE_BEZIER_KNOTS.);
#9121 = CARTESIAN_POINT('',(-4.451211814968,-4.685219859323));
#9122 = CARTESIAN_POINT('',(-4.226634561888,-5.922173755261));
#9123 = CARTESIAN_POINT('',(-4.002057308809,-7.483622185847));
#9124 = CARTESIAN_POINT('',(-3.777480055727,-9.267661450591));
#9125 = CARTESIAN_POINT('',(-3.552902802649,-11.13233854941));
#9126 = CARTESIAN_POINT('',(-3.328325549568,-12.91637781415));
#9127 = CARTESIAN_POINT('',(-3.103748296488,-14.47782624473));
#9128 = CARTESIAN_POINT('',(-2.879171043408,-15.71478014067));
#9129 = ( GEOMETRIC_REPRESENTATION_CONTEXT(2) 
PARAMETRIC_REPRESENTATION_CONTEXT() REPRESENTATION_CONTEXT('2D SPACE',''
  ) );
#9130 = PCURVE('',#9131,#9136);
#9131 = PLANE('',#9132);
#9132 = AXIS2_PLACEMENT_3D('',#9133,#9134,#9135);
#9133 = CARTESIAN_POINT('',(-5.762177826491,-8.555702305035,
    -9.581088913246));
#9134 = DIRECTION('',(-0.5,-0.433012701892,0.75));
#9135 = DIRECTION('',(0.,0.866025403784,0.5));
#9136 = DEFINITIONAL_REPRESENTATION('',(#9137),#9141);
#9137 = ELLIPSE('',#9138,9.,4.5);
#9138 = AXIS2_PLACEMENT_2D('',#9139,#9140);
#9139 = CARTESIAN_POINT('',(12.2,-8.039230484541));
#9140 = DIRECTION('',(0.,1.));
#9141 = ( GEOMETRIC_REPRESENTATION_CONTEXT(2) 
PARAMETRIC_REPRESENTATION_CONTEXT() REPRESENTATION_CONTEXT('2D SPACE',''
  ) );
#9142 = ORIENTED_EDGE('',*,*,#9143,.T.);
#9143 = EDGE_CURVE('',#9110,#9144,#9146,.T.);
#9144 = VERTEX_POINT('',#9145);
#9145 = CARTESIAN_POINT('',(2.370714214271,-4.494878021542,
    -0.214642892864));
#9146 = SURFACE_CURVE('',#9147,(#9151,#9157),.PCURVE_S1.);
#9147 = LINE('',#9148,#9149);
#9148 = CARTESIAN_POINT('',(-9.,-4.494878021542,-0.214642892864));
#9149 = VECTOR('',#9150,1.);
#9150 = DIRECTION('',(-1.,-0.,-0.));
#9151 = PCURVE('',#8399,#9152);
#9152 = DEFINITIONAL_REPRESENTATION('',(#9153),#9156);
#9153 = B_SPLINE_CURVE_WITH_KNOTS('',1,(#9154,#9155),.UNSPECIFIED.,.F.,
  .F.,(2,2),(-14.01071421427,-11.13071421427),.PIECEWISE_BEZIER_KNOTS.);
#9154 = CARTESIAN_POINT('',(-3.189309179528,-14.01071421427));
#9155 = CARTESIAN_POINT('',(-3.189309179528,-11.13071421427));
#9156 = ( GEOMETRIC_REPRESENTATION_CONTEXT(2) 
PARAMETRIC_REPRESENTATION_CONTEXT() REPRESENTATION_CONTEXT('2D SPACE',''
  ) );
#9157 = PCURVE('',#9158,#9163);
#9158 = PLANE('',#9159);
#9159 = AXIS2_PLACEMENT_3D('',#9160,#9161,#9162);
#9160 = CARTESIAN_POINT('',(-5.762177826491,-1.454293994002,
    -5.481088913246));
#9161 = DIRECTION('',(0.,-0.866025403784,-0.5));
#9162 = DIRECTION('',(-0.5,-0.433012701892,0.75));
#9163 = DEFINITIONAL_REPRESENTATION('',(#9164),#9167);
#9164 = B_SPLINE_CURVE_WITH_KNOTS('',1,(#9165,#9166),.UNSPECIFIED.,.F.,
  .F.,(2,2),(-14.01071421427,-11.13071421427),.PIECEWISE_BEZIER_KNOTS.);
#9165 = CARTESIAN_POINT('',(-0.12,-12.37018220706));
#9166 = CARTESIAN_POINT('',(1.32,-9.876029044168));
#9167 = ( GEOMETRIC_REPRESENTATION_CONTEXT(2) 
PARAMETRIC_REPRESENTATION_CONTEXT() REPRESENTATION_CONTEXT('2D SPACE',''
  ) );
#9168 = ORIENTED_EDGE('',*,*,#9169,.T.);
#9169 = EDGE_CURVE('',#9144,#9084,#9170,.T.);
#9170 = SURFACE_CURVE('',#9171,(#9176,#9188),.PCURVE_S1.);
#9171 = ELLIPSE('',#9172,9.,4.5);
#9172 = AXIS2_PLACEMENT_3D('',#9173,#9174,#9175);
#9173 = CARTESIAN_POINT('',(-1.2,0.,0.));
#9174 = DIRECTION('',(0.5,0.433012701892,-0.75));
#9175 = DIRECTION('',(-0.866025403784,0.25,-0.433012701892));
#9176 = PCURVE('',#8399,#9177);
#9177 = DEFINITIONAL_REPRESENTATION('',(#9178),#9187);
#9178 = B_SPLINE_CURVE_WITH_KNOTS('',7,(#9179,#9180,#9181,#9182,#9183,
    #9184,#9185,#9186),.UNSPECIFIED.,.F.,.F.,(8,8),(3.926368594604,
    5.498409366165),.PIECEWISE_BEZIER_KNOTS.);
#9179 = CARTESIAN_POINT('',(-2.879171043408,-13.31478014067));
#9180 = CARTESIAN_POINT('',(-3.103748296488,-12.07782624473));
#9181 = CARTESIAN_POINT('',(-3.328325549569,-10.51637781415));
#9182 = CARTESIAN_POINT('',(-3.552902802646,-8.732338549416));
#9183 = CARTESIAN_POINT('',(-3.77748005573,-6.867661450584));
#9184 = CARTESIAN_POINT('',(-4.002057308807,-5.083622185849));
#9185 = CARTESIAN_POINT('',(-4.226634561888,-3.522173755261));
#9186 = CARTESIAN_POINT('',(-4.451211814968,-2.285219859323));
#9187 = ( GEOMETRIC_REPRESENTATION_CONTEXT(2) 
PARAMETRIC_REPRESENTATION_CONTEXT() REPRESENTATION_CONTEXT('2D SPACE',''
  ) );
#9188 = PCURVE('',#9189,#9194);
#9189 = PLANE('',#9190);
#9190 = AXIS2_PLACEMENT_3D('',#9191,#9192,#9193);
#9191 = CARTESIAN_POINT('',(-6.362177826491,-1.973909236273,
    -4.581088913246));
#9192 = DIRECTION('',(0.5,0.433012701892,-0.75));
#9193 = DIRECTION('',(0.,-0.866025403784,-0.5));
#9194 = DEFINITIONAL_REPRESENTATION('',(#9195),#9199);
#9195 = ELLIPSE('',#9196,9.,4.5);
#9196 = AXIS2_PLACEMENT_2D('',#9197,#9198);
#9197 = CARTESIAN_POINT('',(-4.,-5.960769515459));
#9198 = DIRECTION('',(0.,1.));
#9199 = ( GEOMETRIC_REPRESENTATION_CONTEXT(2) 
PARAMETRIC_REPRESENTATION_CONTEXT() REPRESENTATION_CONTEXT('2D SPACE',''
  ) );
#9200 = ADVANCED_FACE('',(#9201,#9204),#8457,.T.);
#9201 = FACE_BOUND('',#9202,.T.);
#9202 = EDGE_LOOP('',(#9203));
#9203 = ORIENTED_EDGE('',*,*,#8442,.T.);
#9204 = FACE_BOUND('',#9205,.T.);
#9205 = EDGE_LOOP('',(#9206));
#9206 = ORIENTED_EDGE('',*,*,#9207,.T.);
#9207 = EDGE_CURVE('',#9208,#9208,#9210,.T.);
#9208 = VERTEX_POINT('',#9209);
#9209 = CARTESIAN_POINT('',(9.,1.5,0.));
#9210 = SURFACE_CURVE('',#9211,(#9216,#9227),.PCURVE_S1.);
#9211 = CIRCLE('',#9212,1.5);
#9212 = AXIS2_PLACEMENT_3D('',#9213,#9214,#9215);
#9213 = CARTESIAN_POINT('',(9.,0.,0.));
#9214 = DIRECTION('',(-1.,0.,0.));
#9215 = DIRECTION('',(0.,1.,0.));
#9216 = PCURVE('',#8457,#9217);
#9217 = DEFINITIONAL_REPRESENTATION('',(#9218),#9226);
#9218 = ( BOUNDED_CURVE() B_SPLINE_CURVE(2,(#9219,#9220,#9221,#9222,
#9223,#9224,#9225),.UNSPECIFIED.,.T.,.F.) B_SPLINE_CURVE_WITH_KNOTS((1,2
    ,2,2,2,1),(-2.094395102393,0.,2.094395102393,4.188790204786,
6.28318530718,8.377580409573),.UNSPECIFIED.) CURVE() 
GEOMETRIC_REPRESENTATION_ITEM() RATIONAL_B_SPLINE_CURVE((1.,0.5,1.,0.5,
1.,0.5,1.)) REPRESENTATION_ITEM('') );
#9219 = CARTESIAN_POINT('',(-1.201785651367E-16,-1.5));
#9220 = CARTESIAN_POINT('',(-2.598076211353,-1.5));
#9221 = CARTESIAN_POINT('',(-1.299038105677,0.75));
#9222 = CARTESIAN_POINT('',(-4.875726048809E-16,3.));
#9223 = CARTESIAN_POINT('',(1.299038105677,0.75));
#9224 = CARTESIAN_POINT('',(2.598076211353,-1.5));
#9225 = CARTESIAN_POINT('',(-1.201785651367E-16,-1.5));
#9226 = ( GEOMETRIC_REPRESENTATION_CONTEXT(2) 
PARAMETRIC_REPRESENTATION_CONTEXT() REPRESENTATION_CONTEXT('2D SPACE',''
  ) );
#9227 = PCURVE('',#9228,#9233);
#9228 = CYLINDRICAL_SURFACE('',#9229,1.5);
#9229 = AXIS2_PLACEMENT_3D('',#9230,#9231,#9232);
#9230 = CARTESIAN_POINT('',(-35.,0.,0.));
#9231 = DIRECTION('',(-1.,-0.,-0.));
#9232 = DIRECTION('',(0.,1.,0.));
#9233 = DEFINITIONAL_REPRESENTATION('',(#9234),#9238);
#9234 = LINE('',#9235,#9236);
#9235 = CARTESIAN_POINT('',(-6.28318530718,-44.));
#9236 = VECTOR('',#9237,1.);
#9237 = DIRECTION('',(1.,-0.));
#9238 = ( GEOMETRIC_REPRESENTATION_CONTEXT(2) 
PARAMETRIC_REPRESENTATION_CONTEXT() REPRESENTATION_CONTEXT('2D SPACE',''
  ) );
#9239 = ADVANCED_FACE('',(#9240),#8488,.F.);
#9240 = FACE_BOUND('',#9241,.F.);
#9241 = EDGE_LOOP('',(#9242,#9272,#9293,#9294));
#9242 = ORIENTED_EDGE('',*,*,#9243,.F.);
#9243 = EDGE_CURVE('',#9244,#9246,#9248,.T.);
#9244 = VERTEX_POINT('',#9245);
#9245 = CARTESIAN_POINT('',(-5.762177826491,-4.019615242271,4.));
#9246 = VERTEX_POINT('',#9247);
#9247 = CARTESIAN_POINT('',(-6.362177826491,-2.980384757729,4.));
#9248 = SURFACE_CURVE('',#9249,(#9253,#9260),.PCURVE_S1.);
#9249 = LINE('',#9250,#9251);
#9250 = CARTESIAN_POINT('',(-5.762177826491,-4.019615242271,4.));
#9251 = VECTOR('',#9252,1.);
#9252 = DIRECTION('',(-0.5,0.866025403784,0.));
#9253 = PCURVE('',#8488,#9254);
#9254 = DEFINITIONAL_REPRESENTATION('',(#9255),#9259);
#9255 = LINE('',#9256,#9257);
#9256 = CARTESIAN_POINT('',(0.,0.));
#9257 = VECTOR('',#9258,1.);
#9258 = DIRECTION('',(1.,0.));
#9259 = ( GEOMETRIC_REPRESENTATION_CONTEXT(2) 
PARAMETRIC_REPRESENTATION_CONTEXT() REPRESENTATION_CONTEXT('2D SPACE',''
  ) );
#9260 = PCURVE('',#9261,#9266);
#9261 = PLANE('',#9262);
#9262 = AXIS2_PLACEMENT_3D('',#9263,#9264,#9265);
#9263 = CARTESIAN_POINT('',(-6.062177826491,-3.5,8.1));
#9264 = DIRECTION('',(0.866025403784,0.5,0.));
#9265 = DIRECTION('',(0.,0.,1.));
#9266 = DEFINITIONAL_REPRESENTATION('',(#9267),#9271);
#9267 = LINE('',#9268,#9269);
#9268 = CARTESIAN_POINT('',(-4.1,0.6));
#9269 = VECTOR('',#9270,1.);
#9270 = DIRECTION('',(0.,-1.));
#9271 = ( GEOMETRIC_REPRESENTATION_CONTEXT(2) 
PARAMETRIC_REPRESENTATION_CONTEXT() REPRESENTATION_CONTEXT('2D SPACE',''
  ) );
#9272 = ORIENTED_EDGE('',*,*,#9273,.T.);
#9273 = EDGE_CURVE('',#9244,#8472,#9274,.T.);
#9274 = SURFACE_CURVE('',#9275,(#9279,#9286),.PCURVE_S1.);
#9275 = LINE('',#9276,#9277);
#9276 = CARTESIAN_POINT('',(-5.762177826491,-4.019615242271,4.));
#9277 = VECTOR('',#9278,1.);
#9278 = DIRECTION('',(0.866025403784,0.5,0.));
#9279 = PCURVE('',#8488,#9280);
#9280 = DEFINITIONAL_REPRESENTATION('',(#9281),#9285);
#9281 = LINE('',#9282,#9283);
#9282 = CARTESIAN_POINT('',(0.,0.));
#9283 = VECTOR('',#9284,1.);
#9284 = DIRECTION('',(0.,-1.));
#9285 = ( GEOMETRIC_REPRESENTATION_CONTEXT(2) 
PARAMETRIC_REPRESENTATION_CONTEXT() REPRESENTATION_CONTEXT('2D SPACE',''
  ) );
#9286 = PCURVE('',#8521,#9287);
#9287 = DEFINITIONAL_REPRESENTATION('',(#9288),#9292);
#9288 = LINE('',#9289,#9290);
#9289 = CARTESIAN_POINT('',(8.2,-0.));
#9290 = VECTOR('',#9291,1.);
#9291 = DIRECTION('',(0.,-1.));
#9292 = ( GEOMETRIC_REPRESENTATION_CONTEXT(2) 
PARAMETRIC_REPRESENTATION_CONTEXT() REPRESENTATION_CONTEXT('2D SPACE',''
  ) );
#9293 = ORIENTED_EDGE('',*,*,#8471,.T.);
#9294 = ORIENTED_EDGE('',*,*,#9295,.F.);
#9295 = EDGE_CURVE('',#9246,#8474,#9296,.T.);
#9296 = SURFACE_CURVE('',#9297,(#9301,#9308),.PCURVE_S1.);
#9297 = LINE('',#9298,#9299);
#9298 = CARTESIAN_POINT('',(-6.362177826491,-2.980384757729,4.));
#9299 = VECTOR('',#9300,1.);
#9300 = DIRECTION('',(0.866025403784,0.5,0.));
#9301 = PCURVE('',#8488,#9302);
#9302 = DEFINITIONAL_REPRESENTATION('',(#9303),#9307);
#9303 = LINE('',#9304,#9305);
#9304 = CARTESIAN_POINT('',(1.2,-4.440892098501E-16));
#9305 = VECTOR('',#9306,1.);
#9306 = DIRECTION('',(0.,-1.));
#9307 = ( GEOMETRIC_REPRESENTATION_CONTEXT(2) 
PARAMETRIC_REPRESENTATION_CONTEXT() REPRESENTATION_CONTEXT('2D SPACE',''
  ) );
#9308 = PCURVE('',#8579,#9309);
#9309 = DEFINITIONAL_REPRESENTATION('',(#9310),#9314);
#9310 = LINE('',#9311,#9312);
#9311 = CARTESIAN_POINT('',(0.,0.));
#9312 = VECTOR('',#9313,1.);
#9313 = DIRECTION('',(0.,-1.));
#9314 = ( GEOMETRIC_REPRESENTATION_CONTEXT(2) 
PARAMETRIC_REPRESENTATION_CONTEXT() REPRESENTATION_CONTEXT('2D SPACE',''
  ) );
#9315 = ADVANCED_FACE('',(#9316),#8521,.F.);
#9316 = FACE_BOUND('',#9317,.F.);
#9317 = EDGE_LOOP('',(#9318,#9341,#9369,#9397,#9418,#9419));
#9318 = ORIENTED_EDGE('',*,*,#9319,.F.);
#9319 = EDGE_CURVE('',#9320,#9244,#9322,.T.);
#9320 = VERTEX_POINT('',#9321);
#9321 = CARTESIAN_POINT('',(-5.762177826491,-4.019615242271,12.2));
#9322 = SURFACE_CURVE('',#9323,(#9327,#9334),.PCURVE_S1.);
#9323 = LINE('',#9324,#9325);
#9324 = CARTESIAN_POINT('',(-5.762177826491,-4.019615242271,12.2));
#9325 = VECTOR('',#9326,1.);
#9326 = DIRECTION('',(0.,0.,-1.));
#9327 = PCURVE('',#8521,#9328);
#9328 = DEFINITIONAL_REPRESENTATION('',(#9329),#9333);
#9329 = LINE('',#9330,#9331);
#9330 = CARTESIAN_POINT('',(0.,0.));
#9331 = VECTOR('',#9332,1.);
#9332 = DIRECTION('',(1.,-0.));
#9333 = ( GEOMETRIC_REPRESENTATION_CONTEXT(2) 
PARAMETRIC_REPRESENTATION_CONTEXT() REPRESENTATION_CONTEXT('2D SPACE',''
  ) );
#9334 = PCURVE('',#9261,#9335);
#9335 = DEFINITIONAL_REPRESENTATION('',(#9336),#9340);
#9336 = LINE('',#9337,#9338);
#9337 = CARTESIAN_POINT('',(4.1,0.6));
#9338 = VECTOR('',#9339,1.);
#9339 = DIRECTION('',(-1.,0.));
#9340 = ( GEOMETRIC_REPRESENTATION_CONTEXT(2) 
PARAMETRIC_REPRESENTATION_CONTEXT() REPRESENTATION_CONTEXT('2D SPACE',''
  ) );
#9341 = ORIENTED_EDGE('',*,*,#9342,.T.);
#9342 = EDGE_CURVE('',#9320,#9343,#9345,.T.);
#9343 = VERTEX_POINT('',#9344);
#9344 = CARTESIAN_POINT('',(6.362177826491,2.980384757729,12.2));
#9345 = SURFACE_CURVE('',#9346,(#9350,#9357),.PCURVE_S1.);
#9346 = LINE('',#9347,#9348);
#9347 = CARTESIAN_POINT('',(-5.762177826491,-4.019615242271,12.2));
#9348 = VECTOR('',#9349,1.);
#9349 = DIRECTION('',(0.866025403784,0.5,0.));
#9350 = PCURVE('',#8521,#9351);
#9351 = DEFINITIONAL_REPRESENTATION('',(#9352),#9356);
#9352 = LINE('',#9353,#9354);
#9353 = CARTESIAN_POINT('',(0.,0.));
#9354 = VECTOR('',#9355,1.);
#9355 = DIRECTION('',(0.,-1.));
#9356 = ( GEOMETRIC_REPRESENTATION_CONTEXT(2) 
PARAMETRIC_REPRESENTATION_CONTEXT() REPRESENTATION_CONTEXT('2D SPACE',''
  ) );
#9357 = PCURVE('',#9358,#9363);
#9358 = PLANE('',#9359);
#9359 = AXIS2_PLACEMENT_3D('',#9360,#9361,#9362);
#9360 = CARTESIAN_POINT('',(-6.362177826491,-2.980384757729,12.2));
#9361 = DIRECTION('',(0.,0.,-1.));
#9362 = DIRECTION('',(0.5,-0.866025403784,0.));
#9363 = DEFINITIONAL_REPRESENTATION('',(#9364),#9368);
#9364 = LINE('',#9365,#9366);
#9365 = CARTESIAN_POINT('',(1.2,4.440892098501E-16));
#9366 = VECTOR('',#9367,1.);
#9367 = DIRECTION('',(0.,-1.));
#9368 = ( GEOMETRIC_REPRESENTATION_CONTEXT(2) 
PARAMETRIC_REPRESENTATION_CONTEXT() REPRESENTATION_CONTEXT('2D SPACE',''
  ) );
#9369 = ORIENTED_EDGE('',*,*,#9370,.T.);
#9370 = EDGE_CURVE('',#9343,#9371,#9373,.T.);
#9371 = VERTEX_POINT('',#9372);
#9372 = CARTESIAN_POINT('',(6.362177826491,2.980384757729,4.));
#9373 = SURFACE_CURVE('',#9374,(#9378,#9385),.PCURVE_S1.);
#9374 = LINE('',#9375,#9376);
#9375 = CARTESIAN_POINT('',(6.362177826491,2.980384757729,12.2));
#9376 = VECTOR('',#9377,1.);
#9377 = DIRECTION('',(0.,0.,-1.));
#9378 = PCURVE('',#8521,#9379);
#9379 = DEFINITIONAL_REPRESENTATION('',(#9380),#9384);
#9380 = LINE('',#9381,#9382);
#9381 = CARTESIAN_POINT('',(0.,-14.));
#9382 = VECTOR('',#9383,1.);
#9383 = DIRECTION('',(1.,-0.));
#9384 = ( GEOMETRIC_REPRESENTATION_CONTEXT(2) 
PARAMETRIC_REPRESENTATION_CONTEXT() REPRESENTATION_CONTEXT('2D SPACE',''
  ) );
#9385 = PCURVE('',#9386,#9391);
#9386 = PLANE('',#9387);
#9387 = AXIS2_PLACEMENT_3D('',#9388,#9389,#9390);
#9388 = CARTESIAN_POINT('',(6.062177826491,3.5,8.1));
#9389 = DIRECTION('',(0.866025403784,0.5,0.));
#9390 = DIRECTION('',(0.,0.,1.));
#9391 = DEFINITIONAL_REPRESENTATION('',(#9392),#9396);
#9392 = LINE('',#9393,#9394);
#9393 = CARTESIAN_POINT('',(4.1,0.6));
#9394 = VECTOR('',#9395,1.);
#9395 = DIRECTION('',(-1.,0.));
#9396 = ( GEOMETRIC_REPRESENTATION_CONTEXT(2) 
PARAMETRIC_REPRESENTATION_CONTEXT() REPRESENTATION_CONTEXT('2D SPACE',''
  ) );
#9397 = ORIENTED_EDGE('',*,*,#9398,.F.);
#9398 = EDGE_CURVE('',#8500,#9371,#9399,.T.);
#9399 = SURFACE_CURVE('',#9400,(#9404,#9411),.PCURVE_S1.);
#9400 = LINE('',#9401,#9402);
#9401 = CARTESIAN_POINT('',(-5.762177826491,-4.019615242271,4.));
#9402 = VECTOR('',#9403,1.);
#9403 = DIRECTION('',(0.866025403784,0.5,0.));
#9404 = PCURVE('',#8521,#9405);
#9405 = DEFINITIONAL_REPRESENTATION('',(#9406),#9410);
#9406 = LINE('',#9407,#9408);
#9407 = CARTESIAN_POINT('',(8.2,-0.));
#9408 = VECTOR('',#9409,1.);
#9409 = DIRECTION('',(0.,-1.));
#9410 = ( GEOMETRIC_REPRESENTATION_CONTEXT(2) 
PARAMETRIC_REPRESENTATION_CONTEXT() REPRESENTATION_CONTEXT('2D SPACE',''
  ) );
#9411 = PCURVE('',#8548,#9412);
#9412 = DEFINITIONAL_REPRESENTATION('',(#9413),#9417);
#9413 = LINE('',#9414,#9415);
#9414 = CARTESIAN_POINT('',(0.,0.));
#9415 = VECTOR('',#9416,1.);
#9416 = DIRECTION('',(0.,-1.));
#9417 = ( GEOMETRIC_REPRESENTATION_CONTEXT(2) 
PARAMETRIC_REPRESENTATION_CONTEXT() REPRESENTATION_CONTEXT('2D SPACE',''
  ) );
#9418 = ORIENTED_EDGE('',*,*,#8499,.F.);
#9419 = ORIENTED_EDGE('',*,*,#9273,.F.);
#9420 = ADVANCED_FACE('',(#9421),#8579,.F.);
#9421 = FACE_BOUND('',#9422,.F.);
#9422 = EDGE_LOOP('',(#9423,#9446,#9447,#9448,#9471,#9494));
#9423 = ORIENTED_EDGE('',*,*,#9424,.F.);
#9424 = EDGE_CURVE('',#9246,#9425,#9427,.T.);
#9425 = VERTEX_POINT('',#9426);
#9426 = CARTESIAN_POINT('',(-6.362177826491,-2.980384757729,12.2));
#9427 = SURFACE_CURVE('',#9428,(#9432,#9439),.PCURVE_S1.);
#9428 = LINE('',#9429,#9430);
#9429 = CARTESIAN_POINT('',(-6.362177826491,-2.980384757729,4.));
#9430 = VECTOR('',#9431,1.);
#9431 = DIRECTION('',(0.,0.,1.));
#9432 = PCURVE('',#8579,#9433);
#9433 = DEFINITIONAL_REPRESENTATION('',(#9434),#9438);
#9434 = LINE('',#9435,#9436);
#9435 = CARTESIAN_POINT('',(0.,0.));
#9436 = VECTOR('',#9437,1.);
#9437 = DIRECTION('',(1.,0.));
#9438 = ( GEOMETRIC_REPRESENTATION_CONTEXT(2) 
PARAMETRIC_REPRESENTATION_CONTEXT() REPRESENTATION_CONTEXT('2D SPACE',''
  ) );
#9439 = PCURVE('',#9261,#9440);
#9440 = DEFINITIONAL_REPRESENTATION('',(#9441),#9445);
#9441 = LINE('',#9442,#9443);
#9442 = CARTESIAN_POINT('',(-4.1,-0.6));
#9443 = VECTOR('',#9444,1.);
#9444 = DIRECTION('',(1.,0.));
#9445 = ( GEOMETRIC_REPRESENTATION_CONTEXT(2) 
PARAMETRIC_REPRESENTATION_CONTEXT() REPRESENTATION_CONTEXT('2D SPACE',''
  ) );
#9446 = ORIENTED_EDGE('',*,*,#9295,.T.);
#9447 = ORIENTED_EDGE('',*,*,#8559,.F.);
#9448 = ORIENTED_EDGE('',*,*,#9449,.T.);
#9449 = EDGE_CURVE('',#8534,#9450,#9452,.T.);
#9450 = VERTEX_POINT('',#9451);
#9451 = CARTESIAN_POINT('',(5.762177826491,4.019615242271,4.));
#9452 = SURFACE_CURVE('',#9453,(#9457,#9464),.PCURVE_S1.);
#9453 = LINE('',#9454,#9455);
#9454 = CARTESIAN_POINT('',(-6.362177826491,-2.980384757729,4.));
#9455 = VECTOR('',#9456,1.);
#9456 = DIRECTION('',(0.866025403784,0.5,0.));
#9457 = PCURVE('',#8579,#9458);
#9458 = DEFINITIONAL_REPRESENTATION('',(#9459),#9463);
#9459 = LINE('',#9460,#9461);
#9460 = CARTESIAN_POINT('',(0.,0.));
#9461 = VECTOR('',#9462,1.);
#9462 = DIRECTION('',(0.,-1.));
#9463 = ( GEOMETRIC_REPRESENTATION_CONTEXT(2) 
PARAMETRIC_REPRESENTATION_CONTEXT() REPRESENTATION_CONTEXT('2D SPACE',''
  ) );
#9464 = PCURVE('',#8548,#9465);
#9465 = DEFINITIONAL_REPRESENTATION('',(#9466),#9470);
#9466 = LINE('',#9467,#9468);
#9467 = CARTESIAN_POINT('',(1.2,-4.440892098501E-16));
#9468 = VECTOR('',#9469,1.);
#9469 = DIRECTION('',(0.,-1.));
#9470 = ( GEOMETRIC_REPRESENTATION_CONTEXT(2) 
PARAMETRIC_REPRESENTATION_CONTEXT() REPRESENTATION_CONTEXT('2D SPACE',''
  ) );
#9471 = ORIENTED_EDGE('',*,*,#9472,.T.);
#9472 = EDGE_CURVE('',#9450,#9473,#9475,.T.);
#9473 = VERTEX_POINT('',#9474);
#9474 = CARTESIAN_POINT('',(5.762177826491,4.019615242271,12.2));
#9475 = SURFACE_CURVE('',#9476,(#9480,#9487),.PCURVE_S1.);
#9476 = LINE('',#9477,#9478);
#9477 = CARTESIAN_POINT('',(5.762177826491,4.019615242271,4.));
#9478 = VECTOR('',#9479,1.);
#9479 = DIRECTION('',(0.,0.,1.));
#9480 = PCURVE('',#8579,#9481);
#9481 = DEFINITIONAL_REPRESENTATION('',(#9482),#9486);
#9482 = LINE('',#9483,#9484);
#9483 = CARTESIAN_POINT('',(0.,-14.));
#9484 = VECTOR('',#9485,1.);
#9485 = DIRECTION('',(1.,0.));
#9486 = ( GEOMETRIC_REPRESENTATION_CONTEXT(2) 
PARAMETRIC_REPRESENTATION_CONTEXT() REPRESENTATION_CONTEXT('2D SPACE',''
  ) );
#9487 = PCURVE('',#9386,#9488);
#9488 = DEFINITIONAL_REPRESENTATION('',(#9489),#9493);
#9489 = LINE('',#9490,#9491);
#9490 = CARTESIAN_POINT('',(-4.1,-0.6));
#9491 = VECTOR('',#9492,1.);
#9492 = DIRECTION('',(1.,0.));
#9493 = ( GEOMETRIC_REPRESENTATION_CONTEXT(2) 
PARAMETRIC_REPRESENTATION_CONTEXT() REPRESENTATION_CONTEXT('2D SPACE',''
  ) );
#9494 = ORIENTED_EDGE('',*,*,#9495,.F.);
#9495 = EDGE_CURVE('',#9425,#9473,#9496,.T.);
#9496 = SURFACE_CURVE('',#9497,(#9501,#9508),.PCURVE_S1.);
#9497 = LINE('',#9498,#9499);
#9498 = CARTESIAN_POINT('',(-6.362177826491,-2.980384757729,12.2));
#9499 = VECTOR('',#9500,1.);
#9500 = DIRECTION('',(0.866025403784,0.5,0.));
#9501 = PCURVE('',#8579,#9502);
#9502 = DEFINITIONAL_REPRESENTATION('',(#9503),#9507);
#9503 = LINE('',#9504,#9505);
#9504 = CARTESIAN_POINT('',(8.2,0.));
#9505 = VECTOR('',#9506,1.);
#9506 = DIRECTION('',(0.,-1.));
#9507 = ( GEOMETRIC_REPRESENTATION_CONTEXT(2) 
PARAMETRIC_REPRESENTATION_CONTEXT() REPRESENTATION_CONTEXT('2D SPACE',''
  ) );
#9508 = PCURVE('',#9358,#9509);
#9509 = DEFINITIONAL_REPRESENTATION('',(#9510),#9514);
#9510 = LINE('',#9511,#9512);
#9511 = CARTESIAN_POINT('',(0.,-0.));
#9512 = VECTOR('',#9513,1.);
#9513 = DIRECTION('',(0.,-1.));
#9514 = ( GEOMETRIC_REPRESENTATION_CONTEXT(2) 
PARAMETRIC_REPRESENTATION_CONTEXT() REPRESENTATION_CONTEXT('2D SPACE',''
  ) );
#9515 = ADVANCED_FACE('',(#9516),#8548,.F.);
#9516 = FACE_BOUND('',#9517,.F.);
#9517 = EDGE_LOOP('',(#9518,#9519,#9520,#9541));
#9518 = ORIENTED_EDGE('',*,*,#8533,.F.);
#9519 = ORIENTED_EDGE('',*,*,#9398,.T.);
#9520 = ORIENTED_EDGE('',*,*,#9521,.T.);
#9521 = EDGE_CURVE('',#9371,#9450,#9522,.T.);
#9522 = SURFACE_CURVE('',#9523,(#9527,#9534),.PCURVE_S1.);
#9523 = LINE('',#9524,#9525);
#9524 = CARTESIAN_POINT('',(6.362177826491,2.980384757729,4.));
#9525 = VECTOR('',#9526,1.);
#9526 = DIRECTION('',(-0.5,0.866025403784,0.));
#9527 = PCURVE('',#8548,#9528);
#9528 = DEFINITIONAL_REPRESENTATION('',(#9529),#9533);
#9529 = LINE('',#9530,#9531);
#9530 = CARTESIAN_POINT('',(0.,-14.));
#9531 = VECTOR('',#9532,1.);
#9532 = DIRECTION('',(1.,0.));
#9533 = ( GEOMETRIC_REPRESENTATION_CONTEXT(2) 
PARAMETRIC_REPRESENTATION_CONTEXT() REPRESENTATION_CONTEXT('2D SPACE',''
  ) );
#9534 = PCURVE('',#9386,#9535);
#9535 = DEFINITIONAL_REPRESENTATION('',(#9536),#9540);
#9536 = LINE('',#9537,#9538);
#9537 = CARTESIAN_POINT('',(-4.1,0.6));
#9538 = VECTOR('',#9539,1.);
#9539 = DIRECTION('',(0.,-1.));
#9540 = ( GEOMETRIC_REPRESENTATION_CONTEXT(2) 
PARAMETRIC_REPRESENTATION_CONTEXT() REPRESENTATION_CONTEXT('2D SPACE',''
  ) );
#9541 = ORIENTED_EDGE('',*,*,#9449,.F.);
#9542 = ADVANCED_FACE('',(#9543),#8610,.F.);
#9543 = FACE_BOUND('',#9544,.F.);
#9544 = EDGE_LOOP('',(#9545,#9575,#9596,#9597));
#9545 = ORIENTED_EDGE('',*,*,#9546,.F.);
#9546 = EDGE_CURVE('',#9547,#9549,#9551,.T.);
#9547 = VERTEX_POINT('',#9548);
#9548 = CARTESIAN_POINT('',(-5.762177826491,4.019615242271,-4.));
#9549 = VERTEX_POINT('',#9550);
#9550 = CARTESIAN_POINT('',(-6.362177826491,2.980384757729,-4.));
#9551 = SURFACE_CURVE('',#9552,(#9556,#9563),.PCURVE_S1.);
#9552 = LINE('',#9553,#9554);
#9553 = CARTESIAN_POINT('',(-5.762177826491,4.019615242271,-4.));
#9554 = VECTOR('',#9555,1.);
#9555 = DIRECTION('',(-0.5,-0.866025403784,1.060575238725E-16));
#9556 = PCURVE('',#8610,#9557);
#9557 = DEFINITIONAL_REPRESENTATION('',(#9558),#9562);
#9558 = LINE('',#9559,#9560);
#9559 = CARTESIAN_POINT('',(0.,0.));
#9560 = VECTOR('',#9561,1.);
#9561 = DIRECTION('',(1.,-6.494150356797E-33));
#9562 = ( GEOMETRIC_REPRESENTATION_CONTEXT(2) 
PARAMETRIC_REPRESENTATION_CONTEXT() REPRESENTATION_CONTEXT('2D SPACE',''
  ) );
#9563 = PCURVE('',#9564,#9569);
#9564 = PLANE('',#9565);
#9565 = AXIS2_PLACEMENT_3D('',#9566,#9567,#9568);
#9566 = CARTESIAN_POINT('',(-6.062177826491,3.5,-8.1));
#9567 = DIRECTION('',(0.866025403784,-0.5,6.123233995737E-17));
#9568 = DIRECTION('',(0.,-1.224646799147E-16,-1.));
#9569 = DEFINITIONAL_REPRESENTATION('',(#9570),#9574);
#9570 = LINE('',#9571,#9572);
#9571 = CARTESIAN_POINT('',(-4.1,0.6));
#9572 = VECTOR('',#9573,1.);
#9573 = DIRECTION('',(0.,-1.));
#9574 = ( GEOMETRIC_REPRESENTATION_CONTEXT(2) 
PARAMETRIC_REPRESENTATION_CONTEXT() REPRESENTATION_CONTEXT('2D SPACE',''
  ) );
#9575 = ORIENTED_EDGE('',*,*,#9576,.T.);
#9576 = EDGE_CURVE('',#9547,#8594,#9577,.T.);
#9577 = SURFACE_CURVE('',#9578,(#9582,#9589),.PCURVE_S1.);
#9578 = LINE('',#9579,#9580);
#9579 = CARTESIAN_POINT('',(-5.762177826491,4.019615242271,-4.));
#9580 = VECTOR('',#9581,1.);
#9581 = DIRECTION('',(0.866025403784,-0.5,6.123233995737E-17));
#9582 = PCURVE('',#8610,#9583);
#9583 = DEFINITIONAL_REPRESENTATION('',(#9584),#9588);
#9584 = LINE('',#9585,#9586);
#9585 = CARTESIAN_POINT('',(0.,0.));
#9586 = VECTOR('',#9587,1.);
#9587 = DIRECTION('',(6.494150356797E-33,-1.));
#9588 = ( GEOMETRIC_REPRESENTATION_CONTEXT(2) 
PARAMETRIC_REPRESENTATION_CONTEXT() REPRESENTATION_CONTEXT('2D SPACE',''
  ) );
#9589 = PCURVE('',#8643,#9590);
#9590 = DEFINITIONAL_REPRESENTATION('',(#9591),#9595);
#9591 = LINE('',#9592,#9593);
#9592 = CARTESIAN_POINT('',(8.2,-5.801597780035E-17));
#9593 = VECTOR('',#9594,1.);
#9594 = DIRECTION('',(0.,-1.));
#9595 = ( GEOMETRIC_REPRESENTATION_CONTEXT(2) 
PARAMETRIC_REPRESENTATION_CONTEXT() REPRESENTATION_CONTEXT('2D SPACE',''
  ) );
#9596 = ORIENTED_EDGE('',*,*,#8593,.T.);
#9597 = ORIENTED_EDGE('',*,*,#9598,.F.);
#9598 = EDGE_CURVE('',#9549,#8596,#9599,.T.);
#9599 = SURFACE_CURVE('',#9600,(#9604,#9611),.PCURVE_S1.);
#9600 = LINE('',#9601,#9602);
#9601 = CARTESIAN_POINT('',(-6.362177826491,2.980384757729,-4.));
#9602 = VECTOR('',#9603,1.);
#9603 = DIRECTION('',(0.866025403784,-0.5,6.123233995737E-17));
#9604 = PCURVE('',#8610,#9605);
#9605 = DEFINITIONAL_REPRESENTATION('',(#9606),#9610);
#9606 = LINE('',#9607,#9608);
#9607 = CARTESIAN_POINT('',(1.2,-2.22044604925E-16));
#9608 = VECTOR('',#9609,1.);
#9609 = DIRECTION('',(6.494150356797E-33,-1.));
#9610 = ( GEOMETRIC_REPRESENTATION_CONTEXT(2) 
PARAMETRIC_REPRESENTATION_CONTEXT() REPRESENTATION_CONTEXT('2D SPACE',''
  ) );
#9611 = PCURVE('',#8701,#9612);
#9612 = DEFINITIONAL_REPRESENTATION('',(#9613),#9617);
#9613 = LINE('',#9614,#9615);
#9614 = CARTESIAN_POINT('',(0.,0.));
#9615 = VECTOR('',#9616,1.);
#9616 = DIRECTION('',(0.,-1.));
#9617 = ( GEOMETRIC_REPRESENTATION_CONTEXT(2) 
PARAMETRIC_REPRESENTATION_CONTEXT() REPRESENTATION_CONTEXT('2D SPACE',''
  ) );
#9618 = ADVANCED_FACE('',(#9619),#8643,.F.);
#9619 = FACE_BOUND('',#9620,.F.);
#9620 = EDGE_LOOP('',(#9621,#9644,#9672,#9700,#9721,#9722));
#9621 = ORIENTED_EDGE('',*,*,#9622,.F.);
#9622 = EDGE_CURVE('',#9623,#9547,#9625,.T.);
#9623 = VERTEX_POINT('',#9624);
#9624 = CARTESIAN_POINT('',(-5.762177826491,4.019615242271,-12.2));
#9625 = SURFACE_CURVE('',#9626,(#9630,#9637),.PCURVE_S1.);
#9626 = LINE('',#9627,#9628);
#9627 = CARTESIAN_POINT('',(-5.762177826491,4.019615242271,-12.2));
#9628 = VECTOR('',#9629,1.);
#9629 = DIRECTION('',(0.,1.224646799147E-16,1.));
#9630 = PCURVE('',#8643,#9631);
#9631 = DEFINITIONAL_REPRESENTATION('',(#9632),#9636);
#9632 = LINE('',#9633,#9634);
#9633 = CARTESIAN_POINT('',(0.,0.));
#9634 = VECTOR('',#9635,1.);
#9635 = DIRECTION('',(1.,0.));
#9636 = ( GEOMETRIC_REPRESENTATION_CONTEXT(2) 
PARAMETRIC_REPRESENTATION_CONTEXT() REPRESENTATION_CONTEXT('2D SPACE',''
  ) );
#9637 = PCURVE('',#9564,#9638);
#9638 = DEFINITIONAL_REPRESENTATION('',(#9639),#9643);
#9639 = LINE('',#9640,#9641);
#9640 = CARTESIAN_POINT('',(4.1,0.6));
#9641 = VECTOR('',#9642,1.);
#9642 = DIRECTION('',(-1.,0.));
#9643 = ( GEOMETRIC_REPRESENTATION_CONTEXT(2) 
PARAMETRIC_REPRESENTATION_CONTEXT() REPRESENTATION_CONTEXT('2D SPACE',''
  ) );
#9644 = ORIENTED_EDGE('',*,*,#9645,.T.);
#9645 = EDGE_CURVE('',#9623,#9646,#9648,.T.);
#9646 = VERTEX_POINT('',#9647);
#9647 = CARTESIAN_POINT('',(6.362177826491,-2.980384757729,-12.2));
#9648 = SURFACE_CURVE('',#9649,(#9653,#9660),.PCURVE_S1.);
#9649 = LINE('',#9650,#9651);
#9650 = CARTESIAN_POINT('',(-5.762177826491,4.019615242271,-12.2));
#9651 = VECTOR('',#9652,1.);
#9652 = DIRECTION('',(0.866025403784,-0.5,6.123233995737E-17));
#9653 = PCURVE('',#8643,#9654);
#9654 = DEFINITIONAL_REPRESENTATION('',(#9655),#9659);
#9655 = LINE('',#9656,#9657);
#9656 = CARTESIAN_POINT('',(0.,0.));
#9657 = VECTOR('',#9658,1.);
#9658 = DIRECTION('',(0.,-1.));
#9659 = ( GEOMETRIC_REPRESENTATION_CONTEXT(2) 
PARAMETRIC_REPRESENTATION_CONTEXT() REPRESENTATION_CONTEXT('2D SPACE',''
  ) );
#9660 = PCURVE('',#9661,#9666);
#9661 = PLANE('',#9662);
#9662 = AXIS2_PLACEMENT_3D('',#9663,#9664,#9665);
#9663 = CARTESIAN_POINT('',(-6.362177826491,2.980384757729,-12.2));
#9664 = DIRECTION('',(0.,1.224646799147E-16,1.));
#9665 = DIRECTION('',(0.5,0.866025403784,-1.060575238725E-16));
#9666 = DEFINITIONAL_REPRESENTATION('',(#9667),#9671);
#9667 = LINE('',#9668,#9669);
#9668 = CARTESIAN_POINT('',(1.2,2.22044604925E-16));
#9669 = VECTOR('',#9670,1.);
#9670 = DIRECTION('',(-6.494150356797E-33,-1.));
#9671 = ( GEOMETRIC_REPRESENTATION_CONTEXT(2) 
PARAMETRIC_REPRESENTATION_CONTEXT() REPRESENTATION_CONTEXT('2D SPACE',''
  ) );
#9672 = ORIENTED_EDGE('',*,*,#9673,.T.);
#9673 = EDGE_CURVE('',#9646,#9674,#9676,.T.);
#9674 = VERTEX_POINT('',#9675);
#9675 = CARTESIAN_POINT('',(6.362177826491,-2.980384757729,-4.));
#9676 = SURFACE_CURVE('',#9677,(#9681,#9688),.PCURVE_S1.);
#9677 = LINE('',#9678,#9679);
#9678 = CARTESIAN_POINT('',(6.362177826491,-2.980384757729,-12.2));
#9679 = VECTOR('',#9680,1.);
#9680 = DIRECTION('',(0.,1.224646799147E-16,1.));
#9681 = PCURVE('',#8643,#9682);
#9682 = DEFINITIONAL_REPRESENTATION('',(#9683),#9687);
#9683 = LINE('',#9684,#9685);
#9684 = CARTESIAN_POINT('',(-8.572527594031E-16,-14.));
#9685 = VECTOR('',#9686,1.);
#9686 = DIRECTION('',(1.,0.));
#9687 = ( GEOMETRIC_REPRESENTATION_CONTEXT(2) 
PARAMETRIC_REPRESENTATION_CONTEXT() REPRESENTATION_CONTEXT('2D SPACE',''
  ) );
#9688 = PCURVE('',#9689,#9694);
#9689 = PLANE('',#9690);
#9690 = AXIS2_PLACEMENT_3D('',#9691,#9692,#9693);
#9691 = CARTESIAN_POINT('',(6.062177826491,-3.5,-8.1));
#9692 = DIRECTION('',(0.866025403784,-0.5,6.123233995737E-17));
#9693 = DIRECTION('',(0.,-1.224646799147E-16,-1.));
#9694 = DEFINITIONAL_REPRESENTATION('',(#9695),#9699);
#9695 = LINE('',#9696,#9697);
#9696 = CARTESIAN_POINT('',(4.1,0.6));
#9697 = VECTOR('',#9698,1.);
#9698 = DIRECTION('',(-1.,0.));
#9699 = ( GEOMETRIC_REPRESENTATION_CONTEXT(2) 
PARAMETRIC_REPRESENTATION_CONTEXT() REPRESENTATION_CONTEXT('2D SPACE',''
  ) );
#9700 = ORIENTED_EDGE('',*,*,#9701,.F.);
#9701 = EDGE_CURVE('',#8622,#9674,#9702,.T.);
#9702 = SURFACE_CURVE('',#9703,(#9707,#9714),.PCURVE_S1.);
#9703 = LINE('',#9704,#9705);
#9704 = CARTESIAN_POINT('',(-5.762177826491,4.019615242271,-4.));
#9705 = VECTOR('',#9706,1.);
#9706 = DIRECTION('',(0.866025403784,-0.5,6.123233995737E-17));
#9707 = PCURVE('',#8643,#9708);
#9708 = DEFINITIONAL_REPRESENTATION('',(#9709),#9713);
#9709 = LINE('',#9710,#9711);
#9710 = CARTESIAN_POINT('',(8.2,-5.801597780035E-17));
#9711 = VECTOR('',#9712,1.);
#9712 = DIRECTION('',(0.,-1.));
#9713 = ( GEOMETRIC_REPRESENTATION_CONTEXT(2) 
PARAMETRIC_REPRESENTATION_CONTEXT() REPRESENTATION_CONTEXT('2D SPACE',''
  ) );
#9714 = PCURVE('',#8670,#9715);
#9715 = DEFINITIONAL_REPRESENTATION('',(#9716),#9720);
#9716 = LINE('',#9717,#9718);
#9717 = CARTESIAN_POINT('',(0.,0.));
#9718 = VECTOR('',#9719,1.);
#9719 = DIRECTION('',(6.494150356797E-33,-1.));
#9720 = ( GEOMETRIC_REPRESENTATION_CONTEXT(2) 
PARAMETRIC_REPRESENTATION_CONTEXT() REPRESENTATION_CONTEXT('2D SPACE',''
  ) );
#9721 = ORIENTED_EDGE('',*,*,#8621,.F.);
#9722 = ORIENTED_EDGE('',*,*,#9576,.F.);
#9723 = ADVANCED_FACE('',(#9724),#8701,.F.);
#9724 = FACE_BOUND('',#9725,.F.);
#9725 = EDGE_LOOP('',(#9726,#9749,#9750,#9751,#9774,#9797));
#9726 = ORIENTED_EDGE('',*,*,#9727,.F.);
#9727 = EDGE_CURVE('',#9549,#9728,#9730,.T.);
#9728 = VERTEX_POINT('',#9729);
#9729 = CARTESIAN_POINT('',(-6.362177826491,2.980384757729,-12.2));
#9730 = SURFACE_CURVE('',#9731,(#9735,#9742),.PCURVE_S1.);
#9731 = LINE('',#9732,#9733);
#9732 = CARTESIAN_POINT('',(-6.362177826491,2.980384757729,-4.));
#9733 = VECTOR('',#9734,1.);
#9734 = DIRECTION('',(0.,-1.224646799147E-16,-1.));
#9735 = PCURVE('',#8701,#9736);
#9736 = DEFINITIONAL_REPRESENTATION('',(#9737),#9741);
#9737 = LINE('',#9738,#9739);
#9738 = CARTESIAN_POINT('',(0.,0.));
#9739 = VECTOR('',#9740,1.);
#9740 = DIRECTION('',(1.,0.));
#9741 = ( GEOMETRIC_REPRESENTATION_CONTEXT(2) 
PARAMETRIC_REPRESENTATION_CONTEXT() REPRESENTATION_CONTEXT('2D SPACE',''
  ) );
#9742 = PCURVE('',#9564,#9743);
#9743 = DEFINITIONAL_REPRESENTATION('',(#9744),#9748);
#9744 = LINE('',#9745,#9746);
#9745 = CARTESIAN_POINT('',(-4.1,-0.6));
#9746 = VECTOR('',#9747,1.);
#9747 = DIRECTION('',(1.,0.));
#9748 = ( GEOMETRIC_REPRESENTATION_CONTEXT(2) 
PARAMETRIC_REPRESENTATION_CONTEXT() REPRESENTATION_CONTEXT('2D SPACE',''
  ) );
#9749 = ORIENTED_EDGE('',*,*,#9598,.T.);
#9750 = ORIENTED_EDGE('',*,*,#8681,.F.);
#9751 = ORIENTED_EDGE('',*,*,#9752,.T.);
#9752 = EDGE_CURVE('',#8656,#9753,#9755,.T.);
#9753 = VERTEX_POINT('',#9754);
#9754 = CARTESIAN_POINT('',(5.762177826491,-4.019615242271,-4.));
#9755 = SURFACE_CURVE('',#9756,(#9760,#9767),.PCURVE_S1.);
#9756 = LINE('',#9757,#9758);
#9757 = CARTESIAN_POINT('',(-6.362177826491,2.980384757729,-4.));
#9758 = VECTOR('',#9759,1.);
#9759 = DIRECTION('',(0.866025403784,-0.5,6.123233995737E-17));
#9760 = PCURVE('',#8701,#9761);
#9761 = DEFINITIONAL_REPRESENTATION('',(#9762),#9766);
#9762 = LINE('',#9763,#9764);
#9763 = CARTESIAN_POINT('',(0.,0.));
#9764 = VECTOR('',#9765,1.);
#9765 = DIRECTION('',(0.,-1.));
#9766 = ( GEOMETRIC_REPRESENTATION_CONTEXT(2) 
PARAMETRIC_REPRESENTATION_CONTEXT() REPRESENTATION_CONTEXT('2D SPACE',''
  ) );
#9767 = PCURVE('',#8670,#9768);
#9768 = DEFINITIONAL_REPRESENTATION('',(#9769),#9773);
#9769 = LINE('',#9770,#9771);
#9770 = CARTESIAN_POINT('',(1.2,-2.22044604925E-16));
#9771 = VECTOR('',#9772,1.);
#9772 = DIRECTION('',(6.494150356797E-33,-1.));
#9773 = ( GEOMETRIC_REPRESENTATION_CONTEXT(2) 
PARAMETRIC_REPRESENTATION_CONTEXT() REPRESENTATION_CONTEXT('2D SPACE',''
  ) );
#9774 = ORIENTED_EDGE('',*,*,#9775,.T.);
#9775 = EDGE_CURVE('',#9753,#9776,#9778,.T.);
#9776 = VERTEX_POINT('',#9777);
#9777 = CARTESIAN_POINT('',(5.762177826491,-4.019615242271,-12.2));
#9778 = SURFACE_CURVE('',#9779,(#9783,#9790),.PCURVE_S1.);
#9779 = LINE('',#9780,#9781);
#9780 = CARTESIAN_POINT('',(5.762177826491,-4.019615242271,-4.));
#9781 = VECTOR('',#9782,1.);
#9782 = DIRECTION('',(0.,-1.224646799147E-16,-1.));
#9783 = PCURVE('',#8701,#9784);
#9784 = DEFINITIONAL_REPRESENTATION('',(#9785),#9789);
#9785 = LINE('',#9786,#9787);
#9786 = CARTESIAN_POINT('',(4.131635495531E-16,-14.));
#9787 = VECTOR('',#9788,1.);
#9788 = DIRECTION('',(1.,0.));
#9789 = ( GEOMETRIC_REPRESENTATION_CONTEXT(2) 
PARAMETRIC_REPRESENTATION_CONTEXT() REPRESENTATION_CONTEXT('2D SPACE',''
  ) );
#9790 = PCURVE('',#9689,#9791);
#9791 = DEFINITIONAL_REPRESENTATION('',(#9792),#9796);
#9792 = LINE('',#9793,#9794);
#9793 = CARTESIAN_POINT('',(-4.1,-0.6));
#9794 = VECTOR('',#9795,1.);
#9795 = DIRECTION('',(1.,0.));
#9796 = ( GEOMETRIC_REPRESENTATION_CONTEXT(2) 
PARAMETRIC_REPRESENTATION_CONTEXT() REPRESENTATION_CONTEXT('2D SPACE',''
  ) );
#9797 = ORIENTED_EDGE('',*,*,#9798,.F.);
#9798 = EDGE_CURVE('',#9728,#9776,#9799,.T.);
#9799 = SURFACE_CURVE('',#9800,(#9804,#9811),.PCURVE_S1.);
#9800 = LINE('',#9801,#9802);
#9801 = CARTESIAN_POINT('',(-6.362177826491,2.980384757729,-12.2));
#9802 = VECTOR('',#9803,1.);
#9803 = DIRECTION('',(0.866025403784,-0.5,6.123233995737E-17));
#9804 = PCURVE('',#8701,#9805);
#9805 = DEFINITIONAL_REPRESENTATION('',(#9806),#9810);
#9806 = LINE('',#9807,#9808);
#9807 = CARTESIAN_POINT('',(8.2,5.801597780035E-17));
#9808 = VECTOR('',#9809,1.);
#9809 = DIRECTION('',(0.,-1.));
#9810 = ( GEOMETRIC_REPRESENTATION_CONTEXT(2) 
PARAMETRIC_REPRESENTATION_CONTEXT() REPRESENTATION_CONTEXT('2D SPACE',''
  ) );
#9811 = PCURVE('',#9661,#9812);
#9812 = DEFINITIONAL_REPRESENTATION('',(#9813),#9817);
#9813 = LINE('',#9814,#9815);
#9814 = CARTESIAN_POINT('',(0.,0.));
#9815 = VECTOR('',#9816,1.);
#9816 = DIRECTION('',(-6.494150356797E-33,-1.));
#9817 = ( GEOMETRIC_REPRESENTATION_CONTEXT(2) 
PARAMETRIC_REPRESENTATION_CONTEXT() REPRESENTATION_CONTEXT('2D SPACE',''
  ) );
#9818 = ADVANCED_FACE('',(#9819),#8670,.F.);
#9819 = FACE_BOUND('',#9820,.F.);
#9820 = EDGE_LOOP('',(#9821,#9822,#9823,#9844));
#9821 = ORIENTED_EDGE('',*,*,#8655,.F.);
#9822 = ORIENTED_EDGE('',*,*,#9701,.T.);
#9823 = ORIENTED_EDGE('',*,*,#9824,.T.);
#9824 = EDGE_CURVE('',#9674,#9753,#9825,.T.);
#9825 = SURFACE_CURVE('',#9826,(#9830,#9837),.PCURVE_S1.);
#9826 = LINE('',#9827,#9828);
#9827 = CARTESIAN_POINT('',(6.362177826491,-2.980384757729,-4.));
#9828 = VECTOR('',#9829,1.);
#9829 = DIRECTION('',(-0.5,-0.866025403784,1.060575238725E-16));
#9830 = PCURVE('',#8670,#9831);
#9831 = DEFINITIONAL_REPRESENTATION('',(#9832),#9836);
#9832 = LINE('',#9833,#9834);
#9833 = CARTESIAN_POINT('',(-8.881784197001E-16,-14.));
#9834 = VECTOR('',#9835,1.);
#9835 = DIRECTION('',(1.,-6.494150356797E-33));
#9836 = ( GEOMETRIC_REPRESENTATION_CONTEXT(2) 
PARAMETRIC_REPRESENTATION_CONTEXT() REPRESENTATION_CONTEXT('2D SPACE',''
  ) );
#9837 = PCURVE('',#9689,#9838);
#9838 = DEFINITIONAL_REPRESENTATION('',(#9839),#9843);
#9839 = LINE('',#9840,#9841);
#9840 = CARTESIAN_POINT('',(-4.1,0.6));
#9841 = VECTOR('',#9842,1.);
#9842 = DIRECTION('',(0.,-1.));
#9843 = ( GEOMETRIC_REPRESENTATION_CONTEXT(2) 
PARAMETRIC_REPRESENTATION_CONTEXT() REPRESENTATION_CONTEXT('2D SPACE',''
  ) );
#9844 = ORIENTED_EDGE('',*,*,#9752,.F.);
#9845 = ADVANCED_FACE('',(#9846),#8732,.F.);
#9846 = FACE_BOUND('',#9847,.F.);
#9847 = EDGE_LOOP('',(#9848,#9878,#9899,#9900));
#9848 = ORIENTED_EDGE('',*,*,#9849,.F.);
#9849 = EDGE_CURVE('',#9850,#9852,#9854,.T.);
#9850 = VERTEX_POINT('',#9851);
#9851 = CARTESIAN_POINT('',(-5.762177826491,5.473909236273,
    1.481088913246));
#9852 = VERTEX_POINT('',#9853);
#9853 = CARTESIAN_POINT('',(-6.362177826491,4.954293994002,
    0.581088913246));
#9854 = SURFACE_CURVE('',#9855,(#9859,#9866),.PCURVE_S1.);
#9855 = LINE('',#9856,#9857);
#9856 = CARTESIAN_POINT('',(-5.762177826491,5.473909236273,
    1.481088913246));
#9857 = VECTOR('',#9858,1.);
#9858 = DIRECTION('',(-0.5,-0.433012701892,-0.75));
#9859 = PCURVE('',#8732,#9860);
#9860 = DEFINITIONAL_REPRESENTATION('',(#9861),#9865);
#9861 = LINE('',#9862,#9863);
#9862 = CARTESIAN_POINT('',(-0.,0.));
#9863 = VECTOR('',#9864,1.);
#9864 = DIRECTION('',(1.,0.));
#9865 = ( GEOMETRIC_REPRESENTATION_CONTEXT(2) 
PARAMETRIC_REPRESENTATION_CONTEXT() REPRESENTATION_CONTEXT('2D SPACE',''
  ) );
#9866 = PCURVE('',#9867,#9872);
#9867 = PLANE('',#9868);
#9868 = AXIS2_PLACEMENT_3D('',#9869,#9870,#9871);
#9869 = CARTESIAN_POINT('',(-6.062177826491,8.764805770654,
    -1.018911086754));
#9870 = DIRECTION('',(0.866025403784,-0.25,-0.433012701892));
#9871 = DIRECTION('',(0.,0.866025403784,-0.5));
#9872 = DEFINITIONAL_REPRESENTATION('',(#9873),#9877);
#9873 = LINE('',#9874,#9875);
#9874 = CARTESIAN_POINT('',(-4.1,0.6));
#9875 = VECTOR('',#9876,1.);
#9876 = DIRECTION('',(0.,-1.));
#9877 = ( GEOMETRIC_REPRESENTATION_CONTEXT(2) 
PARAMETRIC_REPRESENTATION_CONTEXT() REPRESENTATION_CONTEXT('2D SPACE',''
  ) );
#9878 = ORIENTED_EDGE('',*,*,#9879,.T.);
#9879 = EDGE_CURVE('',#9850,#8716,#9880,.T.);
#9880 = SURFACE_CURVE('',#9881,(#9885,#9892),.PCURVE_S1.);
#9881 = LINE('',#9882,#9883);
#9882 = CARTESIAN_POINT('',(-5.762177826491,5.473909236273,
    1.481088913246));
#9883 = VECTOR('',#9884,1.);
#9884 = DIRECTION('',(0.866025403784,-0.25,-0.433012701892));
#9885 = PCURVE('',#8732,#9886);
#9886 = DEFINITIONAL_REPRESENTATION('',(#9887),#9891);
#9887 = LINE('',#9888,#9889);
#9888 = CARTESIAN_POINT('',(-0.,0.));
#9889 = VECTOR('',#9890,1.);
#9890 = DIRECTION('',(0.,-1.));
#9891 = ( GEOMETRIC_REPRESENTATION_CONTEXT(2) 
PARAMETRIC_REPRESENTATION_CONTEXT() REPRESENTATION_CONTEXT('2D SPACE',''
  ) );
#9892 = PCURVE('',#8765,#9893);
#9893 = DEFINITIONAL_REPRESENTATION('',(#9894),#9898);
#9894 = LINE('',#9895,#9896);
#9895 = CARTESIAN_POINT('',(8.2,2.22044604925E-16));
#9896 = VECTOR('',#9897,1.);
#9897 = DIRECTION('',(-2.775557561563E-17,-1.));
#9898 = ( GEOMETRIC_REPRESENTATION_CONTEXT(2) 
PARAMETRIC_REPRESENTATION_CONTEXT() REPRESENTATION_CONTEXT('2D SPACE',''
  ) );
#9899 = ORIENTED_EDGE('',*,*,#8715,.T.);
#9900 = ORIENTED_EDGE('',*,*,#9901,.F.);
#9901 = EDGE_CURVE('',#9852,#8718,#9902,.T.);
#9902 = SURFACE_CURVE('',#9903,(#9907,#9914),.PCURVE_S1.);
#9903 = LINE('',#9904,#9905);
#9904 = CARTESIAN_POINT('',(-6.362177826491,4.954293994002,
    0.581088913246));
#9905 = VECTOR('',#9906,1.);
#9906 = DIRECTION('',(0.866025403784,-0.25,-0.433012701892));
#9907 = PCURVE('',#8732,#9908);
#9908 = DEFINITIONAL_REPRESENTATION('',(#9909),#9913);
#9909 = LINE('',#9910,#9911);
#9910 = CARTESIAN_POINT('',(1.2,-5.551115123126E-16));
#9911 = VECTOR('',#9912,1.);
#9912 = DIRECTION('',(0.,-1.));
#9913 = ( GEOMETRIC_REPRESENTATION_CONTEXT(2) 
PARAMETRIC_REPRESENTATION_CONTEXT() REPRESENTATION_CONTEXT('2D SPACE',''
  ) );
#9914 = PCURVE('',#8823,#9915);
#9915 = DEFINITIONAL_REPRESENTATION('',(#9916),#9920);
#9916 = LINE('',#9917,#9918);
#9917 = CARTESIAN_POINT('',(0.,0.));
#9918 = VECTOR('',#9919,1.);
#9919 = DIRECTION('',(2.775557561563E-17,-1.));
#9920 = ( GEOMETRIC_REPRESENTATION_CONTEXT(2) 
PARAMETRIC_REPRESENTATION_CONTEXT() REPRESENTATION_CONTEXT('2D SPACE',''
  ) );
#9921 = ADVANCED_FACE('',(#9922),#8765,.F.);
#9922 = FACE_BOUND('',#9923,.F.);
#9923 = EDGE_LOOP('',(#9924,#9947,#9975,#10003,#10024,#10025));
#9924 = ORIENTED_EDGE('',*,*,#9925,.F.);
#9925 = EDGE_CURVE('',#9926,#9850,#9928,.T.);
#9926 = VERTEX_POINT('',#9927);
#9927 = CARTESIAN_POINT('',(-5.762177826491,12.575317547305,
    -2.618911086754));
#9928 = SURFACE_CURVE('',#9929,(#9933,#9940),.PCURVE_S1.);
#9929 = LINE('',#9930,#9931);
#9930 = CARTESIAN_POINT('',(-5.762177826491,12.575317547305,
    -2.618911086754));
#9931 = VECTOR('',#9932,1.);
#9932 = DIRECTION('',(0.,-0.866025403784,0.5));
#9933 = PCURVE('',#8765,#9934);
#9934 = DEFINITIONAL_REPRESENTATION('',(#9935),#9939);
#9935 = LINE('',#9936,#9937);
#9936 = CARTESIAN_POINT('',(0.,0.));
#9937 = VECTOR('',#9938,1.);
#9938 = DIRECTION('',(1.,2.775557561563E-17));
#9939 = ( GEOMETRIC_REPRESENTATION_CONTEXT(2) 
PARAMETRIC_REPRESENTATION_CONTEXT() REPRESENTATION_CONTEXT('2D SPACE',''
  ) );
#9940 = PCURVE('',#9867,#9941);
#9941 = DEFINITIONAL_REPRESENTATION('',(#9942),#9946);
#9942 = LINE('',#9943,#9944);
#9943 = CARTESIAN_POINT('',(4.1,0.6));
#9944 = VECTOR('',#9945,1.);
#9945 = DIRECTION('',(-1.,0.));
#9946 = ( GEOMETRIC_REPRESENTATION_CONTEXT(2) 
PARAMETRIC_REPRESENTATION_CONTEXT() REPRESENTATION_CONTEXT('2D SPACE',''
  ) );
#9947 = ORIENTED_EDGE('',*,*,#9948,.T.);
#9948 = EDGE_CURVE('',#9926,#9949,#9951,.T.);
#9949 = VERTEX_POINT('',#9950);
#9950 = CARTESIAN_POINT('',(6.362177826491,9.075317547305,
    -8.681088913246));
#9951 = SURFACE_CURVE('',#9952,(#9956,#9963),.PCURVE_S1.);
#9952 = LINE('',#9953,#9954);
#9953 = CARTESIAN_POINT('',(-5.762177826491,12.575317547305,
    -2.618911086754));
#9954 = VECTOR('',#9955,1.);
#9955 = DIRECTION('',(0.866025403784,-0.25,-0.433012701892));
#9956 = PCURVE('',#8765,#9957);
#9957 = DEFINITIONAL_REPRESENTATION('',(#9958),#9962);
#9958 = LINE('',#9959,#9960);
#9959 = CARTESIAN_POINT('',(0.,0.));
#9960 = VECTOR('',#9961,1.);
#9961 = DIRECTION('',(-2.775557561563E-17,-1.));
#9962 = ( GEOMETRIC_REPRESENTATION_CONTEXT(2) 
PARAMETRIC_REPRESENTATION_CONTEXT() REPRESENTATION_CONTEXT('2D SPACE',''
  ) );
#9963 = PCURVE('',#9964,#9969);
#9964 = PLANE('',#9965);
#9965 = AXIS2_PLACEMENT_3D('',#9966,#9967,#9968);
#9966 = CARTESIAN_POINT('',(-6.362177826491,12.055702305035,
    -3.518911086754));
#9967 = DIRECTION('',(0.,-0.866025403784,0.5));
#9968 = DIRECTION('',(0.5,0.433012701892,0.75));
#9969 = DEFINITIONAL_REPRESENTATION('',(#9970),#9974);
#9970 = LINE('',#9971,#9972);
#9971 = CARTESIAN_POINT('',(1.2,5.551115123126E-16));
#9972 = VECTOR('',#9973,1.);
#9973 = DIRECTION('',(0.,-1.));
#9974 = ( GEOMETRIC_REPRESENTATION_CONTEXT(2) 
PARAMETRIC_REPRESENTATION_CONTEXT() REPRESENTATION_CONTEXT('2D SPACE',''
  ) );
#9975 = ORIENTED_EDGE('',*,*,#9976,.T.);
#9976 = EDGE_CURVE('',#9949,#9977,#9979,.T.);
#9977 = VERTEX_POINT('',#9978);
#9978 = CARTESIAN_POINT('',(6.362177826491,1.973909236273,
    -4.581088913246));
#9979 = SURFACE_CURVE('',#9980,(#9984,#9991),.PCURVE_S1.);
#9980 = LINE('',#9981,#9982);
#9981 = CARTESIAN_POINT('',(6.362177826491,9.075317547305,
    -8.681088913246));
#9982 = VECTOR('',#9983,1.);
#9983 = DIRECTION('',(0.,-0.866025403784,0.5));
#9984 = PCURVE('',#8765,#9985);
#9985 = DEFINITIONAL_REPRESENTATION('',(#9986),#9990);
#9986 = LINE('',#9987,#9988);
#9987 = CARTESIAN_POINT('',(8.881784197001E-16,-14.));
#9988 = VECTOR('',#9989,1.);
#9989 = DIRECTION('',(1.,2.775557561563E-17));
#9990 = ( GEOMETRIC_REPRESENTATION_CONTEXT(2) 
PARAMETRIC_REPRESENTATION_CONTEXT() REPRESENTATION_CONTEXT('2D SPACE',''
  ) );
#9991 = PCURVE('',#9992,#9997);
#9992 = PLANE('',#9993);
#9993 = AXIS2_PLACEMENT_3D('',#9994,#9995,#9996);
#9994 = CARTESIAN_POINT('',(6.062177826491,5.264805770654,
    -7.081088913246));
#9995 = DIRECTION('',(0.866025403784,-0.25,-0.433012701892));
#9996 = DIRECTION('',(0.,0.866025403784,-0.5));
#9997 = DEFINITIONAL_REPRESENTATION('',(#9998),#10002);
#9998 = LINE('',#9999,#10000);
#9999 = CARTESIAN_POINT('',(4.1,0.6));
#10000 = VECTOR('',#10001,1.);
#10001 = DIRECTION('',(-1.,0.));
#10002 = ( GEOMETRIC_REPRESENTATION_CONTEXT(2) 
PARAMETRIC_REPRESENTATION_CONTEXT() REPRESENTATION_CONTEXT('2D SPACE',''
  ) );
#10003 = ORIENTED_EDGE('',*,*,#10004,.F.);
#10004 = EDGE_CURVE('',#8744,#9977,#10005,.T.);
#10005 = SURFACE_CURVE('',#10006,(#10010,#10017),.PCURVE_S1.);
#10006 = LINE('',#10007,#10008);
#10007 = CARTESIAN_POINT('',(-5.762177826491,5.473909236273,
    1.481088913246));
#10008 = VECTOR('',#10009,1.);
#10009 = DIRECTION('',(0.866025403784,-0.25,-0.433012701892));
#10010 = PCURVE('',#8765,#10011);
#10011 = DEFINITIONAL_REPRESENTATION('',(#10012),#10016);
#10012 = LINE('',#10013,#10014);
#10013 = CARTESIAN_POINT('',(8.2,2.22044604925E-16));
#10014 = VECTOR('',#10015,1.);
#10015 = DIRECTION('',(-2.775557561563E-17,-1.));
#10016 = ( GEOMETRIC_REPRESENTATION_CONTEXT(2) 
PARAMETRIC_REPRESENTATION_CONTEXT() REPRESENTATION_CONTEXT('2D SPACE',''
  ) );
#10017 = PCURVE('',#8792,#10018);
#10018 = DEFINITIONAL_REPRESENTATION('',(#10019),#10023);
#10019 = LINE('',#10020,#10021);
#10020 = CARTESIAN_POINT('',(-0.,0.));
#10021 = VECTOR('',#10022,1.);
#10022 = DIRECTION('',(0.,-1.));
#10023 = ( GEOMETRIC_REPRESENTATION_CONTEXT(2) 
PARAMETRIC_REPRESENTATION_CONTEXT() REPRESENTATION_CONTEXT('2D SPACE',''
  ) );
#10024 = ORIENTED_EDGE('',*,*,#8743,.F.);
#10025 = ORIENTED_EDGE('',*,*,#9879,.F.);
#10026 = ADVANCED_FACE('',(#10027),#8823,.F.);
#10027 = FACE_BOUND('',#10028,.F.);
#10028 = EDGE_LOOP('',(#10029,#10052,#10053,#10054,#10077,#10100));
#10029 = ORIENTED_EDGE('',*,*,#10030,.F.);
#10030 = EDGE_CURVE('',#9852,#10031,#10033,.T.);
#10031 = VERTEX_POINT('',#10032);
#10032 = CARTESIAN_POINT('',(-6.362177826491,12.055702305035,
    -3.518911086754));
#10033 = SURFACE_CURVE('',#10034,(#10038,#10045),.PCURVE_S1.);
#10034 = LINE('',#10035,#10036);
#10035 = CARTESIAN_POINT('',(-6.362177826491,4.954293994002,
    0.581088913246));
#10036 = VECTOR('',#10037,1.);
#10037 = DIRECTION('',(0.,0.866025403784,-0.5));
#10038 = PCURVE('',#8823,#10039);
#10039 = DEFINITIONAL_REPRESENTATION('',(#10040),#10044);
#10040 = LINE('',#10041,#10042);
#10041 = CARTESIAN_POINT('',(0.,0.));
#10042 = VECTOR('',#10043,1.);
#10043 = DIRECTION('',(1.,-2.775557561563E-17));
#10044 = ( GEOMETRIC_REPRESENTATION_CONTEXT(2) 
PARAMETRIC_REPRESENTATION_CONTEXT() REPRESENTATION_CONTEXT('2D SPACE',''
  ) );
#10045 = PCURVE('',#9867,#10046);
#10046 = DEFINITIONAL_REPRESENTATION('',(#10047),#10051);
#10047 = LINE('',#10048,#10049);
#10048 = CARTESIAN_POINT('',(-4.1,-0.6));
#10049 = VECTOR('',#10050,1.);
#10050 = DIRECTION('',(1.,0.));
#10051 = ( GEOMETRIC_REPRESENTATION_CONTEXT(2) 
PARAMETRIC_REPRESENTATION_CONTEXT() REPRESENTATION_CONTEXT('2D SPACE',''
  ) );
#10052 = ORIENTED_EDGE('',*,*,#9901,.T.);
#10053 = ORIENTED_EDGE('',*,*,#8803,.F.);
#10054 = ORIENTED_EDGE('',*,*,#10055,.T.);
#10055 = EDGE_CURVE('',#8778,#10056,#10058,.T.);
#10056 = VERTEX_POINT('',#10057);
#10057 = CARTESIAN_POINT('',(5.762177826491,1.454293994002,
    -5.481088913246));
#10058 = SURFACE_CURVE('',#10059,(#10063,#10070),.PCURVE_S1.);
#10059 = LINE('',#10060,#10061);
#10060 = CARTESIAN_POINT('',(-6.362177826491,4.954293994002,
    0.581088913246));
#10061 = VECTOR('',#10062,1.);
#10062 = DIRECTION('',(0.866025403784,-0.25,-0.433012701892));
#10063 = PCURVE('',#8823,#10064);
#10064 = DEFINITIONAL_REPRESENTATION('',(#10065),#10069);
#10065 = LINE('',#10066,#10067);
#10066 = CARTESIAN_POINT('',(0.,0.));
#10067 = VECTOR('',#10068,1.);
#10068 = DIRECTION('',(2.775557561563E-17,-1.));
#10069 = ( GEOMETRIC_REPRESENTATION_CONTEXT(2) 
PARAMETRIC_REPRESENTATION_CONTEXT() REPRESENTATION_CONTEXT('2D SPACE',''
  ) );
#10070 = PCURVE('',#8792,#10071);
#10071 = DEFINITIONAL_REPRESENTATION('',(#10072),#10076);
#10072 = LINE('',#10073,#10074);
#10073 = CARTESIAN_POINT('',(1.2,-5.551115123126E-16));
#10074 = VECTOR('',#10075,1.);
#10075 = DIRECTION('',(0.,-1.));
#10076 = ( GEOMETRIC_REPRESENTATION_CONTEXT(2) 
PARAMETRIC_REPRESENTATION_CONTEXT() REPRESENTATION_CONTEXT('2D SPACE',''
  ) );
#10077 = ORIENTED_EDGE('',*,*,#10078,.T.);
#10078 = EDGE_CURVE('',#10056,#10079,#10081,.T.);
#10079 = VERTEX_POINT('',#10080);
#10080 = CARTESIAN_POINT('',(5.762177826491,8.555702305035,
    -9.581088913246));
#10081 = SURFACE_CURVE('',#10082,(#10086,#10093),.PCURVE_S1.);
#10082 = LINE('',#10083,#10084);
#10083 = CARTESIAN_POINT('',(5.762177826491,1.454293994002,
    -5.481088913246));
#10084 = VECTOR('',#10085,1.);
#10085 = DIRECTION('',(0.,0.866025403784,-0.5));
#10086 = PCURVE('',#8823,#10087);
#10087 = DEFINITIONAL_REPRESENTATION('',(#10088),#10092);
#10088 = LINE('',#10089,#10090);
#10089 = CARTESIAN_POINT('',(-4.440892098501E-16,-14.));
#10090 = VECTOR('',#10091,1.);
#10091 = DIRECTION('',(1.,-2.775557561563E-17));
#10092 = ( GEOMETRIC_REPRESENTATION_CONTEXT(2) 
PARAMETRIC_REPRESENTATION_CONTEXT() REPRESENTATION_CONTEXT('2D SPACE',''
  ) );
#10093 = PCURVE('',#9992,#10094);
#10094 = DEFINITIONAL_REPRESENTATION('',(#10095),#10099);
#10095 = LINE('',#10096,#10097);
#10096 = CARTESIAN_POINT('',(-4.1,-0.6));
#10097 = VECTOR('',#10098,1.);
#10098 = DIRECTION('',(1.,0.));
#10099 = ( GEOMETRIC_REPRESENTATION_CONTEXT(2) 
PARAMETRIC_REPRESENTATION_CONTEXT() REPRESENTATION_CONTEXT('2D SPACE',''
  ) );
#10100 = ORIENTED_EDGE('',*,*,#10101,.F.);
#10101 = EDGE_CURVE('',#10031,#10079,#10102,.T.);
#10102 = SURFACE_CURVE('',#10103,(#10107,#10114),.PCURVE_S1.);
#10103 = LINE('',#10104,#10105);
#10104 = CARTESIAN_POINT('',(-6.362177826491,12.055702305035,
    -3.518911086754));
#10105 = VECTOR('',#10106,1.);
#10106 = DIRECTION('',(0.866025403784,-0.25,-0.433012701892));
#10107 = PCURVE('',#8823,#10108);
#10108 = DEFINITIONAL_REPRESENTATION('',(#10109),#10113);
#10109 = LINE('',#10110,#10111);
#10110 = CARTESIAN_POINT('',(8.2,-2.22044604925E-16));
#10111 = VECTOR('',#10112,1.);
#10112 = DIRECTION('',(2.775557561563E-17,-1.));
#10113 = ( GEOMETRIC_REPRESENTATION_CONTEXT(2) 
PARAMETRIC_REPRESENTATION_CONTEXT() REPRESENTATION_CONTEXT('2D SPACE',''
  ) );
#10114 = PCURVE('',#9964,#10115);
#10115 = DEFINITIONAL_REPRESENTATION('',(#10116),#10120);
#10116 = LINE('',#10117,#10118);
#10117 = CARTESIAN_POINT('',(0.,0.));
#10118 = VECTOR('',#10119,1.);
#10119 = DIRECTION('',(0.,-1.));
#10120 = ( GEOMETRIC_REPRESENTATION_CONTEXT(2) 
PARAMETRIC_REPRESENTATION_CONTEXT() REPRESENTATION_CONTEXT('2D SPACE',''
  ) );
#10121 = ADVANCED_FACE('',(#10122),#8792,.F.);
#10122 = FACE_BOUND('',#10123,.F.);
#10123 = EDGE_LOOP('',(#10124,#10125,#10126,#10147));
#10124 = ORIENTED_EDGE('',*,*,#8777,.F.);
#10125 = ORIENTED_EDGE('',*,*,#10004,.T.);
#10126 = ORIENTED_EDGE('',*,*,#10127,.T.);
#10127 = EDGE_CURVE('',#9977,#10056,#10128,.T.);
#10128 = SURFACE_CURVE('',#10129,(#10133,#10140),.PCURVE_S1.);
#10129 = LINE('',#10130,#10131);
#10130 = CARTESIAN_POINT('',(6.362177826491,1.973909236273,
    -4.581088913246));
#10131 = VECTOR('',#10132,1.);
#10132 = DIRECTION('',(-0.5,-0.433012701892,-0.75));
#10133 = PCURVE('',#8792,#10134);
#10134 = DEFINITIONAL_REPRESENTATION('',(#10135),#10139);
#10135 = LINE('',#10136,#10137);
#10136 = CARTESIAN_POINT('',(-8.881784197001E-16,-14.));
#10137 = VECTOR('',#10138,1.);
#10138 = DIRECTION('',(1.,0.));
#10139 = ( GEOMETRIC_REPRESENTATION_CONTEXT(2) 
PARAMETRIC_REPRESENTATION_CONTEXT() REPRESENTATION_CONTEXT('2D SPACE',''
  ) );
#10140 = PCURVE('',#9992,#10141);
#10141 = DEFINITIONAL_REPRESENTATION('',(#10142),#10146);
#10142 = LINE('',#10143,#10144);
#10143 = CARTESIAN_POINT('',(-4.1,0.6));
#10144 = VECTOR('',#10145,1.);
#10145 = DIRECTION('',(0.,-1.));
#10146 = ( GEOMETRIC_REPRESENTATION_CONTEXT(2) 
PARAMETRIC_REPRESENTATION_CONTEXT() REPRESENTATION_CONTEXT('2D SPACE',''
  ) );
#10147 = ORIENTED_EDGE('',*,*,#10055,.F.);
#10148 = ADVANCED_FACE('',(#10149),#8854,.F.);
#10149 = FACE_BOUND('',#10150,.F.);
#10150 = EDGE_LOOP('',(#10151,#10181,#10202,#10203));
#10151 = ORIENTED_EDGE('',*,*,#10152,.F.);
#10152 = EDGE_CURVE('',#10153,#10155,#10157,.T.);
#10153 = VERTEX_POINT('',#10154);
#10154 = CARTESIAN_POINT('',(-5.762177826491,1.454293994002,
    5.481088913246));
#10155 = VERTEX_POINT('',#10156);
#10156 = CARTESIAN_POINT('',(-6.362177826491,1.973909236273,
    4.581088913246));
#10157 = SURFACE_CURVE('',#10158,(#10162,#10169),.PCURVE_S1.);
#10158 = LINE('',#10159,#10160);
#10159 = CARTESIAN_POINT('',(-5.762177826491,1.454293994002,
    5.481088913246));
#10160 = VECTOR('',#10161,1.);
#10161 = DIRECTION('',(-0.5,0.433012701892,-0.75));
#10162 = PCURVE('',#8854,#10163);
#10163 = DEFINITIONAL_REPRESENTATION('',(#10164),#10168);
#10164 = LINE('',#10165,#10166);
#10165 = CARTESIAN_POINT('',(0.,0.));
#10166 = VECTOR('',#10167,1.);
#10167 = DIRECTION('',(1.,0.));
#10168 = ( GEOMETRIC_REPRESENTATION_CONTEXT(2) 
PARAMETRIC_REPRESENTATION_CONTEXT() REPRESENTATION_CONTEXT('2D SPACE',''
  ) );
#10169 = PCURVE('',#10170,#10175);
#10170 = PLANE('',#10171);
#10171 = AXIS2_PLACEMENT_3D('',#10172,#10173,#10174);
#10172 = CARTESIAN_POINT('',(-6.062177826491,5.264805770654,
    7.081088913246));
#10173 = DIRECTION('',(0.866025403784,0.25,-0.433012701892));
#10174 = DIRECTION('',(0.,0.866025403784,0.5));
#10175 = DEFINITIONAL_REPRESENTATION('',(#10176),#10180);
#10176 = LINE('',#10177,#10178);
#10177 = CARTESIAN_POINT('',(-4.1,0.6));
#10178 = VECTOR('',#10179,1.);
#10179 = DIRECTION('',(0.,-1.));
#10180 = ( GEOMETRIC_REPRESENTATION_CONTEXT(2) 
PARAMETRIC_REPRESENTATION_CONTEXT() REPRESENTATION_CONTEXT('2D SPACE',''
  ) );
#10181 = ORIENTED_EDGE('',*,*,#10182,.T.);
#10182 = EDGE_CURVE('',#10153,#8838,#10183,.T.);
#10183 = SURFACE_CURVE('',#10184,(#10188,#10195),.PCURVE_S1.);
#10184 = LINE('',#10185,#10186);
#10185 = CARTESIAN_POINT('',(-5.762177826491,1.454293994002,
    5.481088913246));
#10186 = VECTOR('',#10187,1.);
#10187 = DIRECTION('',(0.866025403784,0.25,-0.433012701892));
#10188 = PCURVE('',#8854,#10189);
#10189 = DEFINITIONAL_REPRESENTATION('',(#10190),#10194);
#10190 = LINE('',#10191,#10192);
#10191 = CARTESIAN_POINT('',(0.,0.));
#10192 = VECTOR('',#10193,1.);
#10193 = DIRECTION('',(0.,-1.));
#10194 = ( GEOMETRIC_REPRESENTATION_CONTEXT(2) 
PARAMETRIC_REPRESENTATION_CONTEXT() REPRESENTATION_CONTEXT('2D SPACE',''
  ) );
#10195 = PCURVE('',#8887,#10196);
#10196 = DEFINITIONAL_REPRESENTATION('',(#10197),#10201);
#10197 = LINE('',#10198,#10199);
#10198 = CARTESIAN_POINT('',(8.2,-4.440892098501E-16));
#10199 = VECTOR('',#10200,1.);
#10200 = DIRECTION('',(2.775557561563E-17,-1.));
#10201 = ( GEOMETRIC_REPRESENTATION_CONTEXT(2) 
PARAMETRIC_REPRESENTATION_CONTEXT() REPRESENTATION_CONTEXT('2D SPACE',''
  ) );
#10202 = ORIENTED_EDGE('',*,*,#8837,.T.);
#10203 = ORIENTED_EDGE('',*,*,#10204,.F.);
#10204 = EDGE_CURVE('',#10155,#8840,#10205,.T.);
#10205 = SURFACE_CURVE('',#10206,(#10210,#10217),.PCURVE_S1.);
#10206 = LINE('',#10207,#10208);
#10207 = CARTESIAN_POINT('',(-6.362177826491,1.973909236273,
    4.581088913246));
#10208 = VECTOR('',#10209,1.);
#10209 = DIRECTION('',(0.866025403784,0.25,-0.433012701892));
#10210 = PCURVE('',#8854,#10211);
#10211 = DEFINITIONAL_REPRESENTATION('',(#10212),#10216);
#10212 = LINE('',#10213,#10214);
#10213 = CARTESIAN_POINT('',(1.2,-4.996003610813E-16));
#10214 = VECTOR('',#10215,1.);
#10215 = DIRECTION('',(0.,-1.));
#10216 = ( GEOMETRIC_REPRESENTATION_CONTEXT(2) 
PARAMETRIC_REPRESENTATION_CONTEXT() REPRESENTATION_CONTEXT('2D SPACE',''
  ) );
#10217 = PCURVE('',#8945,#10218);
#10218 = DEFINITIONAL_REPRESENTATION('',(#10219),#10223);
#10219 = LINE('',#10220,#10221);
#10220 = CARTESIAN_POINT('',(0.,0.));
#10221 = VECTOR('',#10222,1.);
#10222 = DIRECTION('',(-2.775557561563E-17,-1.));
#10223 = ( GEOMETRIC_REPRESENTATION_CONTEXT(2) 
PARAMETRIC_REPRESENTATION_CONTEXT() REPRESENTATION_CONTEXT('2D SPACE',''
  ) );
#10224 = ADVANCED_FACE('',(#10225),#8945,.F.);
#10225 = FACE_BOUND('',#10226,.F.);
#10226 = EDGE_LOOP('',(#10227,#10250,#10251,#10252,#10275,#10303));
#10227 = ORIENTED_EDGE('',*,*,#10228,.F.);
#10228 = EDGE_CURVE('',#10155,#10229,#10231,.T.);
#10229 = VERTEX_POINT('',#10230);
#10230 = CARTESIAN_POINT('',(-6.362177826491,9.075317547305,
    8.681088913246));
#10231 = SURFACE_CURVE('',#10232,(#10236,#10243),.PCURVE_S1.);
#10232 = LINE('',#10233,#10234);
#10233 = CARTESIAN_POINT('',(-6.362177826491,1.973909236273,
    4.581088913246));
#10234 = VECTOR('',#10235,1.);
#10235 = DIRECTION('',(0.,0.866025403784,0.5));
#10236 = PCURVE('',#8945,#10237);
#10237 = DEFINITIONAL_REPRESENTATION('',(#10238),#10242);
#10238 = LINE('',#10239,#10240);
#10239 = CARTESIAN_POINT('',(0.,0.));
#10240 = VECTOR('',#10241,1.);
#10241 = DIRECTION('',(1.,2.775557561563E-17));
#10242 = ( GEOMETRIC_REPRESENTATION_CONTEXT(2) 
PARAMETRIC_REPRESENTATION_CONTEXT() REPRESENTATION_CONTEXT('2D SPACE',''
  ) );
#10243 = PCURVE('',#10170,#10244);
#10244 = DEFINITIONAL_REPRESENTATION('',(#10245),#10249);
#10245 = LINE('',#10246,#10247);
#10246 = CARTESIAN_POINT('',(-4.1,-0.6));
#10247 = VECTOR('',#10248,1.);
#10248 = DIRECTION('',(1.,0.));
#10249 = ( GEOMETRIC_REPRESENTATION_CONTEXT(2) 
PARAMETRIC_REPRESENTATION_CONTEXT() REPRESENTATION_CONTEXT('2D SPACE',''
  ) );
#10250 = ORIENTED_EDGE('',*,*,#10204,.T.);
#10251 = ORIENTED_EDGE('',*,*,#8925,.F.);
#10252 = ORIENTED_EDGE('',*,*,#10253,.T.);
#10253 = EDGE_CURVE('',#8900,#10254,#10256,.T.);
#10254 = VERTEX_POINT('',#10255);
#10255 = CARTESIAN_POINT('',(5.762177826491,5.473909236273,
    -1.481088913246));
#10256 = SURFACE_CURVE('',#10257,(#10261,#10268),.PCURVE_S1.);
#10257 = LINE('',#10258,#10259);
#10258 = CARTESIAN_POINT('',(-6.362177826491,1.973909236273,
    4.581088913246));
#10259 = VECTOR('',#10260,1.);
#10260 = DIRECTION('',(0.866025403784,0.25,-0.433012701892));
#10261 = PCURVE('',#8945,#10262);
#10262 = DEFINITIONAL_REPRESENTATION('',(#10263),#10267);
#10263 = LINE('',#10264,#10265);
#10264 = CARTESIAN_POINT('',(0.,0.));
#10265 = VECTOR('',#10266,1.);
#10266 = DIRECTION('',(-2.775557561563E-17,-1.));
#10267 = ( GEOMETRIC_REPRESENTATION_CONTEXT(2) 
PARAMETRIC_REPRESENTATION_CONTEXT() REPRESENTATION_CONTEXT('2D SPACE',''
  ) );
#10268 = PCURVE('',#8914,#10269);
#10269 = DEFINITIONAL_REPRESENTATION('',(#10270),#10274);
#10270 = LINE('',#10271,#10272);
#10271 = CARTESIAN_POINT('',(1.2,-4.996003610813E-16));
#10272 = VECTOR('',#10273,1.);
#10273 = DIRECTION('',(0.,-1.));
#10274 = ( GEOMETRIC_REPRESENTATION_CONTEXT(2) 
PARAMETRIC_REPRESENTATION_CONTEXT() REPRESENTATION_CONTEXT('2D SPACE',''
  ) );
#10275 = ORIENTED_EDGE('',*,*,#10276,.T.);
#10276 = EDGE_CURVE('',#10254,#10277,#10279,.T.);
#10277 = VERTEX_POINT('',#10278);
#10278 = CARTESIAN_POINT('',(5.762177826491,12.575317547305,
    2.618911086754));
#10279 = SURFACE_CURVE('',#10280,(#10284,#10291),.PCURVE_S1.);
#10280 = LINE('',#10281,#10282);
#10281 = CARTESIAN_POINT('',(5.762177826491,5.473909236273,
    -1.481088913246));
#10282 = VECTOR('',#10283,1.);
#10283 = DIRECTION('',(0.,0.866025403784,0.5));
#10284 = PCURVE('',#8945,#10285);
#10285 = DEFINITIONAL_REPRESENTATION('',(#10286),#10290);
#10286 = LINE('',#10287,#10288);
#10287 = CARTESIAN_POINT('',(-4.440892098501E-16,-14.));
#10288 = VECTOR('',#10289,1.);
#10289 = DIRECTION('',(1.,2.775557561563E-17));
#10290 = ( GEOMETRIC_REPRESENTATION_CONTEXT(2) 
PARAMETRIC_REPRESENTATION_CONTEXT() REPRESENTATION_CONTEXT('2D SPACE',''
  ) );
#10291 = PCURVE('',#10292,#10297);
#10292 = PLANE('',#10293);
#10293 = AXIS2_PLACEMENT_3D('',#10294,#10295,#10296);
#10294 = CARTESIAN_POINT('',(6.062177826491,8.764805770654,
    1.018911086754));
#10295 = DIRECTION('',(0.866025403784,0.25,-0.433012701892));
#10296 = DIRECTION('',(0.,0.866025403784,0.5));
#10297 = DEFINITIONAL_REPRESENTATION('',(#10298),#10302);
#10298 = LINE('',#10299,#10300);
#10299 = CARTESIAN_POINT('',(-4.1,-0.6));
#10300 = VECTOR('',#10301,1.);
#10301 = DIRECTION('',(1.,0.));
#10302 = ( GEOMETRIC_REPRESENTATION_CONTEXT(2) 
PARAMETRIC_REPRESENTATION_CONTEXT() REPRESENTATION_CONTEXT('2D SPACE',''
  ) );
#10303 = ORIENTED_EDGE('',*,*,#10304,.F.);
#10304 = EDGE_CURVE('',#10229,#10277,#10305,.T.);
#10305 = SURFACE_CURVE('',#10306,(#10310,#10317),.PCURVE_S1.);
#10306 = LINE('',#10307,#10308);
#10307 = CARTESIAN_POINT('',(-6.362177826491,9.075317547305,
    8.681088913246));
#10308 = VECTOR('',#10309,1.);
#10309 = DIRECTION('',(0.866025403784,0.25,-0.433012701892));
#10310 = PCURVE('',#8945,#10311);
#10311 = DEFINITIONAL_REPRESENTATION('',(#10312),#10316);
#10312 = LINE('',#10313,#10314);
#10313 = CARTESIAN_POINT('',(8.2,-4.440892098501E-16));
#10314 = VECTOR('',#10315,1.);
#10315 = DIRECTION('',(-2.775557561563E-17,-1.));
#10316 = ( GEOMETRIC_REPRESENTATION_CONTEXT(2) 
PARAMETRIC_REPRESENTATION_CONTEXT() REPRESENTATION_CONTEXT('2D SPACE',''
  ) );
#10317 = PCURVE('',#10318,#10323);
#10318 = PLANE('',#10319);
#10319 = AXIS2_PLACEMENT_3D('',#10320,#10321,#10322);
#10320 = CARTESIAN_POINT('',(-6.362177826491,9.075317547305,
    8.681088913246));
#10321 = DIRECTION('',(0.,-0.866025403784,-0.5));
#10322 = DIRECTION('',(0.5,-0.433012701892,0.75));
#10323 = DEFINITIONAL_REPRESENTATION('',(#10324),#10328);
#10324 = LINE('',#10325,#10326);
#10325 = CARTESIAN_POINT('',(0.,0.));
#10326 = VECTOR('',#10327,1.);
#10327 = DIRECTION('',(0.,-1.));
#10328 = ( GEOMETRIC_REPRESENTATION_CONTEXT(2) 
PARAMETRIC_REPRESENTATION_CONTEXT() REPRESENTATION_CONTEXT('2D SPACE',''
  ) );
#10329 = ADVANCED_FACE('',(#10330),#8914,.F.);
#10330 = FACE_BOUND('',#10331,.F.);
#10331 = EDGE_LOOP('',(#10332,#10333,#10356,#10377));
#10332 = ORIENTED_EDGE('',*,*,#8899,.F.);
#10333 = ORIENTED_EDGE('',*,*,#10334,.T.);
#10334 = EDGE_CURVE('',#8866,#10335,#10337,.T.);
#10335 = VERTEX_POINT('',#10336);
#10336 = CARTESIAN_POINT('',(6.362177826491,4.954293994002,
    -0.581088913246));
#10337 = SURFACE_CURVE('',#10338,(#10342,#10349),.PCURVE_S1.);
#10338 = LINE('',#10339,#10340);
#10339 = CARTESIAN_POINT('',(-5.762177826491,1.454293994002,
    5.481088913246));
#10340 = VECTOR('',#10341,1.);
#10341 = DIRECTION('',(0.866025403784,0.25,-0.433012701892));
#10342 = PCURVE('',#8914,#10343);
#10343 = DEFINITIONAL_REPRESENTATION('',(#10344),#10348);
#10344 = LINE('',#10345,#10346);
#10345 = CARTESIAN_POINT('',(0.,0.));
#10346 = VECTOR('',#10347,1.);
#10347 = DIRECTION('',(0.,-1.));
#10348 = ( GEOMETRIC_REPRESENTATION_CONTEXT(2) 
PARAMETRIC_REPRESENTATION_CONTEXT() REPRESENTATION_CONTEXT('2D SPACE',''
  ) );
#10349 = PCURVE('',#8887,#10350);
#10350 = DEFINITIONAL_REPRESENTATION('',(#10351),#10355);
#10351 = LINE('',#10352,#10353);
#10352 = CARTESIAN_POINT('',(8.2,-4.440892098501E-16));
#10353 = VECTOR('',#10354,1.);
#10354 = DIRECTION('',(2.775557561563E-17,-1.));
#10355 = ( GEOMETRIC_REPRESENTATION_CONTEXT(2) 
PARAMETRIC_REPRESENTATION_CONTEXT() REPRESENTATION_CONTEXT('2D SPACE',''
  ) );
#10356 = ORIENTED_EDGE('',*,*,#10357,.T.);
#10357 = EDGE_CURVE('',#10335,#10254,#10358,.T.);
#10358 = SURFACE_CURVE('',#10359,(#10363,#10370),.PCURVE_S1.);
#10359 = LINE('',#10360,#10361);
#10360 = CARTESIAN_POINT('',(6.362177826491,4.954293994002,
    -0.581088913246));
#10361 = VECTOR('',#10362,1.);
#10362 = DIRECTION('',(-0.5,0.433012701892,-0.75));
#10363 = PCURVE('',#8914,#10364);
#10364 = DEFINITIONAL_REPRESENTATION('',(#10365),#10369);
#10365 = LINE('',#10366,#10367);
#10366 = CARTESIAN_POINT('',(0.,-14.));
#10367 = VECTOR('',#10368,1.);
#10368 = DIRECTION('',(1.,0.));
#10369 = ( GEOMETRIC_REPRESENTATION_CONTEXT(2) 
PARAMETRIC_REPRESENTATION_CONTEXT() REPRESENTATION_CONTEXT('2D SPACE',''
  ) );
#10370 = PCURVE('',#10292,#10371);
#10371 = DEFINITIONAL_REPRESENTATION('',(#10372),#10376);
#10372 = LINE('',#10373,#10374);
#10373 = CARTESIAN_POINT('',(-4.1,0.6));
#10374 = VECTOR('',#10375,1.);
#10375 = DIRECTION('',(0.,-1.));
#10376 = ( GEOMETRIC_REPRESENTATION_CONTEXT(2) 
PARAMETRIC_REPRESENTATION_CONTEXT() REPRESENTATION_CONTEXT('2D SPACE',''
  ) );
#10377 = ORIENTED_EDGE('',*,*,#10253,.F.);
#10378 = ADVANCED_FACE('',(#10379),#8887,.F.);
#10379 = FACE_BOUND('',#10380,.F.);
#10380 = EDGE_LOOP('',(#10381,#10404,#10427,#10448,#10449,#10450));
#10381 = ORIENTED_EDGE('',*,*,#10382,.F.);
#10382 = EDGE_CURVE('',#10383,#10153,#10385,.T.);
#10383 = VERTEX_POINT('',#10384);
#10384 = CARTESIAN_POINT('',(-5.762177826491,8.555702305035,
    9.581088913246));
#10385 = SURFACE_CURVE('',#10386,(#10390,#10397),.PCURVE_S1.);
#10386 = LINE('',#10387,#10388);
#10387 = CARTESIAN_POINT('',(-5.762177826491,8.555702305035,
    9.581088913246));
#10388 = VECTOR('',#10389,1.);
#10389 = DIRECTION('',(0.,-0.866025403784,-0.5));
#10390 = PCURVE('',#8887,#10391);
#10391 = DEFINITIONAL_REPRESENTATION('',(#10392),#10396);
#10392 = LINE('',#10393,#10394);
#10393 = CARTESIAN_POINT('',(0.,0.));
#10394 = VECTOR('',#10395,1.);
#10395 = DIRECTION('',(1.,-2.775557561563E-17));
#10396 = ( GEOMETRIC_REPRESENTATION_CONTEXT(2) 
PARAMETRIC_REPRESENTATION_CONTEXT() REPRESENTATION_CONTEXT('2D SPACE',''
  ) );
#10397 = PCURVE('',#10170,#10398);
#10398 = DEFINITIONAL_REPRESENTATION('',(#10399),#10403);
#10399 = LINE('',#10400,#10401);
#10400 = CARTESIAN_POINT('',(4.1,0.6));
#10401 = VECTOR('',#10402,1.);
#10402 = DIRECTION('',(-1.,0.));
#10403 = ( GEOMETRIC_REPRESENTATION_CONTEXT(2) 
PARAMETRIC_REPRESENTATION_CONTEXT() REPRESENTATION_CONTEXT('2D SPACE',''
  ) );
#10404 = ORIENTED_EDGE('',*,*,#10405,.T.);
#10405 = EDGE_CURVE('',#10383,#10406,#10408,.T.);
#10406 = VERTEX_POINT('',#10407);
#10407 = CARTESIAN_POINT('',(6.362177826491,12.055702305035,
    3.518911086754));
#10408 = SURFACE_CURVE('',#10409,(#10413,#10420),.PCURVE_S1.);
#10409 = LINE('',#10410,#10411);
#10410 = CARTESIAN_POINT('',(-5.762177826491,8.555702305035,
    9.581088913246));
#10411 = VECTOR('',#10412,1.);
#10412 = DIRECTION('',(0.866025403784,0.25,-0.433012701892));
#10413 = PCURVE('',#8887,#10414);
#10414 = DEFINITIONAL_REPRESENTATION('',(#10415),#10419);
#10415 = LINE('',#10416,#10417);
#10416 = CARTESIAN_POINT('',(0.,0.));
#10417 = VECTOR('',#10418,1.);
#10418 = DIRECTION('',(2.775557561563E-17,-1.));
#10419 = ( GEOMETRIC_REPRESENTATION_CONTEXT(2) 
PARAMETRIC_REPRESENTATION_CONTEXT() REPRESENTATION_CONTEXT('2D SPACE',''
  ) );
#10420 = PCURVE('',#10318,#10421);
#10421 = DEFINITIONAL_REPRESENTATION('',(#10422),#10426);
#10422 = LINE('',#10423,#10424);
#10423 = CARTESIAN_POINT('',(1.2,1.33226762955E-15));
#10424 = VECTOR('',#10425,1.);
#10425 = DIRECTION('',(0.,-1.));
#10426 = ( GEOMETRIC_REPRESENTATION_CONTEXT(2) 
PARAMETRIC_REPRESENTATION_CONTEXT() REPRESENTATION_CONTEXT('2D SPACE',''
  ) );
#10427 = ORIENTED_EDGE('',*,*,#10428,.T.);
#10428 = EDGE_CURVE('',#10406,#10335,#10429,.T.);
#10429 = SURFACE_CURVE('',#10430,(#10434,#10441),.PCURVE_S1.);
#10430 = LINE('',#10431,#10432);
#10431 = CARTESIAN_POINT('',(6.362177826491,12.055702305035,
    3.518911086754));
#10432 = VECTOR('',#10433,1.);
#10433 = DIRECTION('',(0.,-0.866025403784,-0.5));
#10434 = PCURVE('',#8887,#10435);
#10435 = DEFINITIONAL_REPRESENTATION('',(#10436),#10440);
#10436 = LINE('',#10437,#10438);
#10437 = CARTESIAN_POINT('',(4.440892098501E-16,-14.));
#10438 = VECTOR('',#10439,1.);
#10439 = DIRECTION('',(1.,-2.775557561563E-17));
#10440 = ( GEOMETRIC_REPRESENTATION_CONTEXT(2) 
PARAMETRIC_REPRESENTATION_CONTEXT() REPRESENTATION_CONTEXT('2D SPACE',''
  ) );
#10441 = PCURVE('',#10292,#10442);
#10442 = DEFINITIONAL_REPRESENTATION('',(#10443),#10447);
#10443 = LINE('',#10444,#10445);
#10444 = CARTESIAN_POINT('',(4.1,0.6));
#10445 = VECTOR('',#10446,1.);
#10446 = DIRECTION('',(-1.,0.));
#10447 = ( GEOMETRIC_REPRESENTATION_CONTEXT(2) 
PARAMETRIC_REPRESENTATION_CONTEXT() REPRESENTATION_CONTEXT('2D SPACE',''
  ) );
#10448 = ORIENTED_EDGE('',*,*,#10334,.F.);
#10449 = ORIENTED_EDGE('',*,*,#8865,.F.);
#10450 = ORIENTED_EDGE('',*,*,#10182,.F.);
#10451 = ADVANCED_FACE('',(#10452),#8976,.F.);
#10452 = FACE_BOUND('',#10453,.F.);
#10453 = EDGE_LOOP('',(#10454,#10484,#10505,#10506));
#10454 = ORIENTED_EDGE('',*,*,#10455,.F.);
#10455 = EDGE_CURVE('',#10456,#10458,#10460,.T.);
#10456 = VERTEX_POINT('',#10457);
#10457 = CARTESIAN_POINT('',(-5.762177826491,-5.473909236273,
    -1.481088913246));
#10458 = VERTEX_POINT('',#10459);
#10459 = CARTESIAN_POINT('',(-6.362177826491,-4.954293994002,
    -0.581088913246));
#10460 = SURFACE_CURVE('',#10461,(#10465,#10472),.PCURVE_S1.);
#10461 = LINE('',#10462,#10463);
#10462 = CARTESIAN_POINT('',(-5.762177826491,-5.473909236273,
    -1.481088913246));
#10463 = VECTOR('',#10464,1.);
#10464 = DIRECTION('',(-0.5,0.433012701892,0.75));
#10465 = PCURVE('',#8976,#10466);
#10466 = DEFINITIONAL_REPRESENTATION('',(#10467),#10471);
#10467 = LINE('',#10468,#10469);
#10468 = CARTESIAN_POINT('',(0.,-0.));
#10469 = VECTOR('',#10470,1.);
#10470 = DIRECTION('',(1.,0.));
#10471 = ( GEOMETRIC_REPRESENTATION_CONTEXT(2) 
PARAMETRIC_REPRESENTATION_CONTEXT() REPRESENTATION_CONTEXT('2D SPACE',''
  ) );
#10472 = PCURVE('',#10473,#10478);
#10473 = PLANE('',#10474);
#10474 = AXIS2_PLACEMENT_3D('',#10475,#10476,#10477);
#10475 = CARTESIAN_POINT('',(-6.062177826491,-8.764805770654,
    1.018911086754));
#10476 = DIRECTION('',(0.866025403784,0.25,0.433012701892));
#10477 = DIRECTION('',(0.,-0.866025403784,0.5));
#10478 = DEFINITIONAL_REPRESENTATION('',(#10479),#10483);
#10479 = LINE('',#10480,#10481);
#10480 = CARTESIAN_POINT('',(-4.1,0.6));
#10481 = VECTOR('',#10482,1.);
#10482 = DIRECTION('',(0.,-1.));
#10483 = ( GEOMETRIC_REPRESENTATION_CONTEXT(2) 
PARAMETRIC_REPRESENTATION_CONTEXT() REPRESENTATION_CONTEXT('2D SPACE',''
  ) );
#10484 = ORIENTED_EDGE('',*,*,#10485,.T.);
#10485 = EDGE_CURVE('',#10456,#8960,#10486,.T.);
#10486 = SURFACE_CURVE('',#10487,(#10491,#10498),.PCURVE_S1.);
#10487 = LINE('',#10488,#10489);
#10488 = CARTESIAN_POINT('',(-5.762177826491,-5.473909236273,
    -1.481088913246));
#10489 = VECTOR('',#10490,1.);
#10490 = DIRECTION('',(0.866025403784,0.25,0.433012701892));
#10491 = PCURVE('',#8976,#10492);
#10492 = DEFINITIONAL_REPRESENTATION('',(#10493),#10497);
#10493 = LINE('',#10494,#10495);
#10494 = CARTESIAN_POINT('',(0.,-0.));
#10495 = VECTOR('',#10496,1.);
#10496 = DIRECTION('',(0.,-1.));
#10497 = ( GEOMETRIC_REPRESENTATION_CONTEXT(2) 
PARAMETRIC_REPRESENTATION_CONTEXT() REPRESENTATION_CONTEXT('2D SPACE',''
  ) );
#10498 = PCURVE('',#9009,#10499);
#10499 = DEFINITIONAL_REPRESENTATION('',(#10500),#10504);
#10500 = LINE('',#10501,#10502);
#10501 = CARTESIAN_POINT('',(8.2,0.));
#10502 = VECTOR('',#10503,1.);
#10503 = DIRECTION('',(-2.775557561563E-17,-1.));
#10504 = ( GEOMETRIC_REPRESENTATION_CONTEXT(2) 
PARAMETRIC_REPRESENTATION_CONTEXT() REPRESENTATION_CONTEXT('2D SPACE',''
  ) );
#10505 = ORIENTED_EDGE('',*,*,#8959,.T.);
#10506 = ORIENTED_EDGE('',*,*,#10507,.F.);
#10507 = EDGE_CURVE('',#10458,#8962,#10508,.T.);
#10508 = SURFACE_CURVE('',#10509,(#10513,#10520),.PCURVE_S1.);
#10509 = LINE('',#10510,#10511);
#10510 = CARTESIAN_POINT('',(-6.362177826491,-4.954293994002,
    -0.581088913246));
#10511 = VECTOR('',#10512,1.);
#10512 = DIRECTION('',(0.866025403784,0.25,0.433012701892));
#10513 = PCURVE('',#8976,#10514);
#10514 = DEFINITIONAL_REPRESENTATION('',(#10515),#10519);
#10515 = LINE('',#10516,#10517);
#10516 = CARTESIAN_POINT('',(1.2,-6.106226635438E-16));
#10517 = VECTOR('',#10518,1.);
#10518 = DIRECTION('',(0.,-1.));
#10519 = ( GEOMETRIC_REPRESENTATION_CONTEXT(2) 
PARAMETRIC_REPRESENTATION_CONTEXT() REPRESENTATION_CONTEXT('2D SPACE',''
  ) );
#10520 = PCURVE('',#9067,#10521);
#10521 = DEFINITIONAL_REPRESENTATION('',(#10522),#10526);
#10522 = LINE('',#10523,#10524);
#10523 = CARTESIAN_POINT('',(0.,-0.));
#10524 = VECTOR('',#10525,1.);
#10525 = DIRECTION('',(2.775557561563E-17,-1.));
#10526 = ( GEOMETRIC_REPRESENTATION_CONTEXT(2) 
PARAMETRIC_REPRESENTATION_CONTEXT() REPRESENTATION_CONTEXT('2D SPACE',''
  ) );
#10527 = ADVANCED_FACE('',(#10528),#9009,.F.);
#10528 = FACE_BOUND('',#10529,.F.);
#10529 = EDGE_LOOP('',(#10530,#10553,#10581,#10609,#10630,#10631));
#10530 = ORIENTED_EDGE('',*,*,#10531,.F.);
#10531 = EDGE_CURVE('',#10532,#10456,#10534,.T.);
#10532 = VERTEX_POINT('',#10533);
#10533 = CARTESIAN_POINT('',(-5.762177826491,-12.5753175473,
    2.618911086754));
#10534 = SURFACE_CURVE('',#10535,(#10539,#10546),.PCURVE_S1.);
#10535 = LINE('',#10536,#10537);
#10536 = CARTESIAN_POINT('',(-5.762177826491,-12.5753175473,
    2.618911086754));
#10537 = VECTOR('',#10538,1.);
#10538 = DIRECTION('',(0.,0.866025403784,-0.5));
#10539 = PCURVE('',#9009,#10540);
#10540 = DEFINITIONAL_REPRESENTATION('',(#10541),#10545);
#10541 = LINE('',#10542,#10543);
#10542 = CARTESIAN_POINT('',(0.,-0.));
#10543 = VECTOR('',#10544,1.);
#10544 = DIRECTION('',(1.,2.775557561563E-17));
#10545 = ( GEOMETRIC_REPRESENTATION_CONTEXT(2) 
PARAMETRIC_REPRESENTATION_CONTEXT() REPRESENTATION_CONTEXT('2D SPACE',''
  ) );
#10546 = PCURVE('',#10473,#10547);
#10547 = DEFINITIONAL_REPRESENTATION('',(#10548),#10552);
#10548 = LINE('',#10549,#10550);
#10549 = CARTESIAN_POINT('',(4.1,0.6));
#10550 = VECTOR('',#10551,1.);
#10551 = DIRECTION('',(-1.,0.));
#10552 = ( GEOMETRIC_REPRESENTATION_CONTEXT(2) 
PARAMETRIC_REPRESENTATION_CONTEXT() REPRESENTATION_CONTEXT('2D SPACE',''
  ) );
#10553 = ORIENTED_EDGE('',*,*,#10554,.T.);
#10554 = EDGE_CURVE('',#10532,#10555,#10557,.T.);
#10555 = VERTEX_POINT('',#10556);
#10556 = CARTESIAN_POINT('',(6.362177826491,-9.075317547305,
    8.681088913246));
#10557 = SURFACE_CURVE('',#10558,(#10562,#10569),.PCURVE_S1.);
#10558 = LINE('',#10559,#10560);
#10559 = CARTESIAN_POINT('',(-5.762177826491,-12.5753175473,
    2.618911086754));
#10560 = VECTOR('',#10561,1.);
#10561 = DIRECTION('',(0.866025403784,0.25,0.433012701892));
#10562 = PCURVE('',#9009,#10563);
#10563 = DEFINITIONAL_REPRESENTATION('',(#10564),#10568);
#10564 = LINE('',#10565,#10566);
#10565 = CARTESIAN_POINT('',(0.,-0.));
#10566 = VECTOR('',#10567,1.);
#10567 = DIRECTION('',(-2.775557561563E-17,-1.));
#10568 = ( GEOMETRIC_REPRESENTATION_CONTEXT(2) 
PARAMETRIC_REPRESENTATION_CONTEXT() REPRESENTATION_CONTEXT('2D SPACE',''
  ) );
#10569 = PCURVE('',#10570,#10575);
#10570 = PLANE('',#10571);
#10571 = AXIS2_PLACEMENT_3D('',#10572,#10573,#10574);
#10572 = CARTESIAN_POINT('',(-6.362177826491,-12.05570230503,
    3.518911086754));
#10573 = DIRECTION('',(0.,0.866025403784,-0.5));
#10574 = DIRECTION('',(0.5,-0.433012701892,-0.75));
#10575 = DEFINITIONAL_REPRESENTATION('',(#10576),#10580);
#10576 = LINE('',#10577,#10578);
#10577 = CARTESIAN_POINT('',(1.2,5.551115123126E-16));
#10578 = VECTOR('',#10579,1.);
#10579 = DIRECTION('',(0.,-1.));
#10580 = ( GEOMETRIC_REPRESENTATION_CONTEXT(2) 
PARAMETRIC_REPRESENTATION_CONTEXT() REPRESENTATION_CONTEXT('2D SPACE',''
  ) );
#10581 = ORIENTED_EDGE('',*,*,#10582,.T.);
#10582 = EDGE_CURVE('',#10555,#10583,#10585,.T.);
#10583 = VERTEX_POINT('',#10584);
#10584 = CARTESIAN_POINT('',(6.362177826491,-1.973909236273,
    4.581088913246));
#10585 = SURFACE_CURVE('',#10586,(#10590,#10597),.PCURVE_S1.);
#10586 = LINE('',#10587,#10588);
#10587 = CARTESIAN_POINT('',(6.362177826491,-9.075317547305,
    8.681088913246));
#10588 = VECTOR('',#10589,1.);
#10589 = DIRECTION('',(0.,0.866025403784,-0.5));
#10590 = PCURVE('',#9009,#10591);
#10591 = DEFINITIONAL_REPRESENTATION('',(#10592),#10596);
#10592 = LINE('',#10593,#10594);
#10593 = CARTESIAN_POINT('',(0.,-14.));
#10594 = VECTOR('',#10595,1.);
#10595 = DIRECTION('',(1.,2.775557561563E-17));
#10596 = ( GEOMETRIC_REPRESENTATION_CONTEXT(2) 
PARAMETRIC_REPRESENTATION_CONTEXT() REPRESENTATION_CONTEXT('2D SPACE',''
  ) );
#10597 = PCURVE('',#10598,#10603);
#10598 = PLANE('',#10599);
#10599 = AXIS2_PLACEMENT_3D('',#10600,#10601,#10602);
#10600 = CARTESIAN_POINT('',(6.062177826491,-5.264805770654,
    7.081088913246));
#10601 = DIRECTION('',(0.866025403784,0.25,0.433012701892));
#10602 = DIRECTION('',(0.,-0.866025403784,0.5));
#10603 = DEFINITIONAL_REPRESENTATION('',(#10604),#10608);
#10604 = LINE('',#10605,#10606);
#10605 = CARTESIAN_POINT('',(4.1,0.6));
#10606 = VECTOR('',#10607,1.);
#10607 = DIRECTION('',(-1.,0.));
#10608 = ( GEOMETRIC_REPRESENTATION_CONTEXT(2) 
PARAMETRIC_REPRESENTATION_CONTEXT() REPRESENTATION_CONTEXT('2D SPACE',''
  ) );
#10609 = ORIENTED_EDGE('',*,*,#10610,.F.);
#10610 = EDGE_CURVE('',#8988,#10583,#10611,.T.);
#10611 = SURFACE_CURVE('',#10612,(#10616,#10623),.PCURVE_S1.);
#10612 = LINE('',#10613,#10614);
#10613 = CARTESIAN_POINT('',(-5.762177826491,-5.473909236273,
    -1.481088913246));
#10614 = VECTOR('',#10615,1.);
#10615 = DIRECTION('',(0.866025403784,0.25,0.433012701892));
#10616 = PCURVE('',#9009,#10617);
#10617 = DEFINITIONAL_REPRESENTATION('',(#10618),#10622);
#10618 = LINE('',#10619,#10620);
#10619 = CARTESIAN_POINT('',(8.2,0.));
#10620 = VECTOR('',#10621,1.);
#10621 = DIRECTION('',(-2.775557561563E-17,-1.));
#10622 = ( GEOMETRIC_REPRESENTATION_CONTEXT(2) 
PARAMETRIC_REPRESENTATION_CONTEXT() REPRESENTATION_CONTEXT('2D SPACE',''
  ) );
#10623 = PCURVE('',#9036,#10624);
#10624 = DEFINITIONAL_REPRESENTATION('',(#10625),#10629);
#10625 = LINE('',#10626,#10627);
#10626 = CARTESIAN_POINT('',(0.,-0.));
#10627 = VECTOR('',#10628,1.);
#10628 = DIRECTION('',(0.,-1.));
#10629 = ( GEOMETRIC_REPRESENTATION_CONTEXT(2) 
PARAMETRIC_REPRESENTATION_CONTEXT() REPRESENTATION_CONTEXT('2D SPACE',''
  ) );
#10630 = ORIENTED_EDGE('',*,*,#8987,.F.);
#10631 = ORIENTED_EDGE('',*,*,#10485,.F.);
#10632 = ADVANCED_FACE('',(#10633),#9067,.F.);
#10633 = FACE_BOUND('',#10634,.F.);
#10634 = EDGE_LOOP('',(#10635,#10658,#10659,#10660,#10683,#10706));
#10635 = ORIENTED_EDGE('',*,*,#10636,.F.);
#10636 = EDGE_CURVE('',#10458,#10637,#10639,.T.);
#10637 = VERTEX_POINT('',#10638);
#10638 = CARTESIAN_POINT('',(-6.362177826491,-12.05570230503,
    3.518911086754));
#10639 = SURFACE_CURVE('',#10640,(#10644,#10651),.PCURVE_S1.);
#10640 = LINE('',#10641,#10642);
#10641 = CARTESIAN_POINT('',(-6.362177826491,-4.954293994002,
    -0.581088913246));
#10642 = VECTOR('',#10643,1.);
#10643 = DIRECTION('',(0.,-0.866025403784,0.5));
#10644 = PCURVE('',#9067,#10645);
#10645 = DEFINITIONAL_REPRESENTATION('',(#10646),#10650);
#10646 = LINE('',#10647,#10648);
#10647 = CARTESIAN_POINT('',(0.,-0.));
#10648 = VECTOR('',#10649,1.);
#10649 = DIRECTION('',(1.,-2.775557561563E-17));
#10650 = ( GEOMETRIC_REPRESENTATION_CONTEXT(2) 
PARAMETRIC_REPRESENTATION_CONTEXT() REPRESENTATION_CONTEXT('2D SPACE',''
  ) );
#10651 = PCURVE('',#10473,#10652);
#10652 = DEFINITIONAL_REPRESENTATION('',(#10653),#10657);
#10653 = LINE('',#10654,#10655);
#10654 = CARTESIAN_POINT('',(-4.1,-0.6));
#10655 = VECTOR('',#10656,1.);
#10656 = DIRECTION('',(1.,0.));
#10657 = ( GEOMETRIC_REPRESENTATION_CONTEXT(2) 
PARAMETRIC_REPRESENTATION_CONTEXT() REPRESENTATION_CONTEXT('2D SPACE',''
  ) );
#10658 = ORIENTED_EDGE('',*,*,#10507,.T.);
#10659 = ORIENTED_EDGE('',*,*,#9047,.F.);
#10660 = ORIENTED_EDGE('',*,*,#10661,.T.);
#10661 = EDGE_CURVE('',#9022,#10662,#10664,.T.);
#10662 = VERTEX_POINT('',#10663);
#10663 = CARTESIAN_POINT('',(5.762177826491,-1.454293994002,
    5.481088913246));
#10664 = SURFACE_CURVE('',#10665,(#10669,#10676),.PCURVE_S1.);
#10665 = LINE('',#10666,#10667);
#10666 = CARTESIAN_POINT('',(-6.362177826491,-4.954293994002,
    -0.581088913246));
#10667 = VECTOR('',#10668,1.);
#10668 = DIRECTION('',(0.866025403784,0.25,0.433012701892));
#10669 = PCURVE('',#9067,#10670);
#10670 = DEFINITIONAL_REPRESENTATION('',(#10671),#10675);
#10671 = LINE('',#10672,#10673);
#10672 = CARTESIAN_POINT('',(0.,-0.));
#10673 = VECTOR('',#10674,1.);
#10674 = DIRECTION('',(2.775557561563E-17,-1.));
#10675 = ( GEOMETRIC_REPRESENTATION_CONTEXT(2) 
PARAMETRIC_REPRESENTATION_CONTEXT() REPRESENTATION_CONTEXT('2D SPACE',''
  ) );
#10676 = PCURVE('',#9036,#10677);
#10677 = DEFINITIONAL_REPRESENTATION('',(#10678),#10682);
#10678 = LINE('',#10679,#10680);
#10679 = CARTESIAN_POINT('',(1.2,-6.106226635438E-16));
#10680 = VECTOR('',#10681,1.);
#10681 = DIRECTION('',(0.,-1.));
#10682 = ( GEOMETRIC_REPRESENTATION_CONTEXT(2) 
PARAMETRIC_REPRESENTATION_CONTEXT() REPRESENTATION_CONTEXT('2D SPACE',''
  ) );
#10683 = ORIENTED_EDGE('',*,*,#10684,.T.);
#10684 = EDGE_CURVE('',#10662,#10685,#10687,.T.);
#10685 = VERTEX_POINT('',#10686);
#10686 = CARTESIAN_POINT('',(5.762177826491,-8.555702305035,
    9.581088913246));
#10687 = SURFACE_CURVE('',#10688,(#10692,#10699),.PCURVE_S1.);
#10688 = LINE('',#10689,#10690);
#10689 = CARTESIAN_POINT('',(5.762177826491,-1.454293994002,
    5.481088913246));
#10690 = VECTOR('',#10691,1.);
#10691 = DIRECTION('',(0.,-0.866025403784,0.5));
#10692 = PCURVE('',#9067,#10693);
#10693 = DEFINITIONAL_REPRESENTATION('',(#10694),#10698);
#10694 = LINE('',#10695,#10696);
#10695 = CARTESIAN_POINT('',(4.440892098501E-16,-14.));
#10696 = VECTOR('',#10697,1.);
#10697 = DIRECTION('',(1.,-2.775557561563E-17));
#10698 = ( GEOMETRIC_REPRESENTATION_CONTEXT(2) 
PARAMETRIC_REPRESENTATION_CONTEXT() REPRESENTATION_CONTEXT('2D SPACE',''
  ) );
#10699 = PCURVE('',#10598,#10700);
#10700 = DEFINITIONAL_REPRESENTATION('',(#10701),#10705);
#10701 = LINE('',#10702,#10703);
#10702 = CARTESIAN_POINT('',(-4.1,-0.6));
#10703 = VECTOR('',#10704,1.);
#10704 = DIRECTION('',(1.,0.));
#10705 = ( GEOMETRIC_REPRESENTATION_CONTEXT(2) 
PARAMETRIC_REPRESENTATION_CONTEXT() REPRESENTATION_CONTEXT('2D SPACE',''
  ) );
#10706 = ORIENTED_EDGE('',*,*,#10707,.F.);
#10707 = EDGE_CURVE('',#10637,#10685,#10708,.T.);
#10708 = SURFACE_CURVE('',#10709,(#10713,#10720),.PCURVE_S1.);
#10709 = LINE('',#10710,#10711);
#10710 = CARTESIAN_POINT('',(-6.362177826491,-12.05570230503,
    3.518911086754));
#10711 = VECTOR('',#10712,1.);
#10712 = DIRECTION('',(0.866025403784,0.25,0.433012701892));
#10713 = PCURVE('',#9067,#10714);
#10714 = DEFINITIONAL_REPRESENTATION('',(#10715),#10719);
#10715 = LINE('',#10716,#10717);
#10716 = CARTESIAN_POINT('',(8.2,0.));
#10717 = VECTOR('',#10718,1.);
#10718 = DIRECTION('',(2.775557561563E-17,-1.));
#10719 = ( GEOMETRIC_REPRESENTATION_CONTEXT(2) 
PARAMETRIC_REPRESENTATION_CONTEXT() REPRESENTATION_CONTEXT('2D SPACE',''
  ) );
#10720 = PCURVE('',#10570,#10721);
#10721 = DEFINITIONAL_REPRESENTATION('',(#10722),#10726);
#10722 = LINE('',#10723,#10724);
#10723 = CARTESIAN_POINT('',(0.,-0.));
#10724 = VECTOR('',#10725,1.);
#10725 = DIRECTION('',(0.,-1.));
#10726 = ( GEOMETRIC_REPRESENTATION_CONTEXT(2) 
PARAMETRIC_REPRESENTATION_CONTEXT() REPRESENTATION_CONTEXT('2D SPACE',''
  ) );
#10727 = ADVANCED_FACE('',(#10728),#9036,.F.);
#10728 = FACE_BOUND('',#10729,.F.);
#10729 = EDGE_LOOP('',(#10730,#10731,#10732,#10753));
#10730 = ORIENTED_EDGE('',*,*,#9021,.F.);
#10731 = ORIENTED_EDGE('',*,*,#10610,.T.);
#10732 = ORIENTED_EDGE('',*,*,#10733,.T.);
#10733 = EDGE_CURVE('',#10583,#10662,#10734,.T.);
#10734 = SURFACE_CURVE('',#10735,(#10739,#10746),.PCURVE_S1.);
#10735 = LINE('',#10736,#10737);
#10736 = CARTESIAN_POINT('',(6.362177826491,-1.973909236273,
    4.581088913246));
#10737 = VECTOR('',#10738,1.);
#10738 = DIRECTION('',(-0.5,0.433012701892,0.75));
#10739 = PCURVE('',#9036,#10740);
#10740 = DEFINITIONAL_REPRESENTATION('',(#10741),#10745);
#10741 = LINE('',#10742,#10743);
#10742 = CARTESIAN_POINT('',(0.,-14.));
#10743 = VECTOR('',#10744,1.);
#10744 = DIRECTION('',(1.,0.));
#10745 = ( GEOMETRIC_REPRESENTATION_CONTEXT(2) 
PARAMETRIC_REPRESENTATION_CONTEXT() REPRESENTATION_CONTEXT('2D SPACE',''
  ) );
#10746 = PCURVE('',#10598,#10747);
#10747 = DEFINITIONAL_REPRESENTATION('',(#10748),#10752);
#10748 = LINE('',#10749,#10750);
#10749 = CARTESIAN_POINT('',(-4.1,0.6));
#10750 = VECTOR('',#10751,1.);
#10751 = DIRECTION('',(0.,-1.));
#10752 = ( GEOMETRIC_REPRESENTATION_CONTEXT(2) 
PARAMETRIC_REPRESENTATION_CONTEXT() REPRESENTATION_CONTEXT('2D SPACE',''
  ) );
#10753 = ORIENTED_EDGE('',*,*,#10661,.F.);
#10754 = ADVANCED_FACE('',(#10755),#9098,.F.);
#10755 = FACE_BOUND('',#10756,.F.);
#10756 = EDGE_LOOP('',(#10757,#10787,#10808,#10809));
#10757 = ORIENTED_EDGE('',*,*,#10758,.F.);
#10758 = EDGE_CURVE('',#10759,#10761,#10763,.T.);
#10759 = VERTEX_POINT('',#10760);
#10760 = CARTESIAN_POINT('',(-5.762177826491,-1.454293994002,
    -5.481088913246));
#10761 = VERTEX_POINT('',#10762);
#10762 = CARTESIAN_POINT('',(-6.362177826491,-1.973909236273,
    -4.581088913246));
#10763 = SURFACE_CURVE('',#10764,(#10768,#10775),.PCURVE_S1.);
#10764 = LINE('',#10765,#10766);
#10765 = CARTESIAN_POINT('',(-5.762177826491,-1.454293994002,
    -5.481088913246));
#10766 = VECTOR('',#10767,1.);
#10767 = DIRECTION('',(-0.5,-0.433012701892,0.75));
#10768 = PCURVE('',#9098,#10769);
#10769 = DEFINITIONAL_REPRESENTATION('',(#10770),#10774);
#10770 = LINE('',#10771,#10772);
#10771 = CARTESIAN_POINT('',(0.,0.));
#10772 = VECTOR('',#10773,1.);
#10773 = DIRECTION('',(1.,5.551115123126E-17));
#10774 = ( GEOMETRIC_REPRESENTATION_CONTEXT(2) 
PARAMETRIC_REPRESENTATION_CONTEXT() REPRESENTATION_CONTEXT('2D SPACE',''
  ) );
#10775 = PCURVE('',#10776,#10781);
#10776 = PLANE('',#10777);
#10777 = AXIS2_PLACEMENT_3D('',#10778,#10779,#10780);
#10778 = CARTESIAN_POINT('',(-6.062177826491,-5.264805770654,
    -7.081088913246));
#10779 = DIRECTION('',(0.866025403784,-0.25,0.433012701892));
#10780 = DIRECTION('',(0.,-0.866025403784,-0.5));
#10781 = DEFINITIONAL_REPRESENTATION('',(#10782),#10786);
#10782 = LINE('',#10783,#10784);
#10783 = CARTESIAN_POINT('',(-4.1,0.6));
#10784 = VECTOR('',#10785,1.);
#10785 = DIRECTION('',(0.,-1.));
#10786 = ( GEOMETRIC_REPRESENTATION_CONTEXT(2) 
PARAMETRIC_REPRESENTATION_CONTEXT() REPRESENTATION_CONTEXT('2D SPACE',''
  ) );
#10787 = ORIENTED_EDGE('',*,*,#10788,.T.);
#10788 = EDGE_CURVE('',#10759,#9082,#10789,.T.);
#10789 = SURFACE_CURVE('',#10790,(#10794,#10801),.PCURVE_S1.);
#10790 = LINE('',#10791,#10792);
#10791 = CARTESIAN_POINT('',(-5.762177826491,-1.454293994002,
    -5.481088913246));
#10792 = VECTOR('',#10793,1.);
#10793 = DIRECTION('',(0.866025403784,-0.25,0.433012701892));
#10794 = PCURVE('',#9098,#10795);
#10795 = DEFINITIONAL_REPRESENTATION('',(#10796),#10800);
#10796 = LINE('',#10797,#10798);
#10797 = CARTESIAN_POINT('',(0.,0.));
#10798 = VECTOR('',#10799,1.);
#10799 = DIRECTION('',(-5.551115123126E-17,-1.));
#10800 = ( GEOMETRIC_REPRESENTATION_CONTEXT(2) 
PARAMETRIC_REPRESENTATION_CONTEXT() REPRESENTATION_CONTEXT('2D SPACE',''
  ) );
#10801 = PCURVE('',#9131,#10802);
#10802 = DEFINITIONAL_REPRESENTATION('',(#10803),#10807);
#10803 = LINE('',#10804,#10805);
#10804 = CARTESIAN_POINT('',(8.2,0.));
#10805 = VECTOR('',#10806,1.);
#10806 = DIRECTION('',(-2.775557561563E-17,-1.));
#10807 = ( GEOMETRIC_REPRESENTATION_CONTEXT(2) 
PARAMETRIC_REPRESENTATION_CONTEXT() REPRESENTATION_CONTEXT('2D SPACE',''
  ) );
#10808 = ORIENTED_EDGE('',*,*,#9081,.T.);
#10809 = ORIENTED_EDGE('',*,*,#10810,.F.);
#10810 = EDGE_CURVE('',#10761,#9084,#10811,.T.);
#10811 = SURFACE_CURVE('',#10812,(#10816,#10823),.PCURVE_S1.);
#10812 = LINE('',#10813,#10814);
#10813 = CARTESIAN_POINT('',(-6.362177826491,-1.973909236273,
    -4.581088913246));
#10814 = VECTOR('',#10815,1.);
#10815 = DIRECTION('',(0.866025403784,-0.25,0.433012701892));
#10816 = PCURVE('',#9098,#10817);
#10817 = DEFINITIONAL_REPRESENTATION('',(#10818),#10822);
#10818 = LINE('',#10819,#10820);
#10819 = CARTESIAN_POINT('',(1.2,-3.885780586188E-16));
#10820 = VECTOR('',#10821,1.);
#10821 = DIRECTION('',(-5.551115123126E-17,-1.));
#10822 = ( GEOMETRIC_REPRESENTATION_CONTEXT(2) 
PARAMETRIC_REPRESENTATION_CONTEXT() REPRESENTATION_CONTEXT('2D SPACE',''
  ) );
#10823 = PCURVE('',#9189,#10824);
#10824 = DEFINITIONAL_REPRESENTATION('',(#10825),#10829);
#10825 = LINE('',#10826,#10827);
#10826 = CARTESIAN_POINT('',(0.,0.));
#10827 = VECTOR('',#10828,1.);
#10828 = DIRECTION('',(2.775557561563E-17,-1.));
#10829 = ( GEOMETRIC_REPRESENTATION_CONTEXT(2) 
PARAMETRIC_REPRESENTATION_CONTEXT() REPRESENTATION_CONTEXT('2D SPACE',''
  ) );
#10830 = ADVANCED_FACE('',(#10831),#9131,.F.);
#10831 = FACE_BOUND('',#10832,.F.);
#10832 = EDGE_LOOP('',(#10833,#10856,#10884,#10912,#10933,#10934));
#10833 = ORIENTED_EDGE('',*,*,#10834,.F.);
#10834 = EDGE_CURVE('',#10835,#10759,#10837,.T.);
#10835 = VERTEX_POINT('',#10836);
#10836 = CARTESIAN_POINT('',(-5.762177826491,-8.555702305035,
    -9.581088913246));
#10837 = SURFACE_CURVE('',#10838,(#10842,#10849),.PCURVE_S1.);
#10838 = LINE('',#10839,#10840);
#10839 = CARTESIAN_POINT('',(-5.762177826491,-8.555702305035,
    -9.581088913246));
#10840 = VECTOR('',#10841,1.);
#10841 = DIRECTION('',(0.,0.866025403784,0.5));
#10842 = PCURVE('',#9131,#10843);
#10843 = DEFINITIONAL_REPRESENTATION('',(#10844),#10848);
#10844 = LINE('',#10845,#10846);
#10845 = CARTESIAN_POINT('',(0.,0.));
#10846 = VECTOR('',#10847,1.);
#10847 = DIRECTION('',(1.,2.775557561563E-17));
#10848 = ( GEOMETRIC_REPRESENTATION_CONTEXT(2) 
PARAMETRIC_REPRESENTATION_CONTEXT() REPRESENTATION_CONTEXT('2D SPACE',''
  ) );
#10849 = PCURVE('',#10776,#10850);
#10850 = DEFINITIONAL_REPRESENTATION('',(#10851),#10855);
#10851 = LINE('',#10852,#10853);
#10852 = CARTESIAN_POINT('',(4.1,0.6));
#10853 = VECTOR('',#10854,1.);
#10854 = DIRECTION('',(-1.,0.));
#10855 = ( GEOMETRIC_REPRESENTATION_CONTEXT(2) 
PARAMETRIC_REPRESENTATION_CONTEXT() REPRESENTATION_CONTEXT('2D SPACE',''
  ) );
#10856 = ORIENTED_EDGE('',*,*,#10857,.T.);
#10857 = EDGE_CURVE('',#10835,#10858,#10860,.T.);
#10858 = VERTEX_POINT('',#10859);
#10859 = CARTESIAN_POINT('',(6.362177826491,-12.05570230503,
    -3.518911086754));
#10860 = SURFACE_CURVE('',#10861,(#10865,#10872),.PCURVE_S1.);
#10861 = LINE('',#10862,#10863);
#10862 = CARTESIAN_POINT('',(-5.762177826491,-8.555702305035,
    -9.581088913246));
#10863 = VECTOR('',#10864,1.);
#10864 = DIRECTION('',(0.866025403784,-0.25,0.433012701892));
#10865 = PCURVE('',#9131,#10866);
#10866 = DEFINITIONAL_REPRESENTATION('',(#10867),#10871);
#10867 = LINE('',#10868,#10869);
#10868 = CARTESIAN_POINT('',(0.,0.));
#10869 = VECTOR('',#10870,1.);
#10870 = DIRECTION('',(-2.775557561563E-17,-1.));
#10871 = ( GEOMETRIC_REPRESENTATION_CONTEXT(2) 
PARAMETRIC_REPRESENTATION_CONTEXT() REPRESENTATION_CONTEXT('2D SPACE',''
  ) );
#10872 = PCURVE('',#10873,#10878);
#10873 = PLANE('',#10874);
#10874 = AXIS2_PLACEMENT_3D('',#10875,#10876,#10877);
#10875 = CARTESIAN_POINT('',(-6.362177826491,-9.075317547305,
    -8.681088913246));
#10876 = DIRECTION('',(0.,0.866025403784,0.5));
#10877 = DIRECTION('',(0.5,0.433012701892,-0.75));
#10878 = DEFINITIONAL_REPRESENTATION('',(#10879),#10883);
#10879 = LINE('',#10880,#10881);
#10880 = CARTESIAN_POINT('',(1.2,5.551115123126E-17));
#10881 = VECTOR('',#10882,1.);
#10882 = DIRECTION('',(5.551115123126E-17,-1.));
#10883 = ( GEOMETRIC_REPRESENTATION_CONTEXT(2) 
PARAMETRIC_REPRESENTATION_CONTEXT() REPRESENTATION_CONTEXT('2D SPACE',''
  ) );
#10884 = ORIENTED_EDGE('',*,*,#10885,.T.);
#10885 = EDGE_CURVE('',#10858,#10886,#10888,.T.);
#10886 = VERTEX_POINT('',#10887);
#10887 = CARTESIAN_POINT('',(6.362177826491,-4.954293994002,
    0.581088913246));
#10888 = SURFACE_CURVE('',#10889,(#10893,#10900),.PCURVE_S1.);
#10889 = LINE('',#10890,#10891);
#10890 = CARTESIAN_POINT('',(6.362177826491,-12.05570230503,
    -3.518911086754));
#10891 = VECTOR('',#10892,1.);
#10892 = DIRECTION('',(0.,0.866025403784,0.5));
#10893 = PCURVE('',#9131,#10894);
#10894 = DEFINITIONAL_REPRESENTATION('',(#10895),#10899);
#10895 = LINE('',#10896,#10897);
#10896 = CARTESIAN_POINT('',(4.440892098501E-16,-14.));
#10897 = VECTOR('',#10898,1.);
#10898 = DIRECTION('',(1.,2.775557561563E-17));
#10899 = ( GEOMETRIC_REPRESENTATION_CONTEXT(2) 
PARAMETRIC_REPRESENTATION_CONTEXT() REPRESENTATION_CONTEXT('2D SPACE',''
  ) );
#10900 = PCURVE('',#10901,#10906);
#10901 = PLANE('',#10902);
#10902 = AXIS2_PLACEMENT_3D('',#10903,#10904,#10905);
#10903 = CARTESIAN_POINT('',(6.062177826491,-8.764805770654,
    -1.018911086754));
#10904 = DIRECTION('',(0.866025403784,-0.25,0.433012701892));
#10905 = DIRECTION('',(0.,-0.866025403784,-0.5));
#10906 = DEFINITIONAL_REPRESENTATION('',(#10907),#10911);
#10907 = LINE('',#10908,#10909);
#10908 = CARTESIAN_POINT('',(4.1,0.6));
#10909 = VECTOR('',#10910,1.);
#10910 = DIRECTION('',(-1.,0.));
#10911 = ( GEOMETRIC_REPRESENTATION_CONTEXT(2) 
PARAMETRIC_REPRESENTATION_CONTEXT() REPRESENTATION_CONTEXT('2D SPACE',''
  ) );
#10912 = ORIENTED_EDGE('',*,*,#10913,.F.);
#10913 = EDGE_CURVE('',#9110,#10886,#10914,.T.);
#10914 = SURFACE_CURVE('',#10915,(#10919,#10926),.PCURVE_S1.);
#10915 = LINE('',#10916,#10917);
#10916 = CARTESIAN_POINT('',(-5.762177826491,-1.454293994002,
    -5.481088913246));
#10917 = VECTOR('',#10918,1.);
#10918 = DIRECTION('',(0.866025403784,-0.25,0.433012701892));
#10919 = PCURVE('',#9131,#10920);
#10920 = DEFINITIONAL_REPRESENTATION('',(#10921),#10925);
#10921 = LINE('',#10922,#10923);
#10922 = CARTESIAN_POINT('',(8.2,0.));
#10923 = VECTOR('',#10924,1.);
#10924 = DIRECTION('',(-2.775557561563E-17,-1.));
#10925 = ( GEOMETRIC_REPRESENTATION_CONTEXT(2) 
PARAMETRIC_REPRESENTATION_CONTEXT() REPRESENTATION_CONTEXT('2D SPACE',''
  ) );
#10926 = PCURVE('',#9158,#10927);
#10927 = DEFINITIONAL_REPRESENTATION('',(#10928),#10932);
#10928 = LINE('',#10929,#10930);
#10929 = CARTESIAN_POINT('',(0.,0.));
#10930 = VECTOR('',#10931,1.);
#10931 = DIRECTION('',(-5.551115123126E-17,-1.));
#10932 = ( GEOMETRIC_REPRESENTATION_CONTEXT(2) 
PARAMETRIC_REPRESENTATION_CONTEXT() REPRESENTATION_CONTEXT('2D SPACE',''
  ) );
#10933 = ORIENTED_EDGE('',*,*,#9109,.F.);
#10934 = ORIENTED_EDGE('',*,*,#10788,.F.);
#10935 = ADVANCED_FACE('',(#10936),#9189,.F.);
#10936 = FACE_BOUND('',#10937,.F.);
#10937 = EDGE_LOOP('',(#10938,#10961,#10962,#10963,#10986,#11009));
#10938 = ORIENTED_EDGE('',*,*,#10939,.F.);
#10939 = EDGE_CURVE('',#10761,#10940,#10942,.T.);
#10940 = VERTEX_POINT('',#10941);
#10941 = CARTESIAN_POINT('',(-6.362177826491,-9.075317547305,
    -8.681088913246));
#10942 = SURFACE_CURVE('',#10943,(#10947,#10954),.PCURVE_S1.);
#10943 = LINE('',#10944,#10945);
#10944 = CARTESIAN_POINT('',(-6.362177826491,-1.973909236273,
    -4.581088913246));
#10945 = VECTOR('',#10946,1.);
#10946 = DIRECTION('',(0.,-0.866025403784,-0.5));
#10947 = PCURVE('',#9189,#10948);
#10948 = DEFINITIONAL_REPRESENTATION('',(#10949),#10953);
#10949 = LINE('',#10950,#10951);
#10950 = CARTESIAN_POINT('',(0.,0.));
#10951 = VECTOR('',#10952,1.);
#10952 = DIRECTION('',(1.,-2.775557561563E-17));
#10953 = ( GEOMETRIC_REPRESENTATION_CONTEXT(2) 
PARAMETRIC_REPRESENTATION_CONTEXT() REPRESENTATION_CONTEXT('2D SPACE',''
  ) );
#10954 = PCURVE('',#10776,#10955);
#10955 = DEFINITIONAL_REPRESENTATION('',(#10956),#10960);
#10956 = LINE('',#10957,#10958);
#10957 = CARTESIAN_POINT('',(-4.1,-0.6));
#10958 = VECTOR('',#10959,1.);
#10959 = DIRECTION('',(1.,0.));
#10960 = ( GEOMETRIC_REPRESENTATION_CONTEXT(2) 
PARAMETRIC_REPRESENTATION_CONTEXT() REPRESENTATION_CONTEXT('2D SPACE',''
  ) );
#10961 = ORIENTED_EDGE('',*,*,#10810,.T.);
#10962 = ORIENTED_EDGE('',*,*,#9169,.F.);
#10963 = ORIENTED_EDGE('',*,*,#10964,.T.);
#10964 = EDGE_CURVE('',#9144,#10965,#10967,.T.);
#10965 = VERTEX_POINT('',#10966);
#10966 = CARTESIAN_POINT('',(5.762177826491,-5.473909236273,
    1.481088913246));
#10967 = SURFACE_CURVE('',#10968,(#10972,#10979),.PCURVE_S1.);
#10968 = LINE('',#10969,#10970);
#10969 = CARTESIAN_POINT('',(-6.362177826491,-1.973909236273,
    -4.581088913246));
#10970 = VECTOR('',#10971,1.);
#10971 = DIRECTION('',(0.866025403784,-0.25,0.433012701892));
#10972 = PCURVE('',#9189,#10973);
#10973 = DEFINITIONAL_REPRESENTATION('',(#10974),#10978);
#10974 = LINE('',#10975,#10976);
#10975 = CARTESIAN_POINT('',(0.,0.));
#10976 = VECTOR('',#10977,1.);
#10977 = DIRECTION('',(2.775557561563E-17,-1.));
#10978 = ( GEOMETRIC_REPRESENTATION_CONTEXT(2) 
PARAMETRIC_REPRESENTATION_CONTEXT() REPRESENTATION_CONTEXT('2D SPACE',''
  ) );
#10979 = PCURVE('',#9158,#10980);
#10980 = DEFINITIONAL_REPRESENTATION('',(#10981),#10985);
#10981 = LINE('',#10982,#10983);
#10982 = CARTESIAN_POINT('',(1.2,-3.885780586188E-16));
#10983 = VECTOR('',#10984,1.);
#10984 = DIRECTION('',(-5.551115123126E-17,-1.));
#10985 = ( GEOMETRIC_REPRESENTATION_CONTEXT(2) 
PARAMETRIC_REPRESENTATION_CONTEXT() REPRESENTATION_CONTEXT('2D SPACE',''
  ) );
#10986 = ORIENTED_EDGE('',*,*,#10987,.T.);
#10987 = EDGE_CURVE('',#10965,#10988,#10990,.T.);
#10988 = VERTEX_POINT('',#10989);
#10989 = CARTESIAN_POINT('',(5.762177826491,-12.5753175473,
    -2.618911086754));
#10990 = SURFACE_CURVE('',#10991,(#10995,#11002),.PCURVE_S1.);
#10991 = LINE('',#10992,#10993);
#10992 = CARTESIAN_POINT('',(5.762177826491,-5.473909236273,
    1.481088913246));
#10993 = VECTOR('',#10994,1.);
#10994 = DIRECTION('',(0.,-0.866025403784,-0.5));
#10995 = PCURVE('',#9189,#10996);
#10996 = DEFINITIONAL_REPRESENTATION('',(#10997),#11001);
#10997 = LINE('',#10998,#10999);
#10998 = CARTESIAN_POINT('',(0.,-14.));
#10999 = VECTOR('',#11000,1.);
#11000 = DIRECTION('',(1.,-2.775557561563E-17));
#11001 = ( GEOMETRIC_REPRESENTATION_CONTEXT(2) 
PARAMETRIC_REPRESENTATION_CONTEXT() REPRESENTATION_CONTEXT('2D SPACE',''
  ) );
#11002 = PCURVE('',#10901,#11003);
#11003 = DEFINITIONAL_REPRESENTATION('',(#11004),#11008);
#11004 = LINE('',#11005,#11006);
#11005 = CARTESIAN_POINT('',(-4.1,-0.6));
#11006 = VECTOR('',#11007,1.);
#11007 = DIRECTION('',(1.,0.));
#11008 = ( GEOMETRIC_REPRESENTATION_CONTEXT(2) 
PARAMETRIC_REPRESENTATION_CONTEXT() REPRESENTATION_CONTEXT('2D SPACE',''
  ) );
#11009 = ORIENTED_EDGE('',*,*,#11010,.F.);
#11010 = EDGE_CURVE('',#10940,#10988,#11011,.T.);
#11011 = SURFACE_CURVE('',#11012,(#11016,#11023),.PCURVE_S1.);
#11012 = LINE('',#11013,#11014);
#11013 = CARTESIAN_POINT('',(-6.362177826491,-9.075317547305,
    -8.681088913246));
#11014 = VECTOR('',#11015,1.);
#11015 = DIRECTION('',(0.866025403784,-0.25,0.433012701892));
#11016 = PCURVE('',#9189,#11017);
#11017 = DEFINITIONAL_REPRESENTATION('',(#11018),#11022);
#11018 = LINE('',#11019,#11020);
#11019 = CARTESIAN_POINT('',(8.2,2.22044604925E-16));
#11020 = VECTOR('',#11021,1.);
#11021 = DIRECTION('',(2.775557561563E-17,-1.));
#11022 = ( GEOMETRIC_REPRESENTATION_CONTEXT(2) 
PARAMETRIC_REPRESENTATION_CONTEXT() REPRESENTATION_CONTEXT('2D SPACE',''
  ) );
#11023 = PCURVE('',#10873,#11024);
#11024 = DEFINITIONAL_REPRESENTATION('',(#11025),#11029);
#11025 = LINE('',#11026,#11027);
#11026 = CARTESIAN_POINT('',(0.,0.));
#11027 = VECTOR('',#11028,1.);
#11028 = DIRECTION('',(5.551115123126E-17,-1.));
#11029 = ( GEOMETRIC_REPRESENTATION_CONTEXT(2) 
PARAMETRIC_REPRESENTATION_CONTEXT() REPRESENTATION_CONTEXT('2D SPACE',''
  ) );
#11030 = ADVANCED_FACE('',(#11031),#9158,.F.);
#11031 = FACE_BOUND('',#11032,.F.);
#11032 = EDGE_LOOP('',(#11033,#11034,#11035,#11056));
#11033 = ORIENTED_EDGE('',*,*,#9143,.F.);
#11034 = ORIENTED_EDGE('',*,*,#10913,.T.);
#11035 = ORIENTED_EDGE('',*,*,#11036,.T.);
#11036 = EDGE_CURVE('',#10886,#10965,#11037,.T.);
#11037 = SURFACE_CURVE('',#11038,(#11042,#11049),.PCURVE_S1.);
#11038 = LINE('',#11039,#11040);
#11039 = CARTESIAN_POINT('',(6.362177826491,-4.954293994002,
    0.581088913246));
#11040 = VECTOR('',#11041,1.);
#11041 = DIRECTION('',(-0.5,-0.433012701892,0.75));
#11042 = PCURVE('',#9158,#11043);
#11043 = DEFINITIONAL_REPRESENTATION('',(#11044),#11048);
#11044 = LINE('',#11045,#11046);
#11045 = CARTESIAN_POINT('',(0.,-14.));
#11046 = VECTOR('',#11047,1.);
#11047 = DIRECTION('',(1.,5.551115123126E-17));
#11048 = ( GEOMETRIC_REPRESENTATION_CONTEXT(2) 
PARAMETRIC_REPRESENTATION_CONTEXT() REPRESENTATION_CONTEXT('2D SPACE',''
  ) );
#11049 = PCURVE('',#10901,#11050);
#11050 = DEFINITIONAL_REPRESENTATION('',(#11051),#11055);
#11051 = LINE('',#11052,#11053);
#11052 = CARTESIAN_POINT('',(-4.1,0.6));
#11053 = VECTOR('',#11054,1.);
#11054 = DIRECTION('',(0.,-1.));
#11055 = ( GEOMETRIC_REPRESENTATION_CONTEXT(2) 
PARAMETRIC_REPRESENTATION_CONTEXT() REPRESENTATION_CONTEXT('2D SPACE',''
  ) );
#11056 = ORIENTED_EDGE('',*,*,#10964,.F.);
#11057 = ADVANCED_FACE('',(#11058),#9228,.T.);
#11058 = FACE_BOUND('',#11059,.F.);
#11059 = EDGE_LOOP('',(#11060,#11083,#11084,#11085));
#11060 = ORIENTED_EDGE('',*,*,#11061,.F.);
#11061 = EDGE_CURVE('',#9208,#11062,#11064,.T.);
#11062 = VERTEX_POINT('',#11063);
#11063 = CARTESIAN_POINT('',(29.,1.5,0.));
#11064 = SEAM_CURVE('',#11065,(#11069,#11076),.PCURVE_S1.);
#11065 = LINE('',#11066,#11067);
#11066 = CARTESIAN_POINT('',(-35.,1.5,0.));
#11067 = VECTOR('',#11068,1.);
#11068 = DIRECTION('',(1.,0.,0.));
#11069 = PCURVE('',#9228,#11070);
#11070 = DEFINITIONAL_REPRESENTATION('',(#11071),#11075);
#11071 = LINE('',#11072,#11073);
#11072 = CARTESIAN_POINT('',(-6.28318530718,0.));
#11073 = VECTOR('',#11074,1.);
#11074 = DIRECTION('',(-0.,-1.));
#11075 = ( GEOMETRIC_REPRESENTATION_CONTEXT(2) 
PARAMETRIC_REPRESENTATION_CONTEXT() REPRESENTATION_CONTEXT('2D SPACE',''
  ) );
#11076 = PCURVE('',#9228,#11077);
#11077 = DEFINITIONAL_REPRESENTATION('',(#11078),#11082);
#11078 = LINE('',#11079,#11080);
#11079 = CARTESIAN_POINT('',(-0.,0.));
#11080 = VECTOR('',#11081,1.);
#11081 = DIRECTION('',(-0.,-1.));
#11082 = ( GEOMETRIC_REPRESENTATION_CONTEXT(2) 
PARAMETRIC_REPRESENTATION_CONTEXT() REPRESENTATION_CONTEXT('2D SPACE',''
  ) );
#11083 = ORIENTED_EDGE('',*,*,#9207,.T.);
#11084 = ORIENTED_EDGE('',*,*,#11061,.T.);
#11085 = ORIENTED_EDGE('',*,*,#11086,.F.);
#11086 = EDGE_CURVE('',#11062,#11062,#11087,.T.);
#11087 = SURFACE_CURVE('',#11088,(#11093,#11100),.PCURVE_S1.);
#11088 = CIRCLE('',#11089,1.5);
#11089 = AXIS2_PLACEMENT_3D('',#11090,#11091,#11092);
#11090 = CARTESIAN_POINT('',(29.,0.,0.));
#11091 = DIRECTION('',(-1.,0.,0.));
#11092 = DIRECTION('',(0.,1.,0.));
#11093 = PCURVE('',#9228,#11094);
#11094 = DEFINITIONAL_REPRESENTATION('',(#11095),#11099);
#11095 = LINE('',#11096,#11097);
#11096 = CARTESIAN_POINT('',(-6.28318530718,-64.));
#11097 = VECTOR('',#11098,1.);
#11098 = DIRECTION('',(1.,-0.));
#11099 = ( GEOMETRIC_REPRESENTATION_CONTEXT(2) 
PARAMETRIC_REPRESENTATION_CONTEXT() REPRESENTATION_CONTEXT('2D SPACE',''
  ) );
#11100 = PCURVE('',#11101,#11106);
#11101 = PLANE('',#11102);
#11102 = AXIS2_PLACEMENT_3D('',#11103,#11104,#11105);
#11103 = CARTESIAN_POINT('',(29.,-1.519377925044E-16,1.201785651367E-16)
  );
#11104 = DIRECTION('',(1.,0.,0.));
#11105 = DIRECTION('',(-0.,0.,1.));
#11106 = DEFINITIONAL_REPRESENTATION('',(#11107),#11115);
#11107 = ( BOUNDED_CURVE() B_SPLINE_CURVE(2,(#11108,#11109,#11110,#11111
    ,#11112,#11113,#11114),.UNSPECIFIED.,.T.,.F.) 
B_SPLINE_CURVE_WITH_KNOTS((1,2,2,2,2,1),(-2.094395102393,0.,
    2.094395102393,4.188790204786,6.28318530718,8.377580409573),
.UNSPECIFIED.) CURVE() GEOMETRIC_REPRESENTATION_ITEM() 
RATIONAL_B_SPLINE_CURVE((1.,0.5,1.,0.5,1.,0.5,1.)) REPRESENTATION_ITEM(
  '') );
#11108 = CARTESIAN_POINT('',(-1.201785651367E-16,-1.5));
#11109 = CARTESIAN_POINT('',(-2.598076211353,-1.5));
#11110 = CARTESIAN_POINT('',(-1.299038105677,0.75));
#11111 = CARTESIAN_POINT('',(-4.875726048809E-16,3.));
#11112 = CARTESIAN_POINT('',(1.299038105677,0.75));
#11113 = CARTESIAN_POINT('',(2.598076211353,-1.5));
#11114 = CARTESIAN_POINT('',(-1.201785651367E-16,-1.5));
#11115 = ( GEOMETRIC_REPRESENTATION_CONTEXT(2) 
PARAMETRIC_REPRESENTATION_CONTEXT() REPRESENTATION_CONTEXT('2D SPACE',''
  ) );
#11116 = ADVANCED_FACE('',(#11117),#9261,.F.);
#11117 = FACE_BOUND('',#11118,.F.);
#11118 = EDGE_LOOP('',(#11119,#11120,#11121,#11142));
#11119 = ORIENTED_EDGE('',*,*,#9243,.T.);
#11120 = ORIENTED_EDGE('',*,*,#9424,.T.);
#11121 = ORIENTED_EDGE('',*,*,#11122,.T.);
#11122 = EDGE_CURVE('',#9425,#9320,#11123,.T.);
#11123 = SURFACE_CURVE('',#11124,(#11128,#11135),.PCURVE_S1.);
#11124 = LINE('',#11125,#11126);
#11125 = CARTESIAN_POINT('',(-6.362177826491,-2.980384757729,12.2));
#11126 = VECTOR('',#11127,1.);
#11127 = DIRECTION('',(0.5,-0.866025403784,0.));
#11128 = PCURVE('',#9261,#11129);
#11129 = DEFINITIONAL_REPRESENTATION('',(#11130),#11134);
#11130 = LINE('',#11131,#11132);
#11131 = CARTESIAN_POINT('',(4.1,-0.6));
#11132 = VECTOR('',#11133,1.);
#11133 = DIRECTION('',(0.,1.));
#11134 = ( GEOMETRIC_REPRESENTATION_CONTEXT(2) 
PARAMETRIC_REPRESENTATION_CONTEXT() REPRESENTATION_CONTEXT('2D SPACE',''
  ) );
#11135 = PCURVE('',#9358,#11136);
#11136 = DEFINITIONAL_REPRESENTATION('',(#11137),#11141);
#11137 = LINE('',#11138,#11139);
#11138 = CARTESIAN_POINT('',(0.,-0.));
#11139 = VECTOR('',#11140,1.);
#11140 = DIRECTION('',(1.,0.));
#11141 = ( GEOMETRIC_REPRESENTATION_CONTEXT(2) 
PARAMETRIC_REPRESENTATION_CONTEXT() REPRESENTATION_CONTEXT('2D SPACE',''
  ) );
#11142 = ORIENTED_EDGE('',*,*,#9319,.T.);
#11143 = ADVANCED_FACE('',(#11144),#9386,.T.);
#11144 = FACE_BOUND('',#11145,.T.);
#11145 = EDGE_LOOP('',(#11146,#11147,#11148,#11169));
#11146 = ORIENTED_EDGE('',*,*,#9521,.T.);
#11147 = ORIENTED_EDGE('',*,*,#9472,.T.);
#11148 = ORIENTED_EDGE('',*,*,#11149,.T.);
#11149 = EDGE_CURVE('',#9473,#9343,#11150,.T.);
#11150 = SURFACE_CURVE('',#11151,(#11155,#11162),.PCURVE_S1.);
#11151 = LINE('',#11152,#11153);
#11152 = CARTESIAN_POINT('',(5.762177826491,4.019615242271,12.2));
#11153 = VECTOR('',#11154,1.);
#11154 = DIRECTION('',(0.5,-0.866025403784,0.));
#11155 = PCURVE('',#9386,#11156);
#11156 = DEFINITIONAL_REPRESENTATION('',(#11157),#11161);
#11157 = LINE('',#11158,#11159);
#11158 = CARTESIAN_POINT('',(4.1,-0.6));
#11159 = VECTOR('',#11160,1.);
#11160 = DIRECTION('',(0.,1.));
#11161 = ( GEOMETRIC_REPRESENTATION_CONTEXT(2) 
PARAMETRIC_REPRESENTATION_CONTEXT() REPRESENTATION_CONTEXT('2D SPACE',''
  ) );
#11162 = PCURVE('',#9358,#11163);
#11163 = DEFINITIONAL_REPRESENTATION('',(#11164),#11168);
#11164 = LINE('',#11165,#11166);
#11165 = CARTESIAN_POINT('',(0.,-14.));
#11166 = VECTOR('',#11167,1.);
#11167 = DIRECTION('',(1.,0.));
#11168 = ( GEOMETRIC_REPRESENTATION_CONTEXT(2) 
PARAMETRIC_REPRESENTATION_CONTEXT() REPRESENTATION_CONTEXT('2D SPACE',''
  ) );
#11169 = ORIENTED_EDGE('',*,*,#9370,.T.);
#11170 = ADVANCED_FACE('',(#11171),#9358,.F.);
#11171 = FACE_BOUND('',#11172,.F.);
#11172 = EDGE_LOOP('',(#11173,#11174,#11175,#11176));
#11173 = ORIENTED_EDGE('',*,*,#9495,.T.);
#11174 = ORIENTED_EDGE('',*,*,#11149,.T.);
#11175 = ORIENTED_EDGE('',*,*,#9342,.F.);
#11176 = ORIENTED_EDGE('',*,*,#11122,.F.);
#11177 = ADVANCED_FACE('',(#11178),#9564,.F.);
#11178 = FACE_BOUND('',#11179,.F.);
#11179 = EDGE_LOOP('',(#11180,#11181,#11182,#11203));
#11180 = ORIENTED_EDGE('',*,*,#9546,.T.);
#11181 = ORIENTED_EDGE('',*,*,#9727,.T.);
#11182 = ORIENTED_EDGE('',*,*,#11183,.T.);
#11183 = EDGE_CURVE('',#9728,#9623,#11184,.T.);
#11184 = SURFACE_CURVE('',#11185,(#11189,#11196),.PCURVE_S1.);
#11185 = LINE('',#11186,#11187);
#11186 = CARTESIAN_POINT('',(-6.362177826491,2.980384757729,-12.2));
#11187 = VECTOR('',#11188,1.);
#11188 = DIRECTION('',(0.5,0.866025403784,-1.060575238725E-16));
#11189 = PCURVE('',#9564,#11190);
#11190 = DEFINITIONAL_REPRESENTATION('',(#11191),#11195);
#11191 = LINE('',#11192,#11193);
#11192 = CARTESIAN_POINT('',(4.1,-0.6));
#11193 = VECTOR('',#11194,1.);
#11194 = DIRECTION('',(0.,1.));
#11195 = ( GEOMETRIC_REPRESENTATION_CONTEXT(2) 
PARAMETRIC_REPRESENTATION_CONTEXT() REPRESENTATION_CONTEXT('2D SPACE',''
  ) );
#11196 = PCURVE('',#9661,#11197);
#11197 = DEFINITIONAL_REPRESENTATION('',(#11198),#11202);
#11198 = LINE('',#11199,#11200);
#11199 = CARTESIAN_POINT('',(0.,0.));
#11200 = VECTOR('',#11201,1.);
#11201 = DIRECTION('',(1.,6.494150356797E-33));
#11202 = ( GEOMETRIC_REPRESENTATION_CONTEXT(2) 
PARAMETRIC_REPRESENTATION_CONTEXT() REPRESENTATION_CONTEXT('2D SPACE',''
  ) );
#11203 = ORIENTED_EDGE('',*,*,#9622,.T.);
#11204 = ADVANCED_FACE('',(#11205),#9689,.T.);
#11205 = FACE_BOUND('',#11206,.T.);
#11206 = EDGE_LOOP('',(#11207,#11208,#11209,#11230));
#11207 = ORIENTED_EDGE('',*,*,#9824,.T.);
#11208 = ORIENTED_EDGE('',*,*,#9775,.T.);
#11209 = ORIENTED_EDGE('',*,*,#11210,.T.);
#11210 = EDGE_CURVE('',#9776,#9646,#11211,.T.);
#11211 = SURFACE_CURVE('',#11212,(#11216,#11223),.PCURVE_S1.);
#11212 = LINE('',#11213,#11214);
#11213 = CARTESIAN_POINT('',(5.762177826491,-4.019615242271,-12.2));
#11214 = VECTOR('',#11215,1.);
#11215 = DIRECTION('',(0.5,0.866025403784,-1.060575238725E-16));
#11216 = PCURVE('',#9689,#11217);
#11217 = DEFINITIONAL_REPRESENTATION('',(#11218),#11222);
#11218 = LINE('',#11219,#11220);
#11219 = CARTESIAN_POINT('',(4.1,-0.6));
#11220 = VECTOR('',#11221,1.);
#11221 = DIRECTION('',(0.,1.));
#11222 = ( GEOMETRIC_REPRESENTATION_CONTEXT(2) 
PARAMETRIC_REPRESENTATION_CONTEXT() REPRESENTATION_CONTEXT('2D SPACE',''
  ) );
#11223 = PCURVE('',#9661,#11224);
#11224 = DEFINITIONAL_REPRESENTATION('',(#11225),#11229);
#11225 = LINE('',#11226,#11227);
#11226 = CARTESIAN_POINT('',(-8.881784197001E-16,-14.));
#11227 = VECTOR('',#11228,1.);
#11228 = DIRECTION('',(1.,6.494150356797E-33));
#11229 = ( GEOMETRIC_REPRESENTATION_CONTEXT(2) 
PARAMETRIC_REPRESENTATION_CONTEXT() REPRESENTATION_CONTEXT('2D SPACE',''
  ) );
#11230 = ORIENTED_EDGE('',*,*,#9673,.T.);
#11231 = ADVANCED_FACE('',(#11232),#9661,.F.);
#11232 = FACE_BOUND('',#11233,.F.);
#11233 = EDGE_LOOP('',(#11234,#11235,#11236,#11237));
#11234 = ORIENTED_EDGE('',*,*,#9798,.T.);
#11235 = ORIENTED_EDGE('',*,*,#11210,.T.);
#11236 = ORIENTED_EDGE('',*,*,#9645,.F.);
#11237 = ORIENTED_EDGE('',*,*,#11183,.F.);
#11238 = ADVANCED_FACE('',(#11239),#9867,.F.);
#11239 = FACE_BOUND('',#11240,.F.);
#11240 = EDGE_LOOP('',(#11241,#11242,#11243,#11264));
#11241 = ORIENTED_EDGE('',*,*,#9849,.T.);
#11242 = ORIENTED_EDGE('',*,*,#10030,.T.);
#11243 = ORIENTED_EDGE('',*,*,#11244,.T.);
#11244 = EDGE_CURVE('',#10031,#9926,#11245,.T.);
#11245 = SURFACE_CURVE('',#11246,(#11250,#11257),.PCURVE_S1.);
#11246 = LINE('',#11247,#11248);
#11247 = CARTESIAN_POINT('',(-6.362177826491,12.055702305035,
    -3.518911086754));
#11248 = VECTOR('',#11249,1.);
#11249 = DIRECTION('',(0.5,0.433012701892,0.75));
#11250 = PCURVE('',#9867,#11251);
#11251 = DEFINITIONAL_REPRESENTATION('',(#11252),#11256);
#11252 = LINE('',#11253,#11254);
#11253 = CARTESIAN_POINT('',(4.1,-0.6));
#11254 = VECTOR('',#11255,1.);
#11255 = DIRECTION('',(0.,1.));
#11256 = ( GEOMETRIC_REPRESENTATION_CONTEXT(2) 
PARAMETRIC_REPRESENTATION_CONTEXT() REPRESENTATION_CONTEXT('2D SPACE',''
  ) );
#11257 = PCURVE('',#9964,#11258);
#11258 = DEFINITIONAL_REPRESENTATION('',(#11259),#11263);
#11259 = LINE('',#11260,#11261);
#11260 = CARTESIAN_POINT('',(0.,0.));
#11261 = VECTOR('',#11262,1.);
#11262 = DIRECTION('',(1.,0.));
#11263 = ( GEOMETRIC_REPRESENTATION_CONTEXT(2) 
PARAMETRIC_REPRESENTATION_CONTEXT() REPRESENTATION_CONTEXT('2D SPACE',''
  ) );
#11264 = ORIENTED_EDGE('',*,*,#9925,.T.);
#11265 = ADVANCED_FACE('',(#11266),#9992,.T.);
#11266 = FACE_BOUND('',#11267,.T.);
#11267 = EDGE_LOOP('',(#11268,#11269,#11270,#11291));
#11268 = ORIENTED_EDGE('',*,*,#10127,.T.);
#11269 = ORIENTED_EDGE('',*,*,#10078,.T.);
#11270 = ORIENTED_EDGE('',*,*,#11271,.T.);
#11271 = EDGE_CURVE('',#10079,#9949,#11272,.T.);
#11272 = SURFACE_CURVE('',#11273,(#11277,#11284),.PCURVE_S1.);
#11273 = LINE('',#11274,#11275);
#11274 = CARTESIAN_POINT('',(5.762177826491,8.555702305035,
    -9.581088913246));
#11275 = VECTOR('',#11276,1.);
#11276 = DIRECTION('',(0.5,0.433012701892,0.75));
#11277 = PCURVE('',#9992,#11278);
#11278 = DEFINITIONAL_REPRESENTATION('',(#11279),#11283);
#11279 = LINE('',#11280,#11281);
#11280 = CARTESIAN_POINT('',(4.1,-0.6));
#11281 = VECTOR('',#11282,1.);
#11282 = DIRECTION('',(0.,1.));
#11283 = ( GEOMETRIC_REPRESENTATION_CONTEXT(2) 
PARAMETRIC_REPRESENTATION_CONTEXT() REPRESENTATION_CONTEXT('2D SPACE',''
  ) );
#11284 = PCURVE('',#9964,#11285);
#11285 = DEFINITIONAL_REPRESENTATION('',(#11286),#11290);
#11286 = LINE('',#11287,#11288);
#11287 = CARTESIAN_POINT('',(0.,-14.));
#11288 = VECTOR('',#11289,1.);
#11289 = DIRECTION('',(1.,0.));
#11290 = ( GEOMETRIC_REPRESENTATION_CONTEXT(2) 
PARAMETRIC_REPRESENTATION_CONTEXT() REPRESENTATION_CONTEXT('2D SPACE',''
  ) );
#11291 = ORIENTED_EDGE('',*,*,#9976,.T.);
#11292 = ADVANCED_FACE('',(#11293),#9964,.F.);
#11293 = FACE_BOUND('',#11294,.F.);
#11294 = EDGE_LOOP('',(#11295,#11296,#11297,#11298));
#11295 = ORIENTED_EDGE('',*,*,#10101,.T.);
#11296 = ORIENTED_EDGE('',*,*,#11271,.T.);
#11297 = ORIENTED_EDGE('',*,*,#9948,.F.);
#11298 = ORIENTED_EDGE('',*,*,#11244,.F.);
#11299 = ADVANCED_FACE('',(#11300),#10170,.F.);
#11300 = FACE_BOUND('',#11301,.F.);
#11301 = EDGE_LOOP('',(#11302,#11303,#11304,#11325));
#11302 = ORIENTED_EDGE('',*,*,#10152,.T.);
#11303 = ORIENTED_EDGE('',*,*,#10228,.T.);
#11304 = ORIENTED_EDGE('',*,*,#11305,.T.);
#11305 = EDGE_CURVE('',#10229,#10383,#11306,.T.);
#11306 = SURFACE_CURVE('',#11307,(#11311,#11318),.PCURVE_S1.);
#11307 = LINE('',#11308,#11309);
#11308 = CARTESIAN_POINT('',(-6.362177826491,9.075317547305,
    8.681088913246));
#11309 = VECTOR('',#11310,1.);
#11310 = DIRECTION('',(0.5,-0.433012701892,0.75));
#11311 = PCURVE('',#10170,#11312);
#11312 = DEFINITIONAL_REPRESENTATION('',(#11313),#11317);
#11313 = LINE('',#11314,#11315);
#11314 = CARTESIAN_POINT('',(4.1,-0.6));
#11315 = VECTOR('',#11316,1.);
#11316 = DIRECTION('',(0.,1.));
#11317 = ( GEOMETRIC_REPRESENTATION_CONTEXT(2) 
PARAMETRIC_REPRESENTATION_CONTEXT() REPRESENTATION_CONTEXT('2D SPACE',''
  ) );
#11318 = PCURVE('',#10318,#11319);
#11319 = DEFINITIONAL_REPRESENTATION('',(#11320),#11324);
#11320 = LINE('',#11321,#11322);
#11321 = CARTESIAN_POINT('',(0.,0.));
#11322 = VECTOR('',#11323,1.);
#11323 = DIRECTION('',(1.,0.));
#11324 = ( GEOMETRIC_REPRESENTATION_CONTEXT(2) 
PARAMETRIC_REPRESENTATION_CONTEXT() REPRESENTATION_CONTEXT('2D SPACE',''
  ) );
#11325 = ORIENTED_EDGE('',*,*,#10382,.T.);
#11326 = ADVANCED_FACE('',(#11327),#10318,.F.);
#11327 = FACE_BOUND('',#11328,.F.);
#11328 = EDGE_LOOP('',(#11329,#11330,#11351,#11352));
#11329 = ORIENTED_EDGE('',*,*,#10304,.T.);
#11330 = ORIENTED_EDGE('',*,*,#11331,.T.);
#11331 = EDGE_CURVE('',#10277,#10406,#11332,.T.);
#11332 = SURFACE_CURVE('',#11333,(#11337,#11344),.PCURVE_S1.);
#11333 = LINE('',#11334,#11335);
#11334 = CARTESIAN_POINT('',(5.762177826491,12.575317547305,
    2.618911086754));
#11335 = VECTOR('',#11336,1.);
#11336 = DIRECTION('',(0.5,-0.433012701892,0.75));
#11337 = PCURVE('',#10318,#11338);
#11338 = DEFINITIONAL_REPRESENTATION('',(#11339),#11343);
#11339 = LINE('',#11340,#11341);
#11340 = CARTESIAN_POINT('',(8.881784197001E-16,-14.));
#11341 = VECTOR('',#11342,1.);
#11342 = DIRECTION('',(1.,0.));
#11343 = ( GEOMETRIC_REPRESENTATION_CONTEXT(2) 
PARAMETRIC_REPRESENTATION_CONTEXT() REPRESENTATION_CONTEXT('2D SPACE',''
  ) );
#11344 = PCURVE('',#10292,#11345);
#11345 = DEFINITIONAL_REPRESENTATION('',(#11346),#11350);
#11346 = LINE('',#11347,#11348);
#11347 = CARTESIAN_POINT('',(4.1,-0.6));
#11348 = VECTOR('',#11349,1.);
#11349 = DIRECTION('',(0.,1.));
#11350 = ( GEOMETRIC_REPRESENTATION_CONTEXT(2) 
PARAMETRIC_REPRESENTATION_CONTEXT() REPRESENTATION_CONTEXT('2D SPACE',''
  ) );
#11351 = ORIENTED_EDGE('',*,*,#10405,.F.);
#11352 = ORIENTED_EDGE('',*,*,#11305,.F.);
#11353 = ADVANCED_FACE('',(#11354),#10292,.T.);
#11354 = FACE_BOUND('',#11355,.T.);
#11355 = EDGE_LOOP('',(#11356,#11357,#11358,#11359));
#11356 = ORIENTED_EDGE('',*,*,#10357,.T.);
#11357 = ORIENTED_EDGE('',*,*,#10276,.T.);
#11358 = ORIENTED_EDGE('',*,*,#11331,.T.);
#11359 = ORIENTED_EDGE('',*,*,#10428,.T.);
#11360 = ADVANCED_FACE('',(#11361),#10473,.F.);
#11361 = FACE_BOUND('',#11362,.F.);
#11362 = EDGE_LOOP('',(#11363,#11364,#11365,#11386));
#11363 = ORIENTED_EDGE('',*,*,#10455,.T.);
#11364 = ORIENTED_EDGE('',*,*,#10636,.T.);
#11365 = ORIENTED_EDGE('',*,*,#11366,.T.);
#11366 = EDGE_CURVE('',#10637,#10532,#11367,.T.);
#11367 = SURFACE_CURVE('',#11368,(#11372,#11379),.PCURVE_S1.);
#11368 = LINE('',#11369,#11370);
#11369 = CARTESIAN_POINT('',(-6.362177826491,-12.05570230503,
    3.518911086754));
#11370 = VECTOR('',#11371,1.);
#11371 = DIRECTION('',(0.5,-0.433012701892,-0.75));
#11372 = PCURVE('',#10473,#11373);
#11373 = DEFINITIONAL_REPRESENTATION('',(#11374),#11378);
#11374 = LINE('',#11375,#11376);
#11375 = CARTESIAN_POINT('',(4.1,-0.6));
#11376 = VECTOR('',#11377,1.);
#11377 = DIRECTION('',(0.,1.));
#11378 = ( GEOMETRIC_REPRESENTATION_CONTEXT(2) 
PARAMETRIC_REPRESENTATION_CONTEXT() REPRESENTATION_CONTEXT('2D SPACE',''
  ) );
#11379 = PCURVE('',#10570,#11380);
#11380 = DEFINITIONAL_REPRESENTATION('',(#11381),#11385);
#11381 = LINE('',#11382,#11383);
#11382 = CARTESIAN_POINT('',(0.,-0.));
#11383 = VECTOR('',#11384,1.);
#11384 = DIRECTION('',(1.,0.));
#11385 = ( GEOMETRIC_REPRESENTATION_CONTEXT(2) 
PARAMETRIC_REPRESENTATION_CONTEXT() REPRESENTATION_CONTEXT('2D SPACE',''
  ) );
#11386 = ORIENTED_EDGE('',*,*,#10531,.T.);
#11387 = ADVANCED_FACE('',(#11388),#10598,.T.);
#11388 = FACE_BOUND('',#11389,.T.);
#11389 = EDGE_LOOP('',(#11390,#11391,#11392,#11413));
#11390 = ORIENTED_EDGE('',*,*,#10733,.T.);
#11391 = ORIENTED_EDGE('',*,*,#10684,.T.);
#11392 = ORIENTED_EDGE('',*,*,#11393,.T.);
#11393 = EDGE_CURVE('',#10685,#10555,#11394,.T.);
#11394 = SURFACE_CURVE('',#11395,(#11399,#11406),.PCURVE_S1.);
#11395 = LINE('',#11396,#11397);
#11396 = CARTESIAN_POINT('',(5.762177826491,-8.555702305035,
    9.581088913246));
#11397 = VECTOR('',#11398,1.);
#11398 = DIRECTION('',(0.5,-0.433012701892,-0.75));
#11399 = PCURVE('',#10598,#11400);
#11400 = DEFINITIONAL_REPRESENTATION('',(#11401),#11405);
#11401 = LINE('',#11402,#11403);
#11402 = CARTESIAN_POINT('',(4.1,-0.6));
#11403 = VECTOR('',#11404,1.);
#11404 = DIRECTION('',(0.,1.));
#11405 = ( GEOMETRIC_REPRESENTATION_CONTEXT(2) 
PARAMETRIC_REPRESENTATION_CONTEXT() REPRESENTATION_CONTEXT('2D SPACE',''
  ) );
#11406 = PCURVE('',#10570,#11407);
#11407 = DEFINITIONAL_REPRESENTATION('',(#11408),#11412);
#11408 = LINE('',#11409,#11410);
#11409 = CARTESIAN_POINT('',(-8.881784197001E-16,-14.));
#11410 = VECTOR('',#11411,1.);
#11411 = DIRECTION('',(1.,0.));
#11412 = ( GEOMETRIC_REPRESENTATION_CONTEXT(2) 
PARAMETRIC_REPRESENTATION_CONTEXT() REPRESENTATION_CONTEXT('2D SPACE',''
  ) );
#11413 = ORIENTED_EDGE('',*,*,#10582,.T.);
#11414 = ADVANCED_FACE('',(#11415),#10570,.F.);
#11415 = FACE_BOUND('',#11416,.F.);
#11416 = EDGE_LOOP('',(#11417,#11418,#11419,#11420));
#11417 = ORIENTED_EDGE('',*,*,#10707,.T.);
#11418 = ORIENTED_EDGE('',*,*,#11393,.T.);
#11419 = ORIENTED_EDGE('',*,*,#10554,.F.);
#11420 = ORIENTED_EDGE('',*,*,#11366,.F.);
#11421 = ADVANCED_FACE('',(#11422),#10776,.F.);
#11422 = FACE_BOUND('',#11423,.F.);
#11423 = EDGE_LOOP('',(#11424,#11425,#11426,#11447));
#11424 = ORIENTED_EDGE('',*,*,#10758,.T.);
#11425 = ORIENTED_EDGE('',*,*,#10939,.T.);
#11426 = ORIENTED_EDGE('',*,*,#11427,.T.);
#11427 = EDGE_CURVE('',#10940,#10835,#11428,.T.);
#11428 = SURFACE_CURVE('',#11429,(#11433,#11440),.PCURVE_S1.);
#11429 = LINE('',#11430,#11431);
#11430 = CARTESIAN_POINT('',(-6.362177826491,-9.075317547305,
    -8.681088913246));
#11431 = VECTOR('',#11432,1.);
#11432 = DIRECTION('',(0.5,0.433012701892,-0.75));
#11433 = PCURVE('',#10776,#11434);
#11434 = DEFINITIONAL_REPRESENTATION('',(#11435),#11439);
#11435 = LINE('',#11436,#11437);
#11436 = CARTESIAN_POINT('',(4.1,-0.6));
#11437 = VECTOR('',#11438,1.);
#11438 = DIRECTION('',(0.,1.));
#11439 = ( GEOMETRIC_REPRESENTATION_CONTEXT(2) 
PARAMETRIC_REPRESENTATION_CONTEXT() REPRESENTATION_CONTEXT('2D SPACE',''
  ) );
#11440 = PCURVE('',#10873,#11441);
#11441 = DEFINITIONAL_REPRESENTATION('',(#11442),#11446);
#11442 = LINE('',#11443,#11444);
#11443 = CARTESIAN_POINT('',(0.,0.));
#11444 = VECTOR('',#11445,1.);
#11445 = DIRECTION('',(1.,-5.551115123126E-17));
#11446 = ( GEOMETRIC_REPRESENTATION_CONTEXT(2) 
PARAMETRIC_REPRESENTATION_CONTEXT() REPRESENTATION_CONTEXT('2D SPACE',''
  ) );
#11447 = ORIENTED_EDGE('',*,*,#10834,.T.);
#11448 = ADVANCED_FACE('',(#11449),#10901,.T.);
#11449 = FACE_BOUND('',#11450,.T.);
#11450 = EDGE_LOOP('',(#11451,#11452,#11453,#11474));
#11451 = ORIENTED_EDGE('',*,*,#11036,.T.);
#11452 = ORIENTED_EDGE('',*,*,#10987,.T.);
#11453 = ORIENTED_EDGE('',*,*,#11454,.T.);
#11454 = EDGE_CURVE('',#10988,#10858,#11455,.T.);
#11455 = SURFACE_CURVE('',#11456,(#11460,#11467),.PCURVE_S1.);
#11456 = LINE('',#11457,#11458);
#11457 = CARTESIAN_POINT('',(5.762177826491,-12.5753175473,
    -2.618911086754));
#11458 = VECTOR('',#11459,1.);
#11459 = DIRECTION('',(0.5,0.433012701892,-0.75));
#11460 = PCURVE('',#10901,#11461);
#11461 = DEFINITIONAL_REPRESENTATION('',(#11462),#11466);
#11462 = LINE('',#11463,#11464);
#11463 = CARTESIAN_POINT('',(4.1,-0.6));
#11464 = VECTOR('',#11465,1.);
#11465 = DIRECTION('',(0.,1.));
#11466 = ( GEOMETRIC_REPRESENTATION_CONTEXT(2) 
PARAMETRIC_REPRESENTATION_CONTEXT() REPRESENTATION_CONTEXT('2D SPACE',''
  ) );
#11467 = PCURVE('',#10873,#11468);
#11468 = DEFINITIONAL_REPRESENTATION('',(#11469),#11473);
#11469 = LINE('',#11470,#11471);
#11470 = CARTESIAN_POINT('',(8.881784197001E-16,-14.));
#11471 = VECTOR('',#11472,1.);
#11472 = DIRECTION('',(1.,-5.551115123126E-17));
#11473 = ( GEOMETRIC_REPRESENTATION_CONTEXT(2) 
PARAMETRIC_REPRESENTATION_CONTEXT() REPRESENTATION_CONTEXT('2D SPACE',''
  ) );
#11474 = ORIENTED_EDGE('',*,*,#10885,.T.);
#11475 = ADVANCED_FACE('',(#11476),#10873,.F.);
#11476 = FACE_BOUND('',#11477,.F.);
#11477 = EDGE_LOOP('',(#11478,#11479,#11480,#11481));
#11478 = ORIENTED_EDGE('',*,*,#11010,.T.);
#11479 = ORIENTED_EDGE('',*,*,#11454,.T.);
#11480 = ORIENTED_EDGE('',*,*,#10857,.F.);
#11481 = ORIENTED_EDGE('',*,*,#11427,.F.);
#11482 = ADVANCED_FACE('',(#11483,#11937),#11101,.F.);
#11483 = FACE_BOUND('',#11484,.F.);
#11484 = EDGE_LOOP('',(#11485,#11515,#11543,#11571,#11600,#11628,#11656,
    #11684,#11713,#11741,#11769,#11797,#11826,#11854,#11882,#11910));
#11485 = ORIENTED_EDGE('',*,*,#11486,.T.);
#11486 = EDGE_CURVE('',#11487,#11489,#11491,.T.);
#11487 = VERTEX_POINT('',#11488);
#11488 = CARTESIAN_POINT('',(29.,-2.607145013613,3.667805185393));
#11489 = VERTEX_POINT('',#11490);
#11490 = CARTESIAN_POINT('',(29.,-8.308504678942,9.369164850722));
#11491 = SURFACE_CURVE('',#11492,(#11496,#11503),.PCURVE_S1.);
#11492 = LINE('',#11493,#11494);
#11493 = CARTESIAN_POINT('',(29.,0.53033008589,0.53033008589));
#11494 = VECTOR('',#11495,1.);
#11495 = DIRECTION('',(0.,-0.707106781187,0.707106781187));
#11496 = PCURVE('',#11101,#11497);
#11497 = DEFINITIONAL_REPRESENTATION('',(#11498),#11502);
#11498 = LINE('',#11499,#11500);
#11499 = CARTESIAN_POINT('',(0.53033008589,-0.53033008589));
#11500 = VECTOR('',#11501,1.);
#11501 = DIRECTION('',(0.707106781187,0.707106781187));
#11502 = ( GEOMETRIC_REPRESENTATION_CONTEXT(2) 
PARAMETRIC_REPRESENTATION_CONTEXT() REPRESENTATION_CONTEXT('2D SPACE',''
  ) );
#11503 = PCURVE('',#11504,#11509);
#11504 = PLANE('',#11505);
#11505 = AXIS2_PLACEMENT_3D('',#11506,#11507,#11508);
#11506 = CARTESIAN_POINT('',(29.,0.53033008589,0.53033008589));
#11507 = DIRECTION('',(0.,-0.707106781187,-0.707106781187));
#11508 = DIRECTION('',(0.,-0.707106781187,0.707106781187));
#11509 = DEFINITIONAL_REPRESENTATION('',(#11510),#11514);
#11510 = LINE('',#11511,#11512);
#11511 = CARTESIAN_POINT('',(0.,0.));
#11512 = VECTOR('',#11513,1.);
#11513 = DIRECTION('',(1.,0.));
#11514 = ( GEOMETRIC_REPRESENTATION_CONTEXT(2) 
PARAMETRIC_REPRESENTATION_CONTEXT() REPRESENTATION_CONTEXT('2D SPACE',''
  ) );
#11515 = ORIENTED_EDGE('',*,*,#11516,.T.);
#11516 = EDGE_CURVE('',#11489,#11517,#11519,.T.);
#11517 = VERTEX_POINT('',#11518);
#11518 = CARTESIAN_POINT('',(29.,-9.369164850722,8.308504678942));
#11519 = SURFACE_CURVE('',#11520,(#11524,#11531),.PCURVE_S1.);
#11520 = LINE('',#11521,#11522);
#11521 = CARTESIAN_POINT('',(29.,-8.308504678942,9.369164850722));
#11522 = VECTOR('',#11523,1.);
#11523 = DIRECTION('',(0.,-0.707106781187,-0.707106781187));
#11524 = PCURVE('',#11101,#11525);
#11525 = DEFINITIONAL_REPRESENTATION('',(#11526),#11530);
#11526 = LINE('',#11527,#11528);
#11527 = CARTESIAN_POINT('',(9.369164850722,8.308504678942));
#11528 = VECTOR('',#11529,1.);
#11529 = DIRECTION('',(-0.707106781187,0.707106781187));
#11530 = ( GEOMETRIC_REPRESENTATION_CONTEXT(2) 
PARAMETRIC_REPRESENTATION_CONTEXT() REPRESENTATION_CONTEXT('2D SPACE',''
  ) );
#11531 = PCURVE('',#11532,#11537);
#11532 = PLANE('',#11533);
#11533 = AXIS2_PLACEMENT_3D('',#11534,#11535,#11536);
#11534 = CARTESIAN_POINT('',(29.,-8.308504678942,9.369164850722));
#11535 = DIRECTION('',(0.,0.707106781187,-0.707106781187));
#11536 = DIRECTION('',(0.,-0.707106781187,-0.707106781187));
#11537 = DEFINITIONAL_REPRESENTATION('',(#11538),#11542);
#11538 = LINE('',#11539,#11540);
#11539 = CARTESIAN_POINT('',(0.,0.));
#11540 = VECTOR('',#11541,1.);
#11541 = DIRECTION('',(1.,0.));
#11542 = ( GEOMETRIC_REPRESENTATION_CONTEXT(2) 
PARAMETRIC_REPRESENTATION_CONTEXT() REPRESENTATION_CONTEXT('2D SPACE',''
  ) );
#11543 = ORIENTED_EDGE('',*,*,#11544,.T.);
#11544 = EDGE_CURVE('',#11517,#11545,#11547,.T.);
#11545 = VERTEX_POINT('',#11546);
#11546 = CARTESIAN_POINT('',(29.,-3.667805185393,2.607145013613));
#11547 = SURFACE_CURVE('',#11548,(#11552,#11559),.PCURVE_S1.);
#11548 = LINE('',#11549,#11550);
#11549 = CARTESIAN_POINT('',(29.,-9.369164850722,8.308504678942));
#11550 = VECTOR('',#11551,1.);
#11551 = DIRECTION('',(0.,0.707106781187,-0.707106781187));
#11552 = PCURVE('',#11101,#11553);
#11553 = DEFINITIONAL_REPRESENTATION('',(#11554),#11558);
#11554 = LINE('',#11555,#11556);
#11555 = CARTESIAN_POINT('',(8.308504678942,9.369164850722));
#11556 = VECTOR('',#11557,1.);
#11557 = DIRECTION('',(-0.707106781187,-0.707106781187));
#11558 = ( GEOMETRIC_REPRESENTATION_CONTEXT(2) 
PARAMETRIC_REPRESENTATION_CONTEXT() REPRESENTATION_CONTEXT('2D SPACE',''
  ) );
#11559 = PCURVE('',#11560,#11565);
#11560 = PLANE('',#11561);
#11561 = AXIS2_PLACEMENT_3D('',#11562,#11563,#11564);
#11562 = CARTESIAN_POINT('',(29.,-9.369164850722,8.308504678942));
#11563 = DIRECTION('',(0.,0.707106781187,0.707106781187));
#11564 = DIRECTION('',(0.,0.707106781187,-0.707106781187));
#11565 = DEFINITIONAL_REPRESENTATION('',(#11566),#11570);
#11566 = LINE('',#11567,#11568);
#11567 = CARTESIAN_POINT('',(0.,0.));
#11568 = VECTOR('',#11569,1.);
#11569 = DIRECTION('',(1.,0.));
#11570 = ( GEOMETRIC_REPRESENTATION_CONTEXT(2) 
PARAMETRIC_REPRESENTATION_CONTEXT() REPRESENTATION_CONTEXT('2D SPACE',''
  ) );
#11571 = ORIENTED_EDGE('',*,*,#11572,.T.);
#11572 = EDGE_CURVE('',#11545,#11573,#11575,.T.);
#11573 = VERTEX_POINT('',#11574);
#11574 = CARTESIAN_POINT('',(29.,-3.667805185393,-2.607145013613));
#11575 = SURFACE_CURVE('',#11576,(#11581,#11588),.PCURVE_S1.);
#11576 = CIRCLE('',#11577,4.5);
#11577 = AXIS2_PLACEMENT_3D('',#11578,#11579,#11580);
#11578 = CARTESIAN_POINT('',(29.,0.,0.));
#11579 = DIRECTION('',(1.,0.,0.));
#11580 = DIRECTION('',(0.,-0.815067818976,0.579365558581));
#11581 = PCURVE('',#11101,#11582);
#11582 = DEFINITIONAL_REPRESENTATION('',(#11583),#11587);
#11583 = CIRCLE('',#11584,4.5);
#11584 = AXIS2_PLACEMENT_2D('',#11585,#11586);
#11585 = CARTESIAN_POINT('',(-1.201785651367E-16,-1.519377925044E-16));
#11586 = DIRECTION('',(0.579365558581,0.815067818976));
#11587 = ( GEOMETRIC_REPRESENTATION_CONTEXT(2) 
PARAMETRIC_REPRESENTATION_CONTEXT() REPRESENTATION_CONTEXT('2D SPACE',''
  ) );
#11588 = PCURVE('',#11589,#11594);
#11589 = CYLINDRICAL_SURFACE('',#11590,4.5);
#11590 = AXIS2_PLACEMENT_3D('',#11591,#11592,#11593);
#11591 = CARTESIAN_POINT('',(29.,0.,0.));
#11592 = DIRECTION('',(-1.,-0.,-0.));
#11593 = DIRECTION('',(0.,1.,0.));
#11594 = DEFINITIONAL_REPRESENTATION('',(#11595),#11599);
#11595 = LINE('',#11596,#11597);
#11596 = CARTESIAN_POINT('',(-2.523642569412,0.));
#11597 = VECTOR('',#11598,1.);
#11598 = DIRECTION('',(-1.,0.));
#11599 = ( GEOMETRIC_REPRESENTATION_CONTEXT(2) 
PARAMETRIC_REPRESENTATION_CONTEXT() REPRESENTATION_CONTEXT('2D SPACE',''
  ) );
#11600 = ORIENTED_EDGE('',*,*,#11601,.T.);
#11601 = EDGE_CURVE('',#11573,#11602,#11604,.T.);
#11602 = VERTEX_POINT('',#11603);
#11603 = CARTESIAN_POINT('',(29.,-9.369164850722,-8.308504678942));
#11604 = SURFACE_CURVE('',#11605,(#11609,#11616),.PCURVE_S1.);
#11605 = LINE('',#11606,#11607);
#11606 = CARTESIAN_POINT('',(29.,-0.53033008589,0.53033008589));
#11607 = VECTOR('',#11608,1.);
#11608 = DIRECTION('',(0.,-0.707106781187,-0.707106781187));
#11609 = PCURVE('',#11101,#11610);
#11610 = DEFINITIONAL_REPRESENTATION('',(#11611),#11615);
#11611 = LINE('',#11612,#11613);
#11612 = CARTESIAN_POINT('',(0.53033008589,0.53033008589));
#11613 = VECTOR('',#11614,1.);
#11614 = DIRECTION('',(-0.707106781187,0.707106781187));
#11615 = ( GEOMETRIC_REPRESENTATION_CONTEXT(2) 
PARAMETRIC_REPRESENTATION_CONTEXT() REPRESENTATION_CONTEXT('2D SPACE',''
  ) );
#11616 = PCURVE('',#11617,#11622);
#11617 = PLANE('',#11618);
#11618 = AXIS2_PLACEMENT_3D('',#11619,#11620,#11621);
#11619 = CARTESIAN_POINT('',(29.,-0.53033008589,0.53033008589));
#11620 = DIRECTION('',(0.,0.707106781187,-0.707106781187));
#11621 = DIRECTION('',(0.,-0.707106781187,-0.707106781187));
#11622 = DEFINITIONAL_REPRESENTATION('',(#11623),#11627);
#11623 = LINE('',#11624,#11625);
#11624 = CARTESIAN_POINT('',(0.,0.));
#11625 = VECTOR('',#11626,1.);
#11626 = DIRECTION('',(1.,0.));
#11627 = ( GEOMETRIC_REPRESENTATION_CONTEXT(2) 
PARAMETRIC_REPRESENTATION_CONTEXT() REPRESENTATION_CONTEXT('2D SPACE',''
  ) );
#11628 = ORIENTED_EDGE('',*,*,#11629,.T.);
#11629 = EDGE_CURVE('',#11602,#11630,#11632,.T.);
#11630 = VERTEX_POINT('',#11631);
#11631 = CARTESIAN_POINT('',(29.,-8.308504678942,-9.369164850722));
#11632 = SURFACE_CURVE('',#11633,(#11637,#11644),.PCURVE_S1.);
#11633 = LINE('',#11634,#11635);
#11634 = CARTESIAN_POINT('',(29.,-9.369164850722,-8.308504678942));
#11635 = VECTOR('',#11636,1.);
#11636 = DIRECTION('',(0.,0.707106781187,-0.707106781187));
#11637 = PCURVE('',#11101,#11638);
#11638 = DEFINITIONAL_REPRESENTATION('',(#11639),#11643);
#11639 = LINE('',#11640,#11641);
#11640 = CARTESIAN_POINT('',(-8.308504678942,9.369164850722));
#11641 = VECTOR('',#11642,1.);
#11642 = DIRECTION('',(-0.707106781187,-0.707106781187));
#11643 = ( GEOMETRIC_REPRESENTATION_CONTEXT(2) 
PARAMETRIC_REPRESENTATION_CONTEXT() REPRESENTATION_CONTEXT('2D SPACE',''
  ) );
#11644 = PCURVE('',#11645,#11650);
#11645 = PLANE('',#11646);
#11646 = AXIS2_PLACEMENT_3D('',#11647,#11648,#11649);
#11647 = CARTESIAN_POINT('',(29.,-9.369164850722,-8.308504678942));
#11648 = DIRECTION('',(0.,0.707106781187,0.707106781187));
#11649 = DIRECTION('',(0.,0.707106781187,-0.707106781187));
#11650 = DEFINITIONAL_REPRESENTATION('',(#11651),#11655);
#11651 = LINE('',#11652,#11653);
#11652 = CARTESIAN_POINT('',(0.,0.));
#11653 = VECTOR('',#11654,1.);
#11654 = DIRECTION('',(1.,0.));
#11655 = ( GEOMETRIC_REPRESENTATION_CONTEXT(2) 
PARAMETRIC_REPRESENTATION_CONTEXT() REPRESENTATION_CONTEXT('2D SPACE',''
  ) );
#11656 = ORIENTED_EDGE('',*,*,#11657,.T.);
#11657 = EDGE_CURVE('',#11630,#11658,#11660,.T.);
#11658 = VERTEX_POINT('',#11659);
#11659 = CARTESIAN_POINT('',(29.,-2.607145013613,-3.667805185393));
#11660 = SURFACE_CURVE('',#11661,(#11665,#11672),.PCURVE_S1.);
#11661 = LINE('',#11662,#11663);
#11662 = CARTESIAN_POINT('',(29.,-8.308504678942,-9.369164850722));
#11663 = VECTOR('',#11664,1.);
#11664 = DIRECTION('',(0.,0.707106781187,0.707106781187));
#11665 = PCURVE('',#11101,#11666);
#11666 = DEFINITIONAL_REPRESENTATION('',(#11667),#11671);
#11667 = LINE('',#11668,#11669);
#11668 = CARTESIAN_POINT('',(-9.369164850722,8.308504678942));
#11669 = VECTOR('',#11670,1.);
#11670 = DIRECTION('',(0.707106781187,-0.707106781187));
#11671 = ( GEOMETRIC_REPRESENTATION_CONTEXT(2) 
PARAMETRIC_REPRESENTATION_CONTEXT() REPRESENTATION_CONTEXT('2D SPACE',''
  ) );
#11672 = PCURVE('',#11673,#11678);
#11673 = PLANE('',#11674);
#11674 = AXIS2_PLACEMENT_3D('',#11675,#11676,#11677);
#11675 = CARTESIAN_POINT('',(29.,-8.308504678942,-9.369164850722));
#11676 = DIRECTION('',(0.,-0.707106781187,0.707106781187));
#11677 = DIRECTION('',(0.,0.707106781187,0.707106781187));
#11678 = DEFINITIONAL_REPRESENTATION('',(#11679),#11683);
#11679 = LINE('',#11680,#11681);
#11680 = CARTESIAN_POINT('',(0.,0.));
#11681 = VECTOR('',#11682,1.);
#11682 = DIRECTION('',(1.,0.));
#11683 = ( GEOMETRIC_REPRESENTATION_CONTEXT(2) 
PARAMETRIC_REPRESENTATION_CONTEXT() REPRESENTATION_CONTEXT('2D SPACE',''
  ) );
#11684 = ORIENTED_EDGE('',*,*,#11685,.T.);
#11685 = EDGE_CURVE('',#11658,#11686,#11688,.T.);
#11686 = VERTEX_POINT('',#11687);
#11687 = CARTESIAN_POINT('',(29.,2.607145013613,-3.667805185393));
#11688 = SURFACE_CURVE('',#11689,(#11694,#11701),.PCURVE_S1.);
#11689 = CIRCLE('',#11690,4.5);
#11690 = AXIS2_PLACEMENT_3D('',#11691,#11692,#11693);
#11691 = CARTESIAN_POINT('',(29.,0.,0.));
#11692 = DIRECTION('',(1.,0.,0.));
#11693 = DIRECTION('',(0.,-0.815067818976,0.579365558581));
#11694 = PCURVE('',#11101,#11695);
#11695 = DEFINITIONAL_REPRESENTATION('',(#11696),#11700);
#11696 = CIRCLE('',#11697,4.5);
#11697 = AXIS2_PLACEMENT_2D('',#11698,#11699);
#11698 = CARTESIAN_POINT('',(-1.201785651367E-16,-1.519377925044E-16));
#11699 = DIRECTION('',(0.579365558581,0.815067818976));
#11700 = ( GEOMETRIC_REPRESENTATION_CONTEXT(2) 
PARAMETRIC_REPRESENTATION_CONTEXT() REPRESENTATION_CONTEXT('2D SPACE',''
  ) );
#11701 = PCURVE('',#11702,#11707);
#11702 = CYLINDRICAL_SURFACE('',#11703,4.5);
#11703 = AXIS2_PLACEMENT_3D('',#11704,#11705,#11706);
#11704 = CARTESIAN_POINT('',(29.,0.,0.));
#11705 = DIRECTION('',(-1.,-0.,-0.));
#11706 = DIRECTION('',(0.,1.,0.));
#11707 = DEFINITIONAL_REPRESENTATION('',(#11708),#11712);
#11708 = LINE('',#11709,#11710);
#11709 = CARTESIAN_POINT('',(-2.523642569412,0.));
#11710 = VECTOR('',#11711,1.);
#11711 = DIRECTION('',(-1.,0.));
#11712 = ( GEOMETRIC_REPRESENTATION_CONTEXT(2) 
PARAMETRIC_REPRESENTATION_CONTEXT() REPRESENTATION_CONTEXT('2D SPACE',''
  ) );
#11713 = ORIENTED_EDGE('',*,*,#11714,.T.);
#11714 = EDGE_CURVE('',#11686,#11715,#11717,.T.);
#11715 = VERTEX_POINT('',#11716);
#11716 = CARTESIAN_POINT('',(29.,8.308504678942,-9.369164850722));
#11717 = SURFACE_CURVE('',#11718,(#11722,#11729),.PCURVE_S1.);
#11718 = LINE('',#11719,#11720);
#11719 = CARTESIAN_POINT('',(29.,-0.53033008589,-0.53033008589));
#11720 = VECTOR('',#11721,1.);
#11721 = DIRECTION('',(0.,0.707106781187,-0.707106781187));
#11722 = PCURVE('',#11101,#11723);
#11723 = DEFINITIONAL_REPRESENTATION('',(#11724),#11728);
#11724 = LINE('',#11725,#11726);
#11725 = CARTESIAN_POINT('',(-0.53033008589,0.53033008589));
#11726 = VECTOR('',#11727,1.);
#11727 = DIRECTION('',(-0.707106781187,-0.707106781187));
#11728 = ( GEOMETRIC_REPRESENTATION_CONTEXT(2) 
PARAMETRIC_REPRESENTATION_CONTEXT() REPRESENTATION_CONTEXT('2D SPACE',''
  ) );
#11729 = PCURVE('',#11730,#11735);
#11730 = PLANE('',#11731);
#11731 = AXIS2_PLACEMENT_3D('',#11732,#11733,#11734);
#11732 = CARTESIAN_POINT('',(29.,-0.53033008589,-0.53033008589));
#11733 = DIRECTION('',(0.,0.707106781187,0.707106781187));
#11734 = DIRECTION('',(0.,0.707106781187,-0.707106781187));
#11735 = DEFINITIONAL_REPRESENTATION('',(#11736),#11740);
#11736 = LINE('',#11737,#11738);
#11737 = CARTESIAN_POINT('',(0.,0.));
#11738 = VECTOR('',#11739,1.);
#11739 = DIRECTION('',(1.,0.));
#11740 = ( GEOMETRIC_REPRESENTATION_CONTEXT(2) 
PARAMETRIC_REPRESENTATION_CONTEXT() REPRESENTATION_CONTEXT('2D SPACE',''
  ) );
#11741 = ORIENTED_EDGE('',*,*,#11742,.T.);
#11742 = EDGE_CURVE('',#11715,#11743,#11745,.T.);
#11743 = VERTEX_POINT('',#11744);
#11744 = CARTESIAN_POINT('',(29.,9.369164850722,-8.308504678942));
#11745 = SURFACE_CURVE('',#11746,(#11750,#11757),.PCURVE_S1.);
#11746 = LINE('',#11747,#11748);
#11747 = CARTESIAN_POINT('',(29.,8.308504678942,-9.369164850722));
#11748 = VECTOR('',#11749,1.);
#11749 = DIRECTION('',(0.,0.707106781187,0.707106781187));
#11750 = PCURVE('',#11101,#11751);
#11751 = DEFINITIONAL_REPRESENTATION('',(#11752),#11756);
#11752 = LINE('',#11753,#11754);
#11753 = CARTESIAN_POINT('',(-9.369164850722,-8.308504678942));
#11754 = VECTOR('',#11755,1.);
#11755 = DIRECTION('',(0.707106781187,-0.707106781187));
#11756 = ( GEOMETRIC_REPRESENTATION_CONTEXT(2) 
PARAMETRIC_REPRESENTATION_CONTEXT() REPRESENTATION_CONTEXT('2D SPACE',''
  ) );
#11757 = PCURVE('',#11758,#11763);
#11758 = PLANE('',#11759);
#11759 = AXIS2_PLACEMENT_3D('',#11760,#11761,#11762);
#11760 = CARTESIAN_POINT('',(29.,8.308504678942,-9.369164850722));
#11761 = DIRECTION('',(0.,-0.707106781187,0.707106781187));
#11762 = DIRECTION('',(0.,0.707106781187,0.707106781187));
#11763 = DEFINITIONAL_REPRESENTATION('',(#11764),#11768);
#11764 = LINE('',#11765,#11766);
#11765 = CARTESIAN_POINT('',(0.,0.));
#11766 = VECTOR('',#11767,1.);
#11767 = DIRECTION('',(1.,0.));
#11768 = ( GEOMETRIC_REPRESENTATION_CONTEXT(2) 
PARAMETRIC_REPRESENTATION_CONTEXT() REPRESENTATION_CONTEXT('2D SPACE',''
  ) );
#11769 = ORIENTED_EDGE('',*,*,#11770,.T.);
#11770 = EDGE_CURVE('',#11743,#11771,#11773,.T.);
#11771 = VERTEX_POINT('',#11772);
#11772 = CARTESIAN_POINT('',(29.,3.667805185393,-2.607145013613));
#11773 = SURFACE_CURVE('',#11774,(#11778,#11785),.PCURVE_S1.);
#11774 = LINE('',#11775,#11776);
#11775 = CARTESIAN_POINT('',(29.,9.369164850722,-8.308504678942));
#11776 = VECTOR('',#11777,1.);
#11777 = DIRECTION('',(0.,-0.707106781187,0.707106781187));
#11778 = PCURVE('',#11101,#11779);
#11779 = DEFINITIONAL_REPRESENTATION('',(#11780),#11784);
#11780 = LINE('',#11781,#11782);
#11781 = CARTESIAN_POINT('',(-8.308504678942,-9.369164850722));
#11782 = VECTOR('',#11783,1.);
#11783 = DIRECTION('',(0.707106781187,0.707106781187));
#11784 = ( GEOMETRIC_REPRESENTATION_CONTEXT(2) 
PARAMETRIC_REPRESENTATION_CONTEXT() REPRESENTATION_CONTEXT('2D SPACE',''
  ) );
#11785 = PCURVE('',#11786,#11791);
#11786 = PLANE('',#11787);
#11787 = AXIS2_PLACEMENT_3D('',#11788,#11789,#11790);
#11788 = CARTESIAN_POINT('',(29.,9.369164850722,-8.308504678942));
#11789 = DIRECTION('',(0.,-0.707106781187,-0.707106781187));
#11790 = DIRECTION('',(0.,-0.707106781187,0.707106781187));
#11791 = DEFINITIONAL_REPRESENTATION('',(#11792),#11796);
#11792 = LINE('',#11793,#11794);
#11793 = CARTESIAN_POINT('',(0.,0.));
#11794 = VECTOR('',#11795,1.);
#11795 = DIRECTION('',(1.,0.));
#11796 = ( GEOMETRIC_REPRESENTATION_CONTEXT(2) 
PARAMETRIC_REPRESENTATION_CONTEXT() REPRESENTATION_CONTEXT('2D SPACE',''
  ) );
#11797 = ORIENTED_EDGE('',*,*,#11798,.T.);
#11798 = EDGE_CURVE('',#11771,#11799,#11801,.T.);
#11799 = VERTEX_POINT('',#11800);
#11800 = CARTESIAN_POINT('',(29.,3.667805185393,2.607145013613));
#11801 = SURFACE_CURVE('',#11802,(#11807,#11814),.PCURVE_S1.);
#11802 = CIRCLE('',#11803,4.5);
#11803 = AXIS2_PLACEMENT_3D('',#11804,#11805,#11806);
#11804 = CARTESIAN_POINT('',(29.,0.,0.));
#11805 = DIRECTION('',(1.,0.,0.));
#11806 = DIRECTION('',(0.,-0.815067818976,0.579365558581));
#11807 = PCURVE('',#11101,#11808);
#11808 = DEFINITIONAL_REPRESENTATION('',(#11809),#11813);
#11809 = CIRCLE('',#11810,4.5);
#11810 = AXIS2_PLACEMENT_2D('',#11811,#11812);
#11811 = CARTESIAN_POINT('',(-1.201785651367E-16,-1.519377925044E-16));
#11812 = DIRECTION('',(0.579365558581,0.815067818976));
#11813 = ( GEOMETRIC_REPRESENTATION_CONTEXT(2) 
PARAMETRIC_REPRESENTATION_CONTEXT() REPRESENTATION_CONTEXT('2D SPACE',''
  ) );
#11814 = PCURVE('',#11815,#11820);
#11815 = CYLINDRICAL_SURFACE('',#11816,4.5);
#11816 = AXIS2_PLACEMENT_3D('',#11817,#11818,#11819);
#11817 = CARTESIAN_POINT('',(29.,0.,0.));
#11818 = DIRECTION('',(-1.,-0.,-0.));
#11819 = DIRECTION('',(0.,1.,0.));
#11820 = DEFINITIONAL_REPRESENTATION('',(#11821),#11825);
#11821 = LINE('',#11822,#11823);
#11822 = CARTESIAN_POINT('',(-2.523642569412,0.));
#11823 = VECTOR('',#11824,1.);
#11824 = DIRECTION('',(-1.,0.));
#11825 = ( GEOMETRIC_REPRESENTATION_CONTEXT(2) 
PARAMETRIC_REPRESENTATION_CONTEXT() REPRESENTATION_CONTEXT('2D SPACE',''
  ) );
#11826 = ORIENTED_EDGE('',*,*,#11827,.T.);
#11827 = EDGE_CURVE('',#11799,#11828,#11830,.T.);
#11828 = VERTEX_POINT('',#11829);
#11829 = CARTESIAN_POINT('',(29.,9.369164850722,8.308504678942));
#11830 = SURFACE_CURVE('',#11831,(#11835,#11842),.PCURVE_S1.);
#11831 = LINE('',#11832,#11833);
#11832 = CARTESIAN_POINT('',(29.,0.53033008589,-0.53033008589));
#11833 = VECTOR('',#11834,1.);
#11834 = DIRECTION('',(0.,0.707106781187,0.707106781187));
#11835 = PCURVE('',#11101,#11836);
#11836 = DEFINITIONAL_REPRESENTATION('',(#11837),#11841);
#11837 = LINE('',#11838,#11839);
#11838 = CARTESIAN_POINT('',(-0.53033008589,-0.53033008589));
#11839 = VECTOR('',#11840,1.);
#11840 = DIRECTION('',(0.707106781187,-0.707106781187));
#11841 = ( GEOMETRIC_REPRESENTATION_CONTEXT(2) 
PARAMETRIC_REPRESENTATION_CONTEXT() REPRESENTATION_CONTEXT('2D SPACE',''
  ) );
#11842 = PCURVE('',#11843,#11848);
#11843 = PLANE('',#11844);
#11844 = AXIS2_PLACEMENT_3D('',#11845,#11846,#11847);
#11845 = CARTESIAN_POINT('',(29.,0.53033008589,-0.53033008589));
#11846 = DIRECTION('',(0.,-0.707106781187,0.707106781187));
#11847 = DIRECTION('',(0.,0.707106781187,0.707106781187));
#11848 = DEFINITIONAL_REPRESENTATION('',(#11849),#11853);
#11849 = LINE('',#11850,#11851);
#11850 = CARTESIAN_POINT('',(0.,0.));
#11851 = VECTOR('',#11852,1.);
#11852 = DIRECTION('',(1.,0.));
#11853 = ( GEOMETRIC_REPRESENTATION_CONTEXT(2) 
PARAMETRIC_REPRESENTATION_CONTEXT() REPRESENTATION_CONTEXT('2D SPACE',''
  ) );
#11854 = ORIENTED_EDGE('',*,*,#11855,.T.);
#11855 = EDGE_CURVE('',#11828,#11856,#11858,.T.);
#11856 = VERTEX_POINT('',#11857);
#11857 = CARTESIAN_POINT('',(29.,8.308504678942,9.369164850722));
#11858 = SURFACE_CURVE('',#11859,(#11863,#11870),.PCURVE_S1.);
#11859 = LINE('',#11860,#11861);
#11860 = CARTESIAN_POINT('',(29.,9.369164850722,8.308504678942));
#11861 = VECTOR('',#11862,1.);
#11862 = DIRECTION('',(0.,-0.707106781187,0.707106781187));
#11863 = PCURVE('',#11101,#11864);
#11864 = DEFINITIONAL_REPRESENTATION('',(#11865),#11869);
#11865 = LINE('',#11866,#11867);
#11866 = CARTESIAN_POINT('',(8.308504678942,-9.369164850722));
#11867 = VECTOR('',#11868,1.);
#11868 = DIRECTION('',(0.707106781187,0.707106781187));
#11869 = ( GEOMETRIC_REPRESENTATION_CONTEXT(2) 
PARAMETRIC_REPRESENTATION_CONTEXT() REPRESENTATION_CONTEXT('2D SPACE',''
  ) );
#11870 = PCURVE('',#11871,#11876);
#11871 = PLANE('',#11872);
#11872 = AXIS2_PLACEMENT_3D('',#11873,#11874,#11875);
#11873 = CARTESIAN_POINT('',(29.,9.369164850722,8.308504678942));
#11874 = DIRECTION('',(0.,-0.707106781187,-0.707106781187));
#11875 = DIRECTION('',(0.,-0.707106781187,0.707106781187));
#11876 = DEFINITIONAL_REPRESENTATION('',(#11877),#11881);
#11877 = LINE('',#11878,#11879);
#11878 = CARTESIAN_POINT('',(0.,0.));
#11879 = VECTOR('',#11880,1.);
#11880 = DIRECTION('',(1.,0.));
#11881 = ( GEOMETRIC_REPRESENTATION_CONTEXT(2) 
PARAMETRIC_REPRESENTATION_CONTEXT() REPRESENTATION_CONTEXT('2D SPACE',''
  ) );
#11882 = ORIENTED_EDGE('',*,*,#11883,.T.);
#11883 = EDGE_CURVE('',#11856,#11884,#11886,.T.);
#11884 = VERTEX_POINT('',#11885);
#11885 = CARTESIAN_POINT('',(29.,2.607145013613,3.667805185393));
#11886 = SURFACE_CURVE('',#11887,(#11891,#11898),.PCURVE_S1.);
#11887 = LINE('',#11888,#11889);
#11888 = CARTESIAN_POINT('',(29.,8.308504678942,9.369164850722));
#11889 = VECTOR('',#11890,1.);
#11890 = DIRECTION('',(0.,-0.707106781187,-0.707106781187));
#11891 = PCURVE('',#11101,#11892);
#11892 = DEFINITIONAL_REPRESENTATION('',(#11893),#11897);
#11893 = LINE('',#11894,#11895);
#11894 = CARTESIAN_POINT('',(9.369164850722,-8.308504678942));
#11895 = VECTOR('',#11896,1.);
#11896 = DIRECTION('',(-0.707106781187,0.707106781187));
#11897 = ( GEOMETRIC_REPRESENTATION_CONTEXT(2) 
PARAMETRIC_REPRESENTATION_CONTEXT() REPRESENTATION_CONTEXT('2D SPACE',''
  ) );
#11898 = PCURVE('',#11899,#11904);
#11899 = PLANE('',#11900);
#11900 = AXIS2_PLACEMENT_3D('',#11901,#11902,#11903);
#11901 = CARTESIAN_POINT('',(29.,8.308504678942,9.369164850722));
#11902 = DIRECTION('',(0.,0.707106781187,-0.707106781187));
#11903 = DIRECTION('',(0.,-0.707106781187,-0.707106781187));
#11904 = DEFINITIONAL_REPRESENTATION('',(#11905),#11909);
#11905 = LINE('',#11906,#11907);
#11906 = CARTESIAN_POINT('',(0.,0.));
#11907 = VECTOR('',#11908,1.);
#11908 = DIRECTION('',(1.,0.));
#11909 = ( GEOMETRIC_REPRESENTATION_CONTEXT(2) 
PARAMETRIC_REPRESENTATION_CONTEXT() REPRESENTATION_CONTEXT('2D SPACE',''
  ) );
#11910 = ORIENTED_EDGE('',*,*,#11911,.T.);
#11911 = EDGE_CURVE('',#11884,#11487,#11912,.T.);
#11912 = SURFACE_CURVE('',#11913,(#11918,#11925),.PCURVE_S1.);
#11913 = CIRCLE('',#11914,4.5);
#11914 = AXIS2_PLACEMENT_3D('',#11915,#11916,#11917);
#11915 = CARTESIAN_POINT('',(29.,0.,0.));
#11916 = DIRECTION('',(1.,0.,0.));
#11917 = DIRECTION('',(0.,-0.815067818976,0.579365558581));
#11918 = PCURVE('',#11101,#11919);
#11919 = DEFINITIONAL_REPRESENTATION('',(#11920),#11924);
#11920 = CIRCLE('',#11921,4.5);
#11921 = AXIS2_PLACEMENT_2D('',#11922,#11923);
#11922 = CARTESIAN_POINT('',(-1.201785651367E-16,-1.519377925044E-16));
#11923 = DIRECTION('',(0.579365558581,0.815067818976));
#11924 = ( GEOMETRIC_REPRESENTATION_CONTEXT(2) 
PARAMETRIC_REPRESENTATION_CONTEXT() REPRESENTATION_CONTEXT('2D SPACE',''
  ) );
#11925 = PCURVE('',#11926,#11931);
#11926 = CYLINDRICAL_SURFACE('',#11927,4.5);
#11927 = AXIS2_PLACEMENT_3D('',#11928,#11929,#11930);
#11928 = CARTESIAN_POINT('',(29.,0.,0.));
#11929 = DIRECTION('',(-1.,-0.,-0.));
#11930 = DIRECTION('',(0.,1.,0.));
#11931 = DEFINITIONAL_REPRESENTATION('',(#11932),#11936);
#11932 = LINE('',#11933,#11934);
#11933 = CARTESIAN_POINT('',(-2.523642569412,0.));
#11934 = VECTOR('',#11935,1.);
#11935 = DIRECTION('',(-1.,0.));
#11936 = ( GEOMETRIC_REPRESENTATION_CONTEXT(2) 
PARAMETRIC_REPRESENTATION_CONTEXT() REPRESENTATION_CONTEXT('2D SPACE',''
  ) );
#11937 = FACE_BOUND('',#11938,.F.);
#11938 = EDGE_LOOP('',(#11939));
#11939 = ORIENTED_EDGE('',*,*,#11086,.T.);
#11940 = ADVANCED_FACE('',(#11941),#11504,.F.);
#11941 = FACE_BOUND('',#11942,.F.);
#11942 = EDGE_LOOP('',(#11943,#11944,#11965,#11993));
#11943 = ORIENTED_EDGE('',*,*,#11486,.F.);
#11944 = ORIENTED_EDGE('',*,*,#11945,.F.);
#11945 = EDGE_CURVE('',#11946,#11487,#11948,.T.);
#11946 = VERTEX_POINT('',#11947);
#11947 = CARTESIAN_POINT('',(41.,-2.607145013613,3.667805185393));
#11948 = SURFACE_CURVE('',#11949,(#11953,#11959),.PCURVE_S1.);
#11949 = LINE('',#11950,#11951);
#11950 = CARTESIAN_POINT('',(29.,-2.607145013613,3.667805185393));
#11951 = VECTOR('',#11952,1.);
#11952 = DIRECTION('',(-1.,-0.,-0.));
#11953 = PCURVE('',#11504,#11954);
#11954 = DEFINITIONAL_REPRESENTATION('',(#11955),#11958);
#11955 = B_SPLINE_CURVE_WITH_KNOTS('',1,(#11956,#11957),.UNSPECIFIED.,
  .F.,.F.,(2,2),(-12.0000006,5.999999999062E-07),
  .PIECEWISE_BEZIER_KNOTS.);
#11956 = CARTESIAN_POINT('',(4.437059837325,-12.0000006));
#11957 = CARTESIAN_POINT('',(4.437059837325,5.999999999062E-07));
#11958 = ( GEOMETRIC_REPRESENTATION_CONTEXT(2) 
PARAMETRIC_REPRESENTATION_CONTEXT() REPRESENTATION_CONTEXT('2D SPACE',''
  ) );
#11959 = PCURVE('',#11926,#11960);
#11960 = DEFINITIONAL_REPRESENTATION('',(#11961),#11964);
#11961 = B_SPLINE_CURVE_WITH_KNOTS('',1,(#11962,#11963),.UNSPECIFIED.,
  .F.,.F.,(2,2),(-12.,0.),.PIECEWISE_BEZIER_KNOTS.);
#11962 = CARTESIAN_POINT('',(-8.471931718152,-12.));
#11963 = CARTESIAN_POINT('',(-8.471931718152,0.));
#11964 = ( GEOMETRIC_REPRESENTATION_CONTEXT(2) 
PARAMETRIC_REPRESENTATION_CONTEXT() REPRESENTATION_CONTEXT('2D SPACE',''
  ) );
#11965 = ORIENTED_EDGE('',*,*,#11966,.T.);
#11966 = EDGE_CURVE('',#11946,#11967,#11969,.T.);
#11967 = VERTEX_POINT('',#11968);
#11968 = CARTESIAN_POINT('',(41.,-8.308504678942,9.369164850722));
#11969 = SURFACE_CURVE('',#11970,(#11974,#11981),.PCURVE_S1.);
#11970 = LINE('',#11971,#11972);
#11971 = CARTESIAN_POINT('',(41.,0.53033008589,0.53033008589));
#11972 = VECTOR('',#11973,1.);
#11973 = DIRECTION('',(0.,-0.707106781187,0.707106781187));
#11974 = PCURVE('',#11504,#11975);
#11975 = DEFINITIONAL_REPRESENTATION('',(#11976),#11980);
#11976 = LINE('',#11977,#11978);
#11977 = CARTESIAN_POINT('',(0.,-12.));
#11978 = VECTOR('',#11979,1.);
#11979 = DIRECTION('',(1.,0.));
#11980 = ( GEOMETRIC_REPRESENTATION_CONTEXT(2) 
PARAMETRIC_REPRESENTATION_CONTEXT() REPRESENTATION_CONTEXT('2D SPACE',''
  ) );
#11981 = PCURVE('',#11982,#11987);
#11982 = PLANE('',#11983);
#11983 = AXIS2_PLACEMENT_3D('',#11984,#11985,#11986);
#11984 = CARTESIAN_POINT('',(41.,-1.519377925044E-16,1.201785651367E-16)
  );
#11985 = DIRECTION('',(1.,0.,0.));
#11986 = DIRECTION('',(-0.,0.,1.));
#11987 = DEFINITIONAL_REPRESENTATION('',(#11988),#11992);
#11988 = LINE('',#11989,#11990);
#11989 = CARTESIAN_POINT('',(0.53033008589,-0.53033008589));
#11990 = VECTOR('',#11991,1.);
#11991 = DIRECTION('',(0.707106781187,0.707106781187));
#11992 = ( GEOMETRIC_REPRESENTATION_CONTEXT(2) 
PARAMETRIC_REPRESENTATION_CONTEXT() REPRESENTATION_CONTEXT('2D SPACE',''
  ) );
#11993 = ORIENTED_EDGE('',*,*,#11994,.F.);
#11994 = EDGE_CURVE('',#11489,#11967,#11995,.T.);
#11995 = SURFACE_CURVE('',#11996,(#12000,#12007),.PCURVE_S1.);
#11996 = LINE('',#11997,#11998);
#11997 = CARTESIAN_POINT('',(29.,-8.308504678942,9.369164850722));
#11998 = VECTOR('',#11999,1.);
#11999 = DIRECTION('',(1.,0.,0.));
#12000 = PCURVE('',#11504,#12001);
#12001 = DEFINITIONAL_REPRESENTATION('',(#12002),#12006);
#12002 = LINE('',#12003,#12004);
#12003 = CARTESIAN_POINT('',(12.5,0.));
#12004 = VECTOR('',#12005,1.);
#12005 = DIRECTION('',(0.,-1.));
#12006 = ( GEOMETRIC_REPRESENTATION_CONTEXT(2) 
PARAMETRIC_REPRESENTATION_CONTEXT() REPRESENTATION_CONTEXT('2D SPACE',''
  ) );
#12007 = PCURVE('',#11532,#12008);
#12008 = DEFINITIONAL_REPRESENTATION('',(#12009),#12013);
#12009 = LINE('',#12010,#12011);
#12010 = CARTESIAN_POINT('',(0.,0.));
#12011 = VECTOR('',#12012,1.);
#12012 = DIRECTION('',(0.,-1.));
#12013 = ( GEOMETRIC_REPRESENTATION_CONTEXT(2) 
PARAMETRIC_REPRESENTATION_CONTEXT() REPRESENTATION_CONTEXT('2D SPACE',''
  ) );
#12014 = ADVANCED_FACE('',(#12015),#11926,.T.);
#12015 = FACE_BOUND('',#12016,.F.);
#12016 = EDGE_LOOP('',(#12017,#12018,#12039,#12065));
#12017 = ORIENTED_EDGE('',*,*,#11911,.F.);
#12018 = ORIENTED_EDGE('',*,*,#12019,.F.);
#12019 = EDGE_CURVE('',#12020,#11884,#12022,.T.);
#12020 = VERTEX_POINT('',#12021);
#12021 = CARTESIAN_POINT('',(41.,2.607145013613,3.667805185393));
#12022 = SURFACE_CURVE('',#12023,(#12027,#12033),.PCURVE_S1.);
#12023 = LINE('',#12024,#12025);
#12024 = CARTESIAN_POINT('',(29.,2.607145013613,3.667805185393));
#12025 = VECTOR('',#12026,1.);
#12026 = DIRECTION('',(-1.,-0.,-0.));
#12027 = PCURVE('',#11926,#12028);
#12028 = DEFINITIONAL_REPRESENTATION('',(#12029),#12032);
#12029 = B_SPLINE_CURVE_WITH_KNOTS('',1,(#12030,#12031),.UNSPECIFIED.,
  .F.,.F.,(2,2),(-12.0000006,5.999999999062E-07),
  .PIECEWISE_BEZIER_KNOTS.);
#12030 = CARTESIAN_POINT('',(-7.236031549797,-12.0000006));
#12031 = CARTESIAN_POINT('',(-7.236031549797,5.999999999062E-07));
#12032 = ( GEOMETRIC_REPRESENTATION_CONTEXT(2) 
PARAMETRIC_REPRESENTATION_CONTEXT() REPRESENTATION_CONTEXT('2D SPACE',''
  ) );
#12033 = PCURVE('',#11899,#12034);
#12034 = DEFINITIONAL_REPRESENTATION('',(#12035),#12038);
#12035 = B_SPLINE_CURVE_WITH_KNOTS('',1,(#12036,#12037),.UNSPECIFIED.,
  .F.,.F.,(2,2),(-12.0000006,5.999999999062E-07),
  .PIECEWISE_BEZIER_KNOTS.);
#12036 = CARTESIAN_POINT('',(8.062940162675,-12.0000006));
#12037 = CARTESIAN_POINT('',(8.062940162675,5.999999999062E-07));
#12038 = ( GEOMETRIC_REPRESENTATION_CONTEXT(2) 
PARAMETRIC_REPRESENTATION_CONTEXT() REPRESENTATION_CONTEXT('2D SPACE',''
  ) );
#12039 = ORIENTED_EDGE('',*,*,#12040,.F.);
#12040 = EDGE_CURVE('',#11946,#12020,#12041,.T.);
#12041 = SURFACE_CURVE('',#12042,(#12047,#12054),.PCURVE_S1.);
#12042 = CIRCLE('',#12043,4.5);
#12043 = AXIS2_PLACEMENT_3D('',#12044,#12045,#12046);
#12044 = CARTESIAN_POINT('',(41.,0.,0.));
#12045 = DIRECTION('',(-1.,0.,0.));
#12046 = DIRECTION('',(0.,-0.579365558581,0.815067818976));
#12047 = PCURVE('',#11926,#12048);
#12048 = DEFINITIONAL_REPRESENTATION('',(#12049),#12053);
#12049 = LINE('',#12050,#12051);
#12050 = CARTESIAN_POINT('',(-8.471931718152,-12.));
#12051 = VECTOR('',#12052,1.);
#12052 = DIRECTION('',(1.,-0.));
#12053 = ( GEOMETRIC_REPRESENTATION_CONTEXT(2) 
PARAMETRIC_REPRESENTATION_CONTEXT() REPRESENTATION_CONTEXT('2D SPACE',''
  ) );
#12054 = PCURVE('',#11982,#12055);
#12055 = DEFINITIONAL_REPRESENTATION('',(#12056),#12064);
#12056 = ( BOUNDED_CURVE() B_SPLINE_CURVE(2,(#12057,#12058,#12059,#12060
    ,#12061,#12062,#12063),.UNSPECIFIED.,.T.,.F.) 
B_SPLINE_CURVE_WITH_KNOTS((1,2,2,2,2,1),(-2.094395102393,0.,
    2.094395102393,4.188790204786,6.28318530718,8.377580409573),
.UNSPECIFIED.) CURVE() GEOMETRIC_REPRESENTATION_ITEM() 
RATIONAL_B_SPLINE_CURVE((1.,0.5,1.,0.5,1.,0.5,1.)) REPRESENTATION_ITEM(
  '') );
#12057 = CARTESIAN_POINT('',(3.667805185393,2.607145013613));
#12058 = CARTESIAN_POINT('',(8.18351281167,-3.745679919752));
#12059 = CARTESIAN_POINT('',(0.423951220442,-4.479984973489));
#12060 = CARTESIAN_POINT('',(-7.335610370785,-5.214290027226));
#12061 = CARTESIAN_POINT('',(-4.091756405835,1.872839959876));
#12062 = CARTESIAN_POINT('',(-0.847902440885,8.959969946978));
#12063 = CARTESIAN_POINT('',(3.667805185393,2.607145013613));
#12064 = ( GEOMETRIC_REPRESENTATION_CONTEXT(2) 
PARAMETRIC_REPRESENTATION_CONTEXT() REPRESENTATION_CONTEXT('2D SPACE',''
  ) );
#12065 = ORIENTED_EDGE('',*,*,#11945,.T.);
#12066 = ADVANCED_FACE('',(#12067),#11532,.F.);
#12067 = FACE_BOUND('',#12068,.F.);
#12068 = EDGE_LOOP('',(#12069,#12070,#12093,#12114));
#12069 = ORIENTED_EDGE('',*,*,#11994,.T.);
#12070 = ORIENTED_EDGE('',*,*,#12071,.T.);
#12071 = EDGE_CURVE('',#11967,#12072,#12074,.T.);
#12072 = VERTEX_POINT('',#12073);
#12073 = CARTESIAN_POINT('',(41.,-9.369164850722,8.308504678942));
#12074 = SURFACE_CURVE('',#12075,(#12079,#12086),.PCURVE_S1.);
#12075 = LINE('',#12076,#12077);
#12076 = CARTESIAN_POINT('',(41.,-8.308504678942,9.369164850722));
#12077 = VECTOR('',#12078,1.);
#12078 = DIRECTION('',(0.,-0.707106781187,-0.707106781187));
#12079 = PCURVE('',#11532,#12080);
#12080 = DEFINITIONAL_REPRESENTATION('',(#12081),#12085);
#12081 = LINE('',#12082,#12083);
#12082 = CARTESIAN_POINT('',(0.,-12.));
#12083 = VECTOR('',#12084,1.);
#12084 = DIRECTION('',(1.,0.));
#12085 = ( GEOMETRIC_REPRESENTATION_CONTEXT(2) 
PARAMETRIC_REPRESENTATION_CONTEXT() REPRESENTATION_CONTEXT('2D SPACE',''
  ) );
#12086 = PCURVE('',#11982,#12087);
#12087 = DEFINITIONAL_REPRESENTATION('',(#12088),#12092);
#12088 = LINE('',#12089,#12090);
#12089 = CARTESIAN_POINT('',(9.369164850722,8.308504678942));
#12090 = VECTOR('',#12091,1.);
#12091 = DIRECTION('',(-0.707106781187,0.707106781187));
#12092 = ( GEOMETRIC_REPRESENTATION_CONTEXT(2) 
PARAMETRIC_REPRESENTATION_CONTEXT() REPRESENTATION_CONTEXT('2D SPACE',''
  ) );
#12093 = ORIENTED_EDGE('',*,*,#12094,.F.);
#12094 = EDGE_CURVE('',#11517,#12072,#12095,.T.);
#12095 = SURFACE_CURVE('',#12096,(#12100,#12107),.PCURVE_S1.);
#12096 = LINE('',#12097,#12098);
#12097 = CARTESIAN_POINT('',(29.,-9.369164850722,8.308504678942));
#12098 = VECTOR('',#12099,1.);
#12099 = DIRECTION('',(1.,0.,0.));
#12100 = PCURVE('',#11532,#12101);
#12101 = DEFINITIONAL_REPRESENTATION('',(#12102),#12106);
#12102 = LINE('',#12103,#12104);
#12103 = CARTESIAN_POINT('',(1.5,0.));
#12104 = VECTOR('',#12105,1.);
#12105 = DIRECTION('',(0.,-1.));
#12106 = ( GEOMETRIC_REPRESENTATION_CONTEXT(2) 
PARAMETRIC_REPRESENTATION_CONTEXT() REPRESENTATION_CONTEXT('2D SPACE',''
  ) );
#12107 = PCURVE('',#11560,#12108);
#12108 = DEFINITIONAL_REPRESENTATION('',(#12109),#12113);
#12109 = LINE('',#12110,#12111);
#12110 = CARTESIAN_POINT('',(0.,0.));
#12111 = VECTOR('',#12112,1.);
#12112 = DIRECTION('',(0.,-1.));
#12113 = ( GEOMETRIC_REPRESENTATION_CONTEXT(2) 
PARAMETRIC_REPRESENTATION_CONTEXT() REPRESENTATION_CONTEXT('2D SPACE',''
  ) );
#12114 = ORIENTED_EDGE('',*,*,#11516,.F.);
#12115 = ADVANCED_FACE('',(#12116),#11899,.F.);
#12116 = FACE_BOUND('',#12117,.F.);
#12117 = EDGE_LOOP('',(#12118,#12119,#12142,#12163));
#12118 = ORIENTED_EDGE('',*,*,#11883,.F.);
#12119 = ORIENTED_EDGE('',*,*,#12120,.T.);
#12120 = EDGE_CURVE('',#11856,#12121,#12123,.T.);
#12121 = VERTEX_POINT('',#12122);
#12122 = CARTESIAN_POINT('',(41.,8.308504678942,9.369164850722));
#12123 = SURFACE_CURVE('',#12124,(#12128,#12135),.PCURVE_S1.);
#12124 = LINE('',#12125,#12126);
#12125 = CARTESIAN_POINT('',(29.,8.308504678942,9.369164850722));
#12126 = VECTOR('',#12127,1.);
#12127 = DIRECTION('',(1.,0.,0.));
#12128 = PCURVE('',#11899,#12129);
#12129 = DEFINITIONAL_REPRESENTATION('',(#12130),#12134);
#12130 = LINE('',#12131,#12132);
#12131 = CARTESIAN_POINT('',(0.,0.));
#12132 = VECTOR('',#12133,1.);
#12133 = DIRECTION('',(0.,-1.));
#12134 = ( GEOMETRIC_REPRESENTATION_CONTEXT(2) 
PARAMETRIC_REPRESENTATION_CONTEXT() REPRESENTATION_CONTEXT('2D SPACE',''
  ) );
#12135 = PCURVE('',#11871,#12136);
#12136 = DEFINITIONAL_REPRESENTATION('',(#12137),#12141);
#12137 = LINE('',#12138,#12139);
#12138 = CARTESIAN_POINT('',(1.5,0.));
#12139 = VECTOR('',#12140,1.);
#12140 = DIRECTION('',(0.,-1.));
#12141 = ( GEOMETRIC_REPRESENTATION_CONTEXT(2) 
PARAMETRIC_REPRESENTATION_CONTEXT() REPRESENTATION_CONTEXT('2D SPACE',''
  ) );
#12142 = ORIENTED_EDGE('',*,*,#12143,.T.);
#12143 = EDGE_CURVE('',#12121,#12020,#12144,.T.);
#12144 = SURFACE_CURVE('',#12145,(#12149,#12156),.PCURVE_S1.);
#12145 = LINE('',#12146,#12147);
#12146 = CARTESIAN_POINT('',(41.,8.308504678942,9.369164850722));
#12147 = VECTOR('',#12148,1.);
#12148 = DIRECTION('',(0.,-0.707106781187,-0.707106781187));
#12149 = PCURVE('',#11899,#12150);
#12150 = DEFINITIONAL_REPRESENTATION('',(#12151),#12155);
#12151 = LINE('',#12152,#12153);
#12152 = CARTESIAN_POINT('',(0.,-12.));
#12153 = VECTOR('',#12154,1.);
#12154 = DIRECTION('',(1.,0.));
#12155 = ( GEOMETRIC_REPRESENTATION_CONTEXT(2) 
PARAMETRIC_REPRESENTATION_CONTEXT() REPRESENTATION_CONTEXT('2D SPACE',''
  ) );
#12156 = PCURVE('',#11982,#12157);
#12157 = DEFINITIONAL_REPRESENTATION('',(#12158),#12162);
#12158 = LINE('',#12159,#12160);
#12159 = CARTESIAN_POINT('',(9.369164850722,-8.308504678942));
#12160 = VECTOR('',#12161,1.);
#12161 = DIRECTION('',(-0.707106781187,0.707106781187));
#12162 = ( GEOMETRIC_REPRESENTATION_CONTEXT(2) 
PARAMETRIC_REPRESENTATION_CONTEXT() REPRESENTATION_CONTEXT('2D SPACE',''
  ) );
#12163 = ORIENTED_EDGE('',*,*,#12019,.T.);
#12164 = ADVANCED_FACE('',(#12165),#11560,.F.);
#12165 = FACE_BOUND('',#12166,.F.);
#12166 = EDGE_LOOP('',(#12167,#12168,#12169,#12192));
#12167 = ORIENTED_EDGE('',*,*,#11544,.F.);
#12168 = ORIENTED_EDGE('',*,*,#12094,.T.);
#12169 = ORIENTED_EDGE('',*,*,#12170,.T.);
#12170 = EDGE_CURVE('',#12072,#12171,#12173,.T.);
#12171 = VERTEX_POINT('',#12172);
#12172 = CARTESIAN_POINT('',(41.,-3.667805185393,2.607145013613));
#12173 = SURFACE_CURVE('',#12174,(#12178,#12185),.PCURVE_S1.);
#12174 = LINE('',#12175,#12176);
#12175 = CARTESIAN_POINT('',(41.,-9.369164850722,8.308504678942));
#12176 = VECTOR('',#12177,1.);
#12177 = DIRECTION('',(0.,0.707106781187,-0.707106781187));
#12178 = PCURVE('',#11560,#12179);
#12179 = DEFINITIONAL_REPRESENTATION('',(#12180),#12184);
#12180 = LINE('',#12181,#12182);
#12181 = CARTESIAN_POINT('',(0.,-12.));
#12182 = VECTOR('',#12183,1.);
#12183 = DIRECTION('',(1.,0.));
#12184 = ( GEOMETRIC_REPRESENTATION_CONTEXT(2) 
PARAMETRIC_REPRESENTATION_CONTEXT() REPRESENTATION_CONTEXT('2D SPACE',''
  ) );
#12185 = PCURVE('',#11982,#12186);
#12186 = DEFINITIONAL_REPRESENTATION('',(#12187),#12191);
#12187 = LINE('',#12188,#12189);
#12188 = CARTESIAN_POINT('',(8.308504678942,9.369164850722));
#12189 = VECTOR('',#12190,1.);
#12190 = DIRECTION('',(-0.707106781187,-0.707106781187));
#12191 = ( GEOMETRIC_REPRESENTATION_CONTEXT(2) 
PARAMETRIC_REPRESENTATION_CONTEXT() REPRESENTATION_CONTEXT('2D SPACE',''
  ) );
#12192 = ORIENTED_EDGE('',*,*,#12193,.T.);
#12193 = EDGE_CURVE('',#12171,#11545,#12194,.T.);
#12194 = SURFACE_CURVE('',#12195,(#12199,#12205),.PCURVE_S1.);
#12195 = LINE('',#12196,#12197);
#12196 = CARTESIAN_POINT('',(29.,-3.667805185393,2.607145013613));
#12197 = VECTOR('',#12198,1.);
#12198 = DIRECTION('',(-1.,-0.,-0.));
#12199 = PCURVE('',#11560,#12200);
#12200 = DEFINITIONAL_REPRESENTATION('',(#12201),#12204);
#12201 = B_SPLINE_CURVE_WITH_KNOTS('',1,(#12202,#12203),.UNSPECIFIED.,
  .F.,.F.,(2,2),(-12.0000006,5.999999999062E-07),
  .PIECEWISE_BEZIER_KNOTS.);
#12202 = CARTESIAN_POINT('',(8.062940162675,-12.0000006));
#12203 = CARTESIAN_POINT('',(8.062940162675,5.999999999062E-07));
#12204 = ( GEOMETRIC_REPRESENTATION_CONTEXT(2) 
PARAMETRIC_REPRESENTATION_CONTEXT() REPRESENTATION_CONTEXT('2D SPACE',''
  ) );
#12205 = PCURVE('',#11589,#12206);
#12206 = DEFINITIONAL_REPRESENTATION('',(#12207),#12210);
#12207 = B_SPLINE_CURVE_WITH_KNOTS('',1,(#12208,#12209),.UNSPECIFIED.,
  .F.,.F.,(2,2),(-12.,-0.),.PIECEWISE_BEZIER_KNOTS.);
#12208 = CARTESIAN_POINT('',(-2.523642569412,-12.));
#12209 = CARTESIAN_POINT('',(-2.523642569412,0.));
#12210 = ( GEOMETRIC_REPRESENTATION_CONTEXT(2) 
PARAMETRIC_REPRESENTATION_CONTEXT() REPRESENTATION_CONTEXT('2D SPACE',''
  ) );
#12211 = ADVANCED_FACE('',(#12212),#11871,.F.);
#12212 = FACE_BOUND('',#12213,.F.);
#12213 = EDGE_LOOP('',(#12214,#12237,#12258,#12259));
#12214 = ORIENTED_EDGE('',*,*,#12215,.T.);
#12215 = EDGE_CURVE('',#11828,#12216,#12218,.T.);
#12216 = VERTEX_POINT('',#12217);
#12217 = CARTESIAN_POINT('',(41.,9.369164850722,8.308504678942));
#12218 = SURFACE_CURVE('',#12219,(#12223,#12230),.PCURVE_S1.);
#12219 = LINE('',#12220,#12221);
#12220 = CARTESIAN_POINT('',(29.,9.369164850722,8.308504678942));
#12221 = VECTOR('',#12222,1.);
#12222 = DIRECTION('',(1.,0.,0.));
#12223 = PCURVE('',#11871,#12224);
#12224 = DEFINITIONAL_REPRESENTATION('',(#12225),#12229);
#12225 = LINE('',#12226,#12227);
#12226 = CARTESIAN_POINT('',(0.,0.));
#12227 = VECTOR('',#12228,1.);
#12228 = DIRECTION('',(0.,-1.));
#12229 = ( GEOMETRIC_REPRESENTATION_CONTEXT(2) 
PARAMETRIC_REPRESENTATION_CONTEXT() REPRESENTATION_CONTEXT('2D SPACE',''
  ) );
#12230 = PCURVE('',#11843,#12231);
#12231 = DEFINITIONAL_REPRESENTATION('',(#12232),#12236);
#12232 = LINE('',#12233,#12234);
#12233 = CARTESIAN_POINT('',(12.5,0.));
#12234 = VECTOR('',#12235,1.);
#12235 = DIRECTION('',(0.,-1.));
#12236 = ( GEOMETRIC_REPRESENTATION_CONTEXT(2) 
PARAMETRIC_REPRESENTATION_CONTEXT() REPRESENTATION_CONTEXT('2D SPACE',''
  ) );
#12237 = ORIENTED_EDGE('',*,*,#12238,.T.);
#12238 = EDGE_CURVE('',#12216,#12121,#12239,.T.);
#12239 = SURFACE_CURVE('',#12240,(#12244,#12251),.PCURVE_S1.);
#12240 = LINE('',#12241,#12242);
#12241 = CARTESIAN_POINT('',(41.,9.369164850722,8.308504678942));
#12242 = VECTOR('',#12243,1.);
#12243 = DIRECTION('',(0.,-0.707106781187,0.707106781187));
#12244 = PCURVE('',#11871,#12245);
#12245 = DEFINITIONAL_REPRESENTATION('',(#12246),#12250);
#12246 = LINE('',#12247,#12248);
#12247 = CARTESIAN_POINT('',(0.,-12.));
#12248 = VECTOR('',#12249,1.);
#12249 = DIRECTION('',(1.,0.));
#12250 = ( GEOMETRIC_REPRESENTATION_CONTEXT(2) 
PARAMETRIC_REPRESENTATION_CONTEXT() REPRESENTATION_CONTEXT('2D SPACE',''
  ) );
#12251 = PCURVE('',#11982,#12252);
#12252 = DEFINITIONAL_REPRESENTATION('',(#12253),#12257);
#12253 = LINE('',#12254,#12255);
#12254 = CARTESIAN_POINT('',(8.308504678942,-9.369164850722));
#12255 = VECTOR('',#12256,1.);
#12256 = DIRECTION('',(0.707106781187,0.707106781187));
#12257 = ( GEOMETRIC_REPRESENTATION_CONTEXT(2) 
PARAMETRIC_REPRESENTATION_CONTEXT() REPRESENTATION_CONTEXT('2D SPACE',''
  ) );
#12258 = ORIENTED_EDGE('',*,*,#12120,.F.);
#12259 = ORIENTED_EDGE('',*,*,#11855,.F.);
#12260 = ADVANCED_FACE('',(#12261),#11589,.T.);
#12261 = FACE_BOUND('',#12262,.F.);
#12262 = EDGE_LOOP('',(#12263,#12264,#12265,#12293));
#12263 = ORIENTED_EDGE('',*,*,#11572,.F.);
#12264 = ORIENTED_EDGE('',*,*,#12193,.F.);
#12265 = ORIENTED_EDGE('',*,*,#12266,.F.);
#12266 = EDGE_CURVE('',#12267,#12171,#12269,.T.);
#12267 = VERTEX_POINT('',#12268);
#12268 = CARTESIAN_POINT('',(41.,-3.667805185393,-2.607145013613));
#12269 = SURFACE_CURVE('',#12270,(#12275,#12282),.PCURVE_S1.);
#12270 = CIRCLE('',#12271,4.5);
#12271 = AXIS2_PLACEMENT_3D('',#12272,#12273,#12274);
#12272 = CARTESIAN_POINT('',(41.,0.,0.));
#12273 = DIRECTION('',(-1.,0.,0.));
#12274 = DIRECTION('',(0.,-0.579365558581,0.815067818976));
#12275 = PCURVE('',#11589,#12276);
#12276 = DEFINITIONAL_REPRESENTATION('',(#12277),#12281);
#12277 = LINE('',#12278,#12279);
#12278 = CARTESIAN_POINT('',(-8.471931718152,-12.));
#12279 = VECTOR('',#12280,1.);
#12280 = DIRECTION('',(1.,-0.));
#12281 = ( GEOMETRIC_REPRESENTATION_CONTEXT(2) 
PARAMETRIC_REPRESENTATION_CONTEXT() REPRESENTATION_CONTEXT('2D SPACE',''
  ) );
#12282 = PCURVE('',#11982,#12283);
#12283 = DEFINITIONAL_REPRESENTATION('',(#12284),#12292);
#12284 = ( BOUNDED_CURVE() B_SPLINE_CURVE(2,(#12285,#12286,#12287,#12288
    ,#12289,#12290,#12291),.UNSPECIFIED.,.T.,.F.) 
B_SPLINE_CURVE_WITH_KNOTS((1,2,2,2,2,1),(-2.094395102393,0.,
    2.094395102393,4.188790204786,6.28318530718,8.377580409573),
.UNSPECIFIED.) CURVE() GEOMETRIC_REPRESENTATION_ITEM() 
RATIONAL_B_SPLINE_CURVE((1.,0.5,1.,0.5,1.,0.5,1.)) REPRESENTATION_ITEM(
  '') );
#12285 = CARTESIAN_POINT('',(3.667805185393,2.607145013613));
#12286 = CARTESIAN_POINT('',(8.18351281167,-3.745679919752));
#12287 = CARTESIAN_POINT('',(0.423951220442,-4.479984973489));
#12288 = CARTESIAN_POINT('',(-7.335610370785,-5.214290027226));
#12289 = CARTESIAN_POINT('',(-4.091756405835,1.872839959876));
#12290 = CARTESIAN_POINT('',(-0.847902440885,8.959969946978));
#12291 = CARTESIAN_POINT('',(3.667805185393,2.607145013613));
#12292 = ( GEOMETRIC_REPRESENTATION_CONTEXT(2) 
PARAMETRIC_REPRESENTATION_CONTEXT() REPRESENTATION_CONTEXT('2D SPACE',''
  ) );
#12293 = ORIENTED_EDGE('',*,*,#12294,.T.);
#12294 = EDGE_CURVE('',#12267,#11573,#12295,.T.);
#12295 = SURFACE_CURVE('',#12296,(#12300,#12306),.PCURVE_S1.);
#12296 = LINE('',#12297,#12298);
#12297 = CARTESIAN_POINT('',(29.,-3.667805185393,-2.607145013613));
#12298 = VECTOR('',#12299,1.);
#12299 = DIRECTION('',(-1.,-0.,-0.));
#12300 = PCURVE('',#11589,#12301);
#12301 = DEFINITIONAL_REPRESENTATION('',(#12302),#12305);
#12302 = B_SPLINE_CURVE_WITH_KNOTS('',1,(#12303,#12304),.UNSPECIFIED.,
  .F.,.F.,(2,2),(-12.0000006,5.999999999062E-07),
  .PIECEWISE_BEZIER_KNOTS.);
#12303 = CARTESIAN_POINT('',(-3.759542737768,-12.0000006));
#12304 = CARTESIAN_POINT('',(-3.759542737768,5.999999999062E-07));
#12305 = ( GEOMETRIC_REPRESENTATION_CONTEXT(2) 
PARAMETRIC_REPRESENTATION_CONTEXT() REPRESENTATION_CONTEXT('2D SPACE',''
  ) );
#12306 = PCURVE('',#11617,#12307);
#12307 = DEFINITIONAL_REPRESENTATION('',(#12308),#12311);
#12308 = B_SPLINE_CURVE_WITH_KNOTS('',1,(#12309,#12310),.UNSPECIFIED.,
  .F.,.F.,(2,2),(-12.0000006,5.999999999062E-07),
  .PIECEWISE_BEZIER_KNOTS.);
#12309 = CARTESIAN_POINT('',(4.437059837325,-12.0000006));
#12310 = CARTESIAN_POINT('',(4.437059837325,5.999999999062E-07));
#12311 = ( GEOMETRIC_REPRESENTATION_CONTEXT(2) 
PARAMETRIC_REPRESENTATION_CONTEXT() REPRESENTATION_CONTEXT('2D SPACE',''
  ) );
#12312 = ADVANCED_FACE('',(#12313),#11843,.F.);
#12313 = FACE_BOUND('',#12314,.F.);
#12314 = EDGE_LOOP('',(#12315,#12316,#12337,#12358));
#12315 = ORIENTED_EDGE('',*,*,#11827,.F.);
#12316 = ORIENTED_EDGE('',*,*,#12317,.F.);
#12317 = EDGE_CURVE('',#12318,#11799,#12320,.T.);
#12318 = VERTEX_POINT('',#12319);
#12319 = CARTESIAN_POINT('',(41.,3.667805185393,2.607145013613));
#12320 = SURFACE_CURVE('',#12321,(#12325,#12331),.PCURVE_S1.);
#12321 = LINE('',#12322,#12323);
#12322 = CARTESIAN_POINT('',(29.,3.667805185393,2.607145013613));
#12323 = VECTOR('',#12324,1.);
#12324 = DIRECTION('',(-1.,-0.,-0.));
#12325 = PCURVE('',#11843,#12326);
#12326 = DEFINITIONAL_REPRESENTATION('',(#12327),#12330);
#12327 = B_SPLINE_CURVE_WITH_KNOTS('',1,(#12328,#12329),.UNSPECIFIED.,
  .F.,.F.,(2,2),(-12.0000006,5.999999999062E-07),
  .PIECEWISE_BEZIER_KNOTS.);
#12328 = CARTESIAN_POINT('',(4.437059837325,-12.0000006));
#12329 = CARTESIAN_POINT('',(4.437059837325,5.999999999062E-07));
#12330 = ( GEOMETRIC_REPRESENTATION_CONTEXT(2) 
PARAMETRIC_REPRESENTATION_CONTEXT() REPRESENTATION_CONTEXT('2D SPACE',''
  ) );
#12331 = PCURVE('',#11815,#12332);
#12332 = DEFINITIONAL_REPRESENTATION('',(#12333),#12336);
#12333 = B_SPLINE_CURVE_WITH_KNOTS('',1,(#12334,#12335),.UNSPECIFIED.,
  .F.,.F.,(2,2),(-12.0000006,5.999999999062E-07),
  .PIECEWISE_BEZIER_KNOTS.);
#12334 = CARTESIAN_POINT('',(-6.901135391357,-12.0000006));
#12335 = CARTESIAN_POINT('',(-6.901135391357,5.999999999062E-07));
#12336 = ( GEOMETRIC_REPRESENTATION_CONTEXT(2) 
PARAMETRIC_REPRESENTATION_CONTEXT() REPRESENTATION_CONTEXT('2D SPACE',''
  ) );
#12337 = ORIENTED_EDGE('',*,*,#12338,.T.);
#12338 = EDGE_CURVE('',#12318,#12216,#12339,.T.);
#12339 = SURFACE_CURVE('',#12340,(#12344,#12351),.PCURVE_S1.);
#12340 = LINE('',#12341,#12342);
#12341 = CARTESIAN_POINT('',(41.,0.53033008589,-0.53033008589));
#12342 = VECTOR('',#12343,1.);
#12343 = DIRECTION('',(0.,0.707106781187,0.707106781187));
#12344 = PCURVE('',#11843,#12345);
#12345 = DEFINITIONAL_REPRESENTATION('',(#12346),#12350);
#12346 = LINE('',#12347,#12348);
#12347 = CARTESIAN_POINT('',(0.,-12.));
#12348 = VECTOR('',#12349,1.);
#12349 = DIRECTION('',(1.,0.));
#12350 = ( GEOMETRIC_REPRESENTATION_CONTEXT(2) 
PARAMETRIC_REPRESENTATION_CONTEXT() REPRESENTATION_CONTEXT('2D SPACE',''
  ) );
#12351 = PCURVE('',#11982,#12352);
#12352 = DEFINITIONAL_REPRESENTATION('',(#12353),#12357);
#12353 = LINE('',#12354,#12355);
#12354 = CARTESIAN_POINT('',(-0.53033008589,-0.53033008589));
#12355 = VECTOR('',#12356,1.);
#12356 = DIRECTION('',(0.707106781187,-0.707106781187));
#12357 = ( GEOMETRIC_REPRESENTATION_CONTEXT(2) 
PARAMETRIC_REPRESENTATION_CONTEXT() REPRESENTATION_CONTEXT('2D SPACE',''
  ) );
#12358 = ORIENTED_EDGE('',*,*,#12215,.F.);
#12359 = ADVANCED_FACE('',(#12360),#11617,.F.);
#12360 = FACE_BOUND('',#12361,.F.);
#12361 = EDGE_LOOP('',(#12362,#12363,#12364,#12387));
#12362 = ORIENTED_EDGE('',*,*,#11601,.F.);
#12363 = ORIENTED_EDGE('',*,*,#12294,.F.);
#12364 = ORIENTED_EDGE('',*,*,#12365,.T.);
#12365 = EDGE_CURVE('',#12267,#12366,#12368,.T.);
#12366 = VERTEX_POINT('',#12367);
#12367 = CARTESIAN_POINT('',(41.,-9.369164850722,-8.308504678942));
#12368 = SURFACE_CURVE('',#12369,(#12373,#12380),.PCURVE_S1.);
#12369 = LINE('',#12370,#12371);
#12370 = CARTESIAN_POINT('',(41.,-0.53033008589,0.53033008589));
#12371 = VECTOR('',#12372,1.);
#12372 = DIRECTION('',(0.,-0.707106781187,-0.707106781187));
#12373 = PCURVE('',#11617,#12374);
#12374 = DEFINITIONAL_REPRESENTATION('',(#12375),#12379);
#12375 = LINE('',#12376,#12377);
#12376 = CARTESIAN_POINT('',(0.,-12.));
#12377 = VECTOR('',#12378,1.);
#12378 = DIRECTION('',(1.,0.));
#12379 = ( GEOMETRIC_REPRESENTATION_CONTEXT(2) 
PARAMETRIC_REPRESENTATION_CONTEXT() REPRESENTATION_CONTEXT('2D SPACE',''
  ) );
#12380 = PCURVE('',#11982,#12381);
#12381 = DEFINITIONAL_REPRESENTATION('',(#12382),#12386);
#12382 = LINE('',#12383,#12384);
#12383 = CARTESIAN_POINT('',(0.53033008589,0.53033008589));
#12384 = VECTOR('',#12385,1.);
#12385 = DIRECTION('',(-0.707106781187,0.707106781187));
#12386 = ( GEOMETRIC_REPRESENTATION_CONTEXT(2) 
PARAMETRIC_REPRESENTATION_CONTEXT() REPRESENTATION_CONTEXT('2D SPACE',''
  ) );
#12387 = ORIENTED_EDGE('',*,*,#12388,.F.);
#12388 = EDGE_CURVE('',#11602,#12366,#12389,.T.);
#12389 = SURFACE_CURVE('',#12390,(#12394,#12401),.PCURVE_S1.);
#12390 = LINE('',#12391,#12392);
#12391 = CARTESIAN_POINT('',(29.,-9.369164850722,-8.308504678942));
#12392 = VECTOR('',#12393,1.);
#12393 = DIRECTION('',(1.,0.,0.));
#12394 = PCURVE('',#11617,#12395);
#12395 = DEFINITIONAL_REPRESENTATION('',(#12396),#12400);
#12396 = LINE('',#12397,#12398);
#12397 = CARTESIAN_POINT('',(12.5,0.));
#12398 = VECTOR('',#12399,1.);
#12399 = DIRECTION('',(0.,-1.));
#12400 = ( GEOMETRIC_REPRESENTATION_CONTEXT(2) 
PARAMETRIC_REPRESENTATION_CONTEXT() REPRESENTATION_CONTEXT('2D SPACE',''
  ) );
#12401 = PCURVE('',#11645,#12402);
#12402 = DEFINITIONAL_REPRESENTATION('',(#12403),#12407);
#12403 = LINE('',#12404,#12405);
#12404 = CARTESIAN_POINT('',(0.,0.));
#12405 = VECTOR('',#12406,1.);
#12406 = DIRECTION('',(0.,-1.));
#12407 = ( GEOMETRIC_REPRESENTATION_CONTEXT(2) 
PARAMETRIC_REPRESENTATION_CONTEXT() REPRESENTATION_CONTEXT('2D SPACE',''
  ) );
#12408 = ADVANCED_FACE('',(#12409),#11815,.T.);
#12409 = FACE_BOUND('',#12410,.F.);
#12410 = EDGE_LOOP('',(#12411,#12412,#12433,#12459));
#12411 = ORIENTED_EDGE('',*,*,#11798,.F.);
#12412 = ORIENTED_EDGE('',*,*,#12413,.F.);
#12413 = EDGE_CURVE('',#12414,#11771,#12416,.T.);
#12414 = VERTEX_POINT('',#12415);
#12415 = CARTESIAN_POINT('',(41.,3.667805185393,-2.607145013613));
#12416 = SURFACE_CURVE('',#12417,(#12421,#12427),.PCURVE_S1.);
#12417 = LINE('',#12418,#12419);
#12418 = CARTESIAN_POINT('',(29.,3.667805185393,-2.607145013613));
#12419 = VECTOR('',#12420,1.);
#12420 = DIRECTION('',(-1.,-0.,-0.));
#12421 = PCURVE('',#11815,#12422);
#12422 = DEFINITIONAL_REPRESENTATION('',(#12423),#12426);
#12423 = B_SPLINE_CURVE_WITH_KNOTS('',1,(#12424,#12425),.UNSPECIFIED.,
  .F.,.F.,(2,2),(-12.0000006,5.999999999062E-07),
  .PIECEWISE_BEZIER_KNOTS.);
#12424 = CARTESIAN_POINT('',(-5.665235223002,-12.0000006));
#12425 = CARTESIAN_POINT('',(-5.665235223002,5.999999999062E-07));
#12426 = ( GEOMETRIC_REPRESENTATION_CONTEXT(2) 
PARAMETRIC_REPRESENTATION_CONTEXT() REPRESENTATION_CONTEXT('2D SPACE',''
  ) );
#12427 = PCURVE('',#11786,#12428);
#12428 = DEFINITIONAL_REPRESENTATION('',(#12429),#12432);
#12429 = B_SPLINE_CURVE_WITH_KNOTS('',1,(#12430,#12431),.UNSPECIFIED.,
  .F.,.F.,(2,2),(-12.0000006,5.999999999062E-07),
  .PIECEWISE_BEZIER_KNOTS.);
#12430 = CARTESIAN_POINT('',(8.062940162675,-12.0000006));
#12431 = CARTESIAN_POINT('',(8.062940162675,5.999999999062E-07));
#12432 = ( GEOMETRIC_REPRESENTATION_CONTEXT(2) 
PARAMETRIC_REPRESENTATION_CONTEXT() REPRESENTATION_CONTEXT('2D SPACE',''
  ) );
#12433 = ORIENTED_EDGE('',*,*,#12434,.F.);
#12434 = EDGE_CURVE('',#12318,#12414,#12435,.T.);
#12435 = SURFACE_CURVE('',#12436,(#12441,#12448),.PCURVE_S1.);
#12436 = CIRCLE('',#12437,4.5);
#12437 = AXIS2_PLACEMENT_3D('',#12438,#12439,#12440);
#12438 = CARTESIAN_POINT('',(41.,0.,0.));
#12439 = DIRECTION('',(-1.,0.,0.));
#12440 = DIRECTION('',(0.,-0.579365558581,0.815067818976));
#12441 = PCURVE('',#11815,#12442);
#12442 = DEFINITIONAL_REPRESENTATION('',(#12443),#12447);
#12443 = LINE('',#12444,#12445);
#12444 = CARTESIAN_POINT('',(-8.471931718152,-12.));
#12445 = VECTOR('',#12446,1.);
#12446 = DIRECTION('',(1.,-0.));
#12447 = ( GEOMETRIC_REPRESENTATION_CONTEXT(2) 
PARAMETRIC_REPRESENTATION_CONTEXT() REPRESENTATION_CONTEXT('2D SPACE',''
  ) );
#12448 = PCURVE('',#11982,#12449);
#12449 = DEFINITIONAL_REPRESENTATION('',(#12450),#12458);
#12450 = ( BOUNDED_CURVE() B_SPLINE_CURVE(2,(#12451,#12452,#12453,#12454
    ,#12455,#12456,#12457),.UNSPECIFIED.,.T.,.F.) 
B_SPLINE_CURVE_WITH_KNOTS((1,2,2,2,2,1),(-2.094395102393,0.,
    2.094395102393,4.188790204786,6.28318530718,8.377580409573),
.UNSPECIFIED.) CURVE() GEOMETRIC_REPRESENTATION_ITEM() 
RATIONAL_B_SPLINE_CURVE((1.,0.5,1.,0.5,1.,0.5,1.)) REPRESENTATION_ITEM(
  '') );
#12451 = CARTESIAN_POINT('',(3.667805185393,2.607145013613));
#12452 = CARTESIAN_POINT('',(8.18351281167,-3.745679919752));
#12453 = CARTESIAN_POINT('',(0.423951220442,-4.479984973489));
#12454 = CARTESIAN_POINT('',(-7.335610370785,-5.214290027226));
#12455 = CARTESIAN_POINT('',(-4.091756405835,1.872839959876));
#12456 = CARTESIAN_POINT('',(-0.847902440885,8.959969946978));
#12457 = CARTESIAN_POINT('',(3.667805185393,2.607145013613));
#12458 = ( GEOMETRIC_REPRESENTATION_CONTEXT(2) 
PARAMETRIC_REPRESENTATION_CONTEXT() REPRESENTATION_CONTEXT('2D SPACE',''
  ) );
#12459 = ORIENTED_EDGE('',*,*,#12317,.T.);
#12460 = ADVANCED_FACE('',(#12461),#11645,.F.);
#12461 = FACE_BOUND('',#12462,.F.);
#12462 = EDGE_LOOP('',(#12463,#12464,#12487,#12508));
#12463 = ORIENTED_EDGE('',*,*,#12388,.T.);
#12464 = ORIENTED_EDGE('',*,*,#12465,.T.);
#12465 = EDGE_CURVE('',#12366,#12466,#12468,.T.);
#12466 = VERTEX_POINT('',#12467);
#12467 = CARTESIAN_POINT('',(41.,-8.308504678942,-9.369164850722));
#12468 = SURFACE_CURVE('',#12469,(#12473,#12480),.PCURVE_S1.);
#12469 = LINE('',#12470,#12471);
#12470 = CARTESIAN_POINT('',(41.,-9.369164850722,-8.308504678942));
#12471 = VECTOR('',#12472,1.);
#12472 = DIRECTION('',(0.,0.707106781187,-0.707106781187));
#12473 = PCURVE('',#11645,#12474);
#12474 = DEFINITIONAL_REPRESENTATION('',(#12475),#12479);
#12475 = LINE('',#12476,#12477);
#12476 = CARTESIAN_POINT('',(0.,-12.));
#12477 = VECTOR('',#12478,1.);
#12478 = DIRECTION('',(1.,0.));
#12479 = ( GEOMETRIC_REPRESENTATION_CONTEXT(2) 
PARAMETRIC_REPRESENTATION_CONTEXT() REPRESENTATION_CONTEXT('2D SPACE',''
  ) );
#12480 = PCURVE('',#11982,#12481);
#12481 = DEFINITIONAL_REPRESENTATION('',(#12482),#12486);
#12482 = LINE('',#12483,#12484);
#12483 = CARTESIAN_POINT('',(-8.308504678942,9.369164850722));
#12484 = VECTOR('',#12485,1.);
#12485 = DIRECTION('',(-0.707106781187,-0.707106781187));
#12486 = ( GEOMETRIC_REPRESENTATION_CONTEXT(2) 
PARAMETRIC_REPRESENTATION_CONTEXT() REPRESENTATION_CONTEXT('2D SPACE',''
  ) );
#12487 = ORIENTED_EDGE('',*,*,#12488,.F.);
#12488 = EDGE_CURVE('',#11630,#12466,#12489,.T.);
#12489 = SURFACE_CURVE('',#12490,(#12494,#12501),.PCURVE_S1.);
#12490 = LINE('',#12491,#12492);
#12491 = CARTESIAN_POINT('',(29.,-8.308504678942,-9.369164850722));
#12492 = VECTOR('',#12493,1.);
#12493 = DIRECTION('',(1.,0.,0.));
#12494 = PCURVE('',#11645,#12495);
#12495 = DEFINITIONAL_REPRESENTATION('',(#12496),#12500);
#12496 = LINE('',#12497,#12498);
#12497 = CARTESIAN_POINT('',(1.5,0.));
#12498 = VECTOR('',#12499,1.);
#12499 = DIRECTION('',(0.,-1.));
#12500 = ( GEOMETRIC_REPRESENTATION_CONTEXT(2) 
PARAMETRIC_REPRESENTATION_CONTEXT() REPRESENTATION_CONTEXT('2D SPACE',''
  ) );
#12501 = PCURVE('',#11673,#12502);
#12502 = DEFINITIONAL_REPRESENTATION('',(#12503),#12507);
#12503 = LINE('',#12504,#12505);
#12504 = CARTESIAN_POINT('',(0.,0.));
#12505 = VECTOR('',#12506,1.);
#12506 = DIRECTION('',(0.,-1.));
#12507 = ( GEOMETRIC_REPRESENTATION_CONTEXT(2) 
PARAMETRIC_REPRESENTATION_CONTEXT() REPRESENTATION_CONTEXT('2D SPACE',''
  ) );
#12508 = ORIENTED_EDGE('',*,*,#11629,.F.);
#12509 = ADVANCED_FACE('',(#12510),#11786,.F.);
#12510 = FACE_BOUND('',#12511,.F.);
#12511 = EDGE_LOOP('',(#12512,#12513,#12536,#12557));
#12512 = ORIENTED_EDGE('',*,*,#11770,.F.);
#12513 = ORIENTED_EDGE('',*,*,#12514,.T.);
#12514 = EDGE_CURVE('',#11743,#12515,#12517,.T.);
#12515 = VERTEX_POINT('',#12516);
#12516 = CARTESIAN_POINT('',(41.,9.369164850722,-8.308504678942));
#12517 = SURFACE_CURVE('',#12518,(#12522,#12529),.PCURVE_S1.);
#12518 = LINE('',#12519,#12520);
#12519 = CARTESIAN_POINT('',(29.,9.369164850722,-8.308504678942));
#12520 = VECTOR('',#12521,1.);
#12521 = DIRECTION('',(1.,0.,0.));
#12522 = PCURVE('',#11786,#12523);
#12523 = DEFINITIONAL_REPRESENTATION('',(#12524),#12528);
#12524 = LINE('',#12525,#12526);
#12525 = CARTESIAN_POINT('',(0.,0.));
#12526 = VECTOR('',#12527,1.);
#12527 = DIRECTION('',(0.,-1.));
#12528 = ( GEOMETRIC_REPRESENTATION_CONTEXT(2) 
PARAMETRIC_REPRESENTATION_CONTEXT() REPRESENTATION_CONTEXT('2D SPACE',''
  ) );
#12529 = PCURVE('',#11758,#12530);
#12530 = DEFINITIONAL_REPRESENTATION('',(#12531),#12535);
#12531 = LINE('',#12532,#12533);
#12532 = CARTESIAN_POINT('',(1.5,0.));
#12533 = VECTOR('',#12534,1.);
#12534 = DIRECTION('',(0.,-1.));
#12535 = ( GEOMETRIC_REPRESENTATION_CONTEXT(2) 
PARAMETRIC_REPRESENTATION_CONTEXT() REPRESENTATION_CONTEXT('2D SPACE',''
  ) );
#12536 = ORIENTED_EDGE('',*,*,#12537,.T.);
#12537 = EDGE_CURVE('',#12515,#12414,#12538,.T.);
#12538 = SURFACE_CURVE('',#12539,(#12543,#12550),.PCURVE_S1.);
#12539 = LINE('',#12540,#12541);
#12540 = CARTESIAN_POINT('',(41.,9.369164850722,-8.308504678942));
#12541 = VECTOR('',#12542,1.);
#12542 = DIRECTION('',(0.,-0.707106781187,0.707106781187));
#12543 = PCURVE('',#11786,#12544);
#12544 = DEFINITIONAL_REPRESENTATION('',(#12545),#12549);
#12545 = LINE('',#12546,#12547);
#12546 = CARTESIAN_POINT('',(0.,-12.));
#12547 = VECTOR('',#12548,1.);
#12548 = DIRECTION('',(1.,0.));
#12549 = ( GEOMETRIC_REPRESENTATION_CONTEXT(2) 
PARAMETRIC_REPRESENTATION_CONTEXT() REPRESENTATION_CONTEXT('2D SPACE',''
  ) );
#12550 = PCURVE('',#11982,#12551);
#12551 = DEFINITIONAL_REPRESENTATION('',(#12552),#12556);
#12552 = LINE('',#12553,#12554);
#12553 = CARTESIAN_POINT('',(-8.308504678942,-9.369164850722));
#12554 = VECTOR('',#12555,1.);
#12555 = DIRECTION('',(0.707106781187,0.707106781187));
#12556 = ( GEOMETRIC_REPRESENTATION_CONTEXT(2) 
PARAMETRIC_REPRESENTATION_CONTEXT() REPRESENTATION_CONTEXT('2D SPACE',''
  ) );
#12557 = ORIENTED_EDGE('',*,*,#12413,.T.);
#12558 = ADVANCED_FACE('',(#12559),#11673,.F.);
#12559 = FACE_BOUND('',#12560,.F.);
#12560 = EDGE_LOOP('',(#12561,#12562,#12563,#12586));
#12561 = ORIENTED_EDGE('',*,*,#11657,.F.);
#12562 = ORIENTED_EDGE('',*,*,#12488,.T.);
#12563 = ORIENTED_EDGE('',*,*,#12564,.T.);
#12564 = EDGE_CURVE('',#12466,#12565,#12567,.T.);
#12565 = VERTEX_POINT('',#12566);
#12566 = CARTESIAN_POINT('',(41.,-2.607145013613,-3.667805185393));
#12567 = SURFACE_CURVE('',#12568,(#12572,#12579),.PCURVE_S1.);
#12568 = LINE('',#12569,#12570);
#12569 = CARTESIAN_POINT('',(41.,-8.308504678942,-9.369164850722));
#12570 = VECTOR('',#12571,1.);
#12571 = DIRECTION('',(0.,0.707106781187,0.707106781187));
#12572 = PCURVE('',#11673,#12573);
#12573 = DEFINITIONAL_REPRESENTATION('',(#12574),#12578);
#12574 = LINE('',#12575,#12576);
#12575 = CARTESIAN_POINT('',(0.,-12.));
#12576 = VECTOR('',#12577,1.);
#12577 = DIRECTION('',(1.,0.));
#12578 = ( GEOMETRIC_REPRESENTATION_CONTEXT(2) 
PARAMETRIC_REPRESENTATION_CONTEXT() REPRESENTATION_CONTEXT('2D SPACE',''
  ) );
#12579 = PCURVE('',#11982,#12580);
#12580 = DEFINITIONAL_REPRESENTATION('',(#12581),#12585);
#12581 = LINE('',#12582,#12583);
#12582 = CARTESIAN_POINT('',(-9.369164850722,8.308504678942));
#12583 = VECTOR('',#12584,1.);
#12584 = DIRECTION('',(0.707106781187,-0.707106781187));
#12585 = ( GEOMETRIC_REPRESENTATION_CONTEXT(2) 
PARAMETRIC_REPRESENTATION_CONTEXT() REPRESENTATION_CONTEXT('2D SPACE',''
  ) );
#12586 = ORIENTED_EDGE('',*,*,#12587,.T.);
#12587 = EDGE_CURVE('',#12565,#11658,#12588,.T.);
#12588 = SURFACE_CURVE('',#12589,(#12593,#12599),.PCURVE_S1.);
#12589 = LINE('',#12590,#12591);
#12590 = CARTESIAN_POINT('',(29.,-2.607145013613,-3.667805185393));
#12591 = VECTOR('',#12592,1.);
#12592 = DIRECTION('',(-1.,-0.,-0.));
#12593 = PCURVE('',#11673,#12594);
#12594 = DEFINITIONAL_REPRESENTATION('',(#12595),#12598);
#12595 = B_SPLINE_CURVE_WITH_KNOTS('',1,(#12596,#12597),.UNSPECIFIED.,
  .F.,.F.,(2,2),(-12.0000006,5.999999999062E-07),
  .PIECEWISE_BEZIER_KNOTS.);
#12596 = CARTESIAN_POINT('',(8.062940162675,-12.0000006));
#12597 = CARTESIAN_POINT('',(8.062940162675,5.999999999062E-07));
#12598 = ( GEOMETRIC_REPRESENTATION_CONTEXT(2) 
PARAMETRIC_REPRESENTATION_CONTEXT() REPRESENTATION_CONTEXT('2D SPACE',''
  ) );
#12599 = PCURVE('',#11702,#12600);
#12600 = DEFINITIONAL_REPRESENTATION('',(#12601),#12604);
#12601 = B_SPLINE_CURVE_WITH_KNOTS('',1,(#12602,#12603),.UNSPECIFIED.,
  .F.,.F.,(2,2),(-12.0000006,5.999999999062E-07),
  .PIECEWISE_BEZIER_KNOTS.);
#12602 = CARTESIAN_POINT('',(-4.094438896207,-12.0000006));
#12603 = CARTESIAN_POINT('',(-4.094438896207,5.999999999062E-07));
#12604 = ( GEOMETRIC_REPRESENTATION_CONTEXT(2) 
PARAMETRIC_REPRESENTATION_CONTEXT() REPRESENTATION_CONTEXT('2D SPACE',''
  ) );
#12605 = ADVANCED_FACE('',(#12606),#11758,.F.);
#12606 = FACE_BOUND('',#12607,.F.);
#12607 = EDGE_LOOP('',(#12608,#12631,#12652,#12653));
#12608 = ORIENTED_EDGE('',*,*,#12609,.T.);
#12609 = EDGE_CURVE('',#11715,#12610,#12612,.T.);
#12610 = VERTEX_POINT('',#12611);
#12611 = CARTESIAN_POINT('',(41.,8.308504678942,-9.369164850722));
#12612 = SURFACE_CURVE('',#12613,(#12617,#12624),.PCURVE_S1.);
#12613 = LINE('',#12614,#12615);
#12614 = CARTESIAN_POINT('',(29.,8.308504678942,-9.369164850722));
#12615 = VECTOR('',#12616,1.);
#12616 = DIRECTION('',(1.,0.,0.));
#12617 = PCURVE('',#11758,#12618);
#12618 = DEFINITIONAL_REPRESENTATION('',(#12619),#12623);
#12619 = LINE('',#12620,#12621);
#12620 = CARTESIAN_POINT('',(0.,0.));
#12621 = VECTOR('',#12622,1.);
#12622 = DIRECTION('',(0.,-1.));
#12623 = ( GEOMETRIC_REPRESENTATION_CONTEXT(2) 
PARAMETRIC_REPRESENTATION_CONTEXT() REPRESENTATION_CONTEXT('2D SPACE',''
  ) );
#12624 = PCURVE('',#11730,#12625);
#12625 = DEFINITIONAL_REPRESENTATION('',(#12626),#12630);
#12626 = LINE('',#12627,#12628);
#12627 = CARTESIAN_POINT('',(12.5,0.));
#12628 = VECTOR('',#12629,1.);
#12629 = DIRECTION('',(0.,-1.));
#12630 = ( GEOMETRIC_REPRESENTATION_CONTEXT(2) 
PARAMETRIC_REPRESENTATION_CONTEXT() REPRESENTATION_CONTEXT('2D SPACE',''
  ) );
#12631 = ORIENTED_EDGE('',*,*,#12632,.T.);
#12632 = EDGE_CURVE('',#12610,#12515,#12633,.T.);
#12633 = SURFACE_CURVE('',#12634,(#12638,#12645),.PCURVE_S1.);
#12634 = LINE('',#12635,#12636);
#12635 = CARTESIAN_POINT('',(41.,8.308504678942,-9.369164850722));
#12636 = VECTOR('',#12637,1.);
#12637 = DIRECTION('',(0.,0.707106781187,0.707106781187));
#12638 = PCURVE('',#11758,#12639);
#12639 = DEFINITIONAL_REPRESENTATION('',(#12640),#12644);
#12640 = LINE('',#12641,#12642);
#12641 = CARTESIAN_POINT('',(0.,-12.));
#12642 = VECTOR('',#12643,1.);
#12643 = DIRECTION('',(1.,0.));
#12644 = ( GEOMETRIC_REPRESENTATION_CONTEXT(2) 
PARAMETRIC_REPRESENTATION_CONTEXT() REPRESENTATION_CONTEXT('2D SPACE',''
  ) );
#12645 = PCURVE('',#11982,#12646);
#12646 = DEFINITIONAL_REPRESENTATION('',(#12647),#12651);
#12647 = LINE('',#12648,#12649);
#12648 = CARTESIAN_POINT('',(-9.369164850722,-8.308504678942));
#12649 = VECTOR('',#12650,1.);
#12650 = DIRECTION('',(0.707106781187,-0.707106781187));
#12651 = ( GEOMETRIC_REPRESENTATION_CONTEXT(2) 
PARAMETRIC_REPRESENTATION_CONTEXT() REPRESENTATION_CONTEXT('2D SPACE',''
  ) );
#12652 = ORIENTED_EDGE('',*,*,#12514,.F.);
#12653 = ORIENTED_EDGE('',*,*,#11742,.F.);
#12654 = ADVANCED_FACE('',(#12655),#11702,.T.);
#12655 = FACE_BOUND('',#12656,.F.);
#12656 = EDGE_LOOP('',(#12657,#12658,#12659,#12687));
#12657 = ORIENTED_EDGE('',*,*,#11685,.F.);
#12658 = ORIENTED_EDGE('',*,*,#12587,.F.);
#12659 = ORIENTED_EDGE('',*,*,#12660,.F.);
#12660 = EDGE_CURVE('',#12661,#12565,#12663,.T.);
#12661 = VERTEX_POINT('',#12662);
#12662 = CARTESIAN_POINT('',(41.,2.607145013613,-3.667805185393));
#12663 = SURFACE_CURVE('',#12664,(#12669,#12676),.PCURVE_S1.);
#12664 = CIRCLE('',#12665,4.5);
#12665 = AXIS2_PLACEMENT_3D('',#12666,#12667,#12668);
#12666 = CARTESIAN_POINT('',(41.,0.,0.));
#12667 = DIRECTION('',(-1.,0.,0.));
#12668 = DIRECTION('',(0.,-0.579365558581,0.815067818976));
#12669 = PCURVE('',#11702,#12670);
#12670 = DEFINITIONAL_REPRESENTATION('',(#12671),#12675);
#12671 = LINE('',#12672,#12673);
#12672 = CARTESIAN_POINT('',(-8.471931718152,-12.));
#12673 = VECTOR('',#12674,1.);
#12674 = DIRECTION('',(1.,-0.));
#12675 = ( GEOMETRIC_REPRESENTATION_CONTEXT(2) 
PARAMETRIC_REPRESENTATION_CONTEXT() REPRESENTATION_CONTEXT('2D SPACE',''
  ) );
#12676 = PCURVE('',#11982,#12677);
#12677 = DEFINITIONAL_REPRESENTATION('',(#12678),#12686);
#12678 = ( BOUNDED_CURVE() B_SPLINE_CURVE(2,(#12679,#12680,#12681,#12682
    ,#12683,#12684,#12685),.UNSPECIFIED.,.T.,.F.) 
B_SPLINE_CURVE_WITH_KNOTS((1,2,2,2,2,1),(-2.094395102393,0.,
    2.094395102393,4.188790204786,6.28318530718,8.377580409573),
.UNSPECIFIED.) CURVE() GEOMETRIC_REPRESENTATION_ITEM() 
RATIONAL_B_SPLINE_CURVE((1.,0.5,1.,0.5,1.,0.5,1.)) REPRESENTATION_ITEM(
  '') );
#12679 = CARTESIAN_POINT('',(3.667805185393,2.607145013613));
#12680 = CARTESIAN_POINT('',(8.18351281167,-3.745679919752));
#12681 = CARTESIAN_POINT('',(0.423951220442,-4.479984973489));
#12682 = CARTESIAN_POINT('',(-7.335610370785,-5.214290027226));
#12683 = CARTESIAN_POINT('',(-4.091756405835,1.872839959876));
#12684 = CARTESIAN_POINT('',(-0.847902440885,8.959969946978));
#12685 = CARTESIAN_POINT('',(3.667805185393,2.607145013613));
#12686 = ( GEOMETRIC_REPRESENTATION_CONTEXT(2) 
PARAMETRIC_REPRESENTATION_CONTEXT() REPRESENTATION_CONTEXT('2D SPACE',''
  ) );
#12687 = ORIENTED_EDGE('',*,*,#12688,.T.);
#12688 = EDGE_CURVE('',#12661,#11686,#12689,.T.);
#12689 = SURFACE_CURVE('',#12690,(#12694,#12700),.PCURVE_S1.);
#12690 = LINE('',#12691,#12692);
#12691 = CARTESIAN_POINT('',(29.,2.607145013613,-3.667805185393));
#12692 = VECTOR('',#12693,1.);
#12693 = DIRECTION('',(-1.,-0.,-0.));
#12694 = PCURVE('',#11702,#12695);
#12695 = DEFINITIONAL_REPRESENTATION('',(#12696),#12699);
#12696 = B_SPLINE_CURVE_WITH_KNOTS('',1,(#12697,#12698),.UNSPECIFIED.,
  .F.,.F.,(2,2),(-12.0000006,5.999999999062E-07),
  .PIECEWISE_BEZIER_KNOTS.);
#12697 = CARTESIAN_POINT('',(-5.330339064562,-12.0000006));
#12698 = CARTESIAN_POINT('',(-5.330339064562,5.999999999062E-07));
#12699 = ( GEOMETRIC_REPRESENTATION_CONTEXT(2) 
PARAMETRIC_REPRESENTATION_CONTEXT() REPRESENTATION_CONTEXT('2D SPACE',''
  ) );
#12700 = PCURVE('',#11730,#12701);
#12701 = DEFINITIONAL_REPRESENTATION('',(#12702),#12705);
#12702 = B_SPLINE_CURVE_WITH_KNOTS('',1,(#12703,#12704),.UNSPECIFIED.,
  .F.,.F.,(2,2),(-12.0000006,5.999999999062E-07),
  .PIECEWISE_BEZIER_KNOTS.);
#12703 = CARTESIAN_POINT('',(4.437059837325,-12.0000006));
#12704 = CARTESIAN_POINT('',(4.437059837325,5.999999999062E-07));
#12705 = ( GEOMETRIC_REPRESENTATION_CONTEXT(2) 
PARAMETRIC_REPRESENTATION_CONTEXT() REPRESENTATION_CONTEXT('2D SPACE',''
  ) );
#12706 = ADVANCED_FACE('',(#12707),#11730,.F.);
#12707 = FACE_BOUND('',#12708,.F.);
#12708 = EDGE_LOOP('',(#12709,#12710,#12711,#12732));
#12709 = ORIENTED_EDGE('',*,*,#11714,.F.);
#12710 = ORIENTED_EDGE('',*,*,#12688,.F.);
#12711 = ORIENTED_EDGE('',*,*,#12712,.T.);
#12712 = EDGE_CURVE('',#12661,#12610,#12713,.T.);
#12713 = SURFACE_CURVE('',#12714,(#12718,#12725),.PCURVE_S1.);
#12714 = LINE('',#12715,#12716);
#12715 = CARTESIAN_POINT('',(41.,-0.53033008589,-0.53033008589));
#12716 = VECTOR('',#12717,1.);
#12717 = DIRECTION('',(0.,0.707106781187,-0.707106781187));
#12718 = PCURVE('',#11730,#12719);
#12719 = DEFINITIONAL_REPRESENTATION('',(#12720),#12724);
#12720 = LINE('',#12721,#12722);
#12721 = CARTESIAN_POINT('',(0.,-12.));
#12722 = VECTOR('',#12723,1.);
#12723 = DIRECTION('',(1.,0.));
#12724 = ( GEOMETRIC_REPRESENTATION_CONTEXT(2) 
PARAMETRIC_REPRESENTATION_CONTEXT() REPRESENTATION_CONTEXT('2D SPACE',''
  ) );
#12725 = PCURVE('',#11982,#12726);
#12726 = DEFINITIONAL_REPRESENTATION('',(#12727),#12731);
#12727 = LINE('',#12728,#12729);
#12728 = CARTESIAN_POINT('',(-0.53033008589,0.53033008589));
#12729 = VECTOR('',#12730,1.);
#12730 = DIRECTION('',(-0.707106781187,-0.707106781187));
#12731 = ( GEOMETRIC_REPRESENTATION_CONTEXT(2) 
PARAMETRIC_REPRESENTATION_CONTEXT() REPRESENTATION_CONTEXT('2D SPACE',''
  ) );
#12732 = ORIENTED_EDGE('',*,*,#12609,.F.);
#12733 = ADVANCED_FACE('',(#12734),#11982,.T.);
#12734 = FACE_BOUND('',#12735,.T.);
#12735 = EDGE_LOOP('',(#12736,#12737,#12738,#12739,#12740,#12741,#12742,
    #12743,#12744,#12745,#12746,#12747,#12748,#12749,#12750,#12751));
#12736 = ORIENTED_EDGE('',*,*,#12040,.F.);
#12737 = ORIENTED_EDGE('',*,*,#11966,.T.);
#12738 = ORIENTED_EDGE('',*,*,#12071,.T.);
#12739 = ORIENTED_EDGE('',*,*,#12170,.T.);
#12740 = ORIENTED_EDGE('',*,*,#12266,.F.);
#12741 = ORIENTED_EDGE('',*,*,#12365,.T.);
#12742 = ORIENTED_EDGE('',*,*,#12465,.T.);
#12743 = ORIENTED_EDGE('',*,*,#12564,.T.);
#12744 = ORIENTED_EDGE('',*,*,#12660,.F.);
#12745 = ORIENTED_EDGE('',*,*,#12712,.T.);
#12746 = ORIENTED_EDGE('',*,*,#12632,.T.);
#12747 = ORIENTED_EDGE('',*,*,#12537,.T.);
#12748 = ORIENTED_EDGE('',*,*,#12434,.F.);
#12749 = ORIENTED_EDGE('',*,*,#12338,.T.);
#12750 = ORIENTED_EDGE('',*,*,#12238,.T.);
#12751 = ORIENTED_EDGE('',*,*,#12143,.T.);
#12752 = ( GEOMETRIC_REPRESENTATION_CONTEXT(3) 
GLOBAL_UNCERTAINTY_ASSIGNED_CONTEXT((#12756)) 
GLOBAL_UNIT_ASSIGNED_CONTEXT((#12753,#12754,#12755)) 
REPRESENTATION_CONTEXT('Context #1',
  '3D Context with UNIT and UNCERTAINTY') );
#12753 = ( LENGTH_UNIT() NAMED_UNIT(*) SI_UNIT(.MILLI.,.METRE.) );
#12754 = ( NAMED_UNIT(*) PLANE_ANGLE_UNIT() SI_UNIT($,.RADIAN.) );
#12755 = ( NAMED_UNIT(*) SI_UNIT($,.STERADIAN.) SOLID_ANGLE_UNIT() );
#12756 = UNCERTAINTY_MEASURE_WITH_UNIT(LENGTH_MEASURE(1.E-07),#12753,
  'distance_accuracy_value','confusion accuracy');
#12757 = CONTEXT_DEPENDENT_SHAPE_REPRESENTATION(#12758,#12760);
#12758 = ( REPRESENTATION_RELATIONSHIP('','',#7009,#10) 
REPRESENTATION_RELATIONSHIP_WITH_TRANSFORMATION(#12759) 
SHAPE_REPRESENTATION_RELATIONSHIP() );
#12759 = ITEM_DEFINED_TRANSFORMATION('','',#11,#19);
#12760 = PRODUCT_DEFINITION_SHAPE('Placement','Placement of an item',
  #12761);
#12761 = NEXT_ASSEMBLY_USAGE_OCCURRENCE('2','rotor_retificadores','',#5,
  #7004,$);
#12762 = PRODUCT_RELATED_PRODUCT_CATEGORY('part',$,(#7006));
#12763 = SHAPE_DEFINITION_REPRESENTATION(#12764,#12770);
#12764 = PRODUCT_DEFINITION_SHAPE('','',#12765);
#12765 = PRODUCT_DEFINITION('design','',#12766,#12769);
#12766 = PRODUCT_DEFINITION_FORMATION('','',#12767);
#12767 = PRODUCT('sensor_cabecote','sensor_cabecote','',(#12768));
#12768 = PRODUCT_CONTEXT('',#2,'mechanical');
#12769 = PRODUCT_DEFINITION_CONTEXT('part definition',#2,'design');
#12770 = ADVANCED_BREP_SHAPE_REPRESENTATION('',(#11,#12771),#14437);
#12771 = MANIFOLD_SOLID_BREP('',#12772);
#12772 = CLOSED_SHELL('',(#12773,#13125,#13160,#13237,#13286,#13335,
    #13385,#13439,#13488,#13515,#13570,#13610,#13649,#13684,#13739,
    #13794,#13853,#13857,#13861,#14035,#14111,#14160,#14209,#14258,
    #14307,#14334,#14378,#14433));
#12773 = ADVANCED_FACE('',(#12774),#12787,.T.);
#12774 = FACE_BOUND('',#12775,.F.);
#12775 = EDGE_LOOP('',(#12776,#12810,#12833,#12866,#12898,#12930,#12959,
    #12982,#13009,#13010,#13034,#13066,#13098,#13124));
#12776 = ORIENTED_EDGE('',*,*,#12777,.F.);
#12777 = EDGE_CURVE('',#12778,#12778,#12780,.T.);
#12778 = VERTEX_POINT('',#12779);
#12779 = CARTESIAN_POINT('',(40.,0.,78.));
#12780 = SURFACE_CURVE('',#12781,(#12786,#12798),.PCURVE_S1.);
#12781 = CIRCLE('',#12782,40.);
#12782 = AXIS2_PLACEMENT_3D('',#12783,#12784,#12785);
#12783 = CARTESIAN_POINT('',(0.,0.,78.));
#12784 = DIRECTION('',(0.,0.,1.));
#12785 = DIRECTION('',(1.,0.,0.));
#12786 = PCURVE('',#12787,#12792);
#12787 = CYLINDRICAL_SURFACE('',#12788,40.);
#12788 = AXIS2_PLACEMENT_3D('',#12789,#12790,#12791);
#12789 = CARTESIAN_POINT('',(0.,0.,78.));
#12790 = DIRECTION('',(-0.,-0.,-1.));
#12791 = DIRECTION('',(1.,0.,0.));
#12792 = DEFINITIONAL_REPRESENTATION('',(#12793),#12797);
#12793 = LINE('',#12794,#12795);
#12794 = CARTESIAN_POINT('',(-0.,0.));
#12795 = VECTOR('',#12796,1.);
#12796 = DIRECTION('',(-1.,0.));
#12797 = ( GEOMETRIC_REPRESENTATION_CONTEXT(2) 
PARAMETRIC_REPRESENTATION_CONTEXT() REPRESENTATION_CONTEXT('2D SPACE',''
  ) );
#12798 = PCURVE('',#12799,#12804);
#12799 = PLANE('',#12800);
#12800 = AXIS2_PLACEMENT_3D('',#12801,#12802,#12803);
#12801 = CARTESIAN_POINT('',(-2.187904212063E-15,2.742946025263E-15,78.)
  );
#12802 = DIRECTION('',(0.,0.,1.));
#12803 = DIRECTION('',(1.,0.,-0.));
#12804 = DEFINITIONAL_REPRESENTATION('',(#12805),#12809);
#12805 = CIRCLE('',#12806,40.);
#12806 = AXIS2_PLACEMENT_2D('',#12807,#12808);
#12807 = CARTESIAN_POINT('',(2.187904212063E-15,-2.742946025263E-15));
#12808 = DIRECTION('',(1.,0.));
#12809 = ( GEOMETRIC_REPRESENTATION_CONTEXT(2) 
PARAMETRIC_REPRESENTATION_CONTEXT() REPRESENTATION_CONTEXT('2D SPACE',''
  ) );
#12810 = ORIENTED_EDGE('',*,*,#12811,.T.);
#12811 = EDGE_CURVE('',#12778,#12812,#12814,.T.);
#12812 = VERTEX_POINT('',#12813);
#12813 = CARTESIAN_POINT('',(40.,0.,89.5));
#12814 = SEAM_CURVE('',#12815,(#12819,#12826),.PCURVE_S1.);
#12815 = LINE('',#12816,#12817);
#12816 = CARTESIAN_POINT('',(40.,0.,78.));
#12817 = VECTOR('',#12818,1.);
#12818 = DIRECTION('',(0.,0.,1.));
#12819 = PCURVE('',#12787,#12820);
#12820 = DEFINITIONAL_REPRESENTATION('',(#12821),#12825);
#12821 = LINE('',#12822,#12823);
#12822 = CARTESIAN_POINT('',(-6.28318530718,0.));
#12823 = VECTOR('',#12824,1.);
#12824 = DIRECTION('',(-0.,-1.));
#12825 = ( GEOMETRIC_REPRESENTATION_CONTEXT(2) 
PARAMETRIC_REPRESENTATION_CONTEXT() REPRESENTATION_CONTEXT('2D SPACE',''
  ) );
#12826 = PCURVE('',#12787,#12827);
#12827 = DEFINITIONAL_REPRESENTATION('',(#12828),#12832);
#12828 = LINE('',#12829,#12830);
#12829 = CARTESIAN_POINT('',(-0.,0.));
#12830 = VECTOR('',#12831,1.);
#12831 = DIRECTION('',(-0.,-1.));
#12832 = ( GEOMETRIC_REPRESENTATION_CONTEXT(2) 
PARAMETRIC_REPRESENTATION_CONTEXT() REPRESENTATION_CONTEXT('2D SPACE',''
  ) );
#12833 = ORIENTED_EDGE('',*,*,#12834,.F.);
#12834 = EDGE_CURVE('',#12835,#12812,#12837,.T.);
#12835 = VERTEX_POINT('',#12836);
#12836 = CARTESIAN_POINT('',(39.492615343462,6.350852961086,89.5));
#12837 = SURFACE_CURVE('',#12838,(#12843,#12850),.PCURVE_S1.);
#12838 = CIRCLE('',#12839,40.);
#12839 = AXIS2_PLACEMENT_3D('',#12840,#12841,#12842);
#12840 = CARTESIAN_POINT('',(0.,0.,89.5));
#12841 = DIRECTION('',(0.,0.,-1.));
#12842 = DIRECTION('',(1.,0.,0.));
#12843 = PCURVE('',#12787,#12844);
#12844 = DEFINITIONAL_REPRESENTATION('',(#12845),#12849);
#12845 = LINE('',#12846,#12847);
#12846 = CARTESIAN_POINT('',(-6.28318530718,-11.5));
#12847 = VECTOR('',#12848,1.);
#12848 = DIRECTION('',(1.,-0.));
#12849 = ( GEOMETRIC_REPRESENTATION_CONTEXT(2) 
PARAMETRIC_REPRESENTATION_CONTEXT() REPRESENTATION_CONTEXT('2D SPACE',''
  ) );
#12850 = PCURVE('',#12851,#12856);
#12851 = PLANE('',#12852);
#12852 = AXIS2_PLACEMENT_3D('',#12853,#12854,#12855);
#12853 = CARTESIAN_POINT('',(37.,-6.350852961086,89.5));
#12854 = DIRECTION('',(-0.,6.992591586849E-16,1.));
#12855 = DIRECTION('',(0.,1.,-6.992591586849E-16));
#12856 = DEFINITIONAL_REPRESENTATION('',(#12857),#12865);
#12857 = ( BOUNDED_CURVE() B_SPLINE_CURVE(2,(#12858,#12859,#12860,#12861
    ,#12862,#12863,#12864),.UNSPECIFIED.,.T.,.F.) 
B_SPLINE_CURVE_WITH_KNOTS((1,2,2,2,2,1),(-2.094395102393,0.,
    2.094395102393,4.188790204786,6.28318530718,8.377580409573),
.UNSPECIFIED.) CURVE() GEOMETRIC_REPRESENTATION_ITEM() 
RATIONAL_B_SPLINE_CURVE((1.,0.5,1.,0.5,1.,0.5,1.)) REPRESENTATION_ITEM(
  '') );
#12858 = CARTESIAN_POINT('',(6.350852961086,-3.));
#12859 = CARTESIAN_POINT('',(-62.93117934166,-3.));
#12860 = CARTESIAN_POINT('',(-28.29016319029,57.));
#12861 = CARTESIAN_POINT('',(6.350852961086,117.));
#12862 = CARTESIAN_POINT('',(40.991869112463,57.));
#12863 = CARTESIAN_POINT('',(75.632885263841,-3.));
#12864 = CARTESIAN_POINT('',(6.350852961086,-3.));
#12865 = ( GEOMETRIC_REPRESENTATION_CONTEXT(2) 
PARAMETRIC_REPRESENTATION_CONTEXT() REPRESENTATION_CONTEXT('2D SPACE',''
  ) );
#12866 = ORIENTED_EDGE('',*,*,#12867,.T.);
#12867 = EDGE_CURVE('',#12835,#12868,#12870,.T.);
#12868 = VERTEX_POINT('',#12869);
#12869 = CARTESIAN_POINT('',(37.929759644198,12.701705922172,100.5));
#12870 = SURFACE_CURVE('',#12871,(#12876,#12886),.PCURVE_S1.);
#12871 = ELLIPSE('',#12872,80.,40.);
#12872 = AXIS2_PLACEMENT_3D('',#12873,#12874,#12875);
#12873 = CARTESIAN_POINT('',(0.,0.,78.5));
#12874 = DIRECTION('',(0.,-0.866025403784,0.5));
#12875 = DIRECTION('',(0.,-0.5,-0.866025403784));
#12876 = PCURVE('',#12787,#12877);
#12877 = DEFINITIONAL_REPRESENTATION('',(#12878),#12885);
#12878 = B_SPLINE_CURVE_WITH_KNOTS('',5,(#12879,#12880,#12881,#12882,
    #12883,#12884),.UNSPECIFIED.,.F.,.F.,(6,6),(1.714181328504,
    1.910724928756),.PIECEWISE_BEZIER_KNOTS.);
#12879 = CARTESIAN_POINT('',(-0.143385001709,-10.4));
#12880 = CARTESIAN_POINT('',(-0.18269372176,-13.09544052385));
#12881 = CARTESIAN_POINT('',(-0.22200244181,-15.77175952898));
#12882 = CARTESIAN_POINT('',(-0.261311161861,-18.42027990286));
#12883 = CARTESIAN_POINT('',(-0.300619881911,-21.03244840713));
#12884 = CARTESIAN_POINT('',(-0.339928601962,-23.6));
#12885 = ( GEOMETRIC_REPRESENTATION_CONTEXT(2) 
PARAMETRIC_REPRESENTATION_CONTEXT() REPRESENTATION_CONTEXT('2D SPACE',''
  ) );
#12886 = PCURVE('',#12887,#12892);
#12887 = PLANE('',#12888);
#12888 = AXIS2_PLACEMENT_3D('',#12889,#12890,#12891);
#12889 = CARTESIAN_POINT('',(37.,6.350852961086,89.5));
#12890 = DIRECTION('',(0.,-0.866025403784,0.5));
#12891 = DIRECTION('',(0.,0.5,0.866025403784));
#12892 = DEFINITIONAL_REPRESENTATION('',(#12893),#12897);
#12893 = ELLIPSE('',#12894,80.,40.);
#12894 = AXIS2_PLACEMENT_2D('',#12895,#12896);
#12895 = CARTESIAN_POINT('',(-12.70170592217,37.));
#12896 = DIRECTION('',(-1.,-0.));
#12897 = ( GEOMETRIC_REPRESENTATION_CONTEXT(2) 
PARAMETRIC_REPRESENTATION_CONTEXT() REPRESENTATION_CONTEXT('2D SPACE',''
  ) );
#12898 = ORIENTED_EDGE('',*,*,#12899,.T.);
#12899 = EDGE_CURVE('',#12868,#12900,#12902,.T.);
#12900 = VERTEX_POINT('',#12901);
#12901 = CARTESIAN_POINT('',(39.492615343462,6.350852961086,111.5));
#12902 = SURFACE_CURVE('',#12903,(#12908,#12918),.PCURVE_S1.);
#12903 = ELLIPSE('',#12904,80.,40.);
#12904 = AXIS2_PLACEMENT_3D('',#12905,#12906,#12907);
#12905 = CARTESIAN_POINT('',(0.,0.,122.5));
#12906 = DIRECTION('',(0.,-0.866025403784,-0.5));
#12907 = DIRECTION('',(-0.,0.5,-0.866025403784));
#12908 = PCURVE('',#12787,#12909);
#12909 = DEFINITIONAL_REPRESENTATION('',(#12910),#12917);
#12910 = B_SPLINE_CURVE_WITH_KNOTS('',5,(#12911,#12912,#12913,#12914,
    #12915,#12916),.UNSPECIFIED.,.F.,.F.,(6,6),(1.230867724833,
    1.427411325086),.PIECEWISE_BEZIER_KNOTS.);
#12911 = CARTESIAN_POINT('',(-0.339928601962,-21.4));
#12912 = CARTESIAN_POINT('',(-0.300619881911,-23.96755159286));
#12913 = CARTESIAN_POINT('',(-0.261311161861,-26.57972009713));
#12914 = CARTESIAN_POINT('',(-0.22200244181,-29.22824047102));
#12915 = CARTESIAN_POINT('',(-0.18269372176,-31.90455947614));
#12916 = CARTESIAN_POINT('',(-0.143385001709,-34.6));
#12917 = ( GEOMETRIC_REPRESENTATION_CONTEXT(2) 
PARAMETRIC_REPRESENTATION_CONTEXT() REPRESENTATION_CONTEXT('2D SPACE',''
  ) );
#12918 = PCURVE('',#12919,#12924);
#12919 = PLANE('',#12920);
#12920 = AXIS2_PLACEMENT_3D('',#12921,#12922,#12923);
#12921 = CARTESIAN_POINT('',(37.,12.701705922172,100.5));
#12922 = DIRECTION('',(0.,-0.866025403784,-0.5));
#12923 = DIRECTION('',(0.,-0.5,0.866025403784));
#12924 = DEFINITIONAL_REPRESENTATION('',(#12925),#12929);
#12925 = ELLIPSE('',#12926,80.,40.);
#12926 = AXIS2_PLACEMENT_2D('',#12927,#12928);
#12927 = CARTESIAN_POINT('',(25.403411844344,37.));
#12928 = DIRECTION('',(-1.,0.));
#12929 = ( GEOMETRIC_REPRESENTATION_CONTEXT(2) 
PARAMETRIC_REPRESENTATION_CONTEXT() REPRESENTATION_CONTEXT('2D SPACE',''
  ) );
#12930 = ORIENTED_EDGE('',*,*,#12931,.T.);
#12931 = EDGE_CURVE('',#12900,#12932,#12934,.T.);
#12932 = VERTEX_POINT('',#12933);
#12933 = CARTESIAN_POINT('',(40.,0.,111.5));
#12934 = SURFACE_CURVE('',#12935,(#12940,#12947),.PCURVE_S1.);
#12935 = CIRCLE('',#12936,40.);
#12936 = AXIS2_PLACEMENT_3D('',#12937,#12938,#12939);
#12937 = CARTESIAN_POINT('',(0.,0.,111.5));
#12938 = DIRECTION('',(0.,0.,-1.));
#12939 = DIRECTION('',(1.,0.,0.));
#12940 = PCURVE('',#12787,#12941);
#12941 = DEFINITIONAL_REPRESENTATION('',(#12942),#12946);
#12942 = LINE('',#12943,#12944);
#12943 = CARTESIAN_POINT('',(-6.28318530718,-33.5));
#12944 = VECTOR('',#12945,1.);
#12945 = DIRECTION('',(1.,-0.));
#12946 = ( GEOMETRIC_REPRESENTATION_CONTEXT(2) 
PARAMETRIC_REPRESENTATION_CONTEXT() REPRESENTATION_CONTEXT('2D SPACE',''
  ) );
#12947 = PCURVE('',#12948,#12953);
#12948 = PLANE('',#12949);
#12949 = AXIS2_PLACEMENT_3D('',#12950,#12951,#12952);
#12950 = CARTESIAN_POINT('',(37.,6.350852961086,111.5));
#12951 = DIRECTION('',(0.,-1.39851831737E-16,-1.));
#12952 = DIRECTION('',(0.,-1.,1.39851831737E-16));
#12953 = DEFINITIONAL_REPRESENTATION('',(#12954),#12958);
#12954 = CIRCLE('',#12955,40.);
#12955 = AXIS2_PLACEMENT_2D('',#12956,#12957);
#12956 = CARTESIAN_POINT('',(6.350852961086,37.));
#12957 = DIRECTION('',(0.,-1.));
#12958 = ( GEOMETRIC_REPRESENTATION_CONTEXT(2) 
PARAMETRIC_REPRESENTATION_CONTEXT() REPRESENTATION_CONTEXT('2D SPACE',''
  ) );
#12959 = ORIENTED_EDGE('',*,*,#12960,.T.);
#12960 = EDGE_CURVE('',#12932,#12961,#12963,.T.);
#12961 = VERTEX_POINT('',#12962);
#12962 = CARTESIAN_POINT('',(40.,0.,119.));
#12963 = SEAM_CURVE('',#12964,(#12968,#12975),.PCURVE_S1.);
#12964 = LINE('',#12965,#12966);
#12965 = CARTESIAN_POINT('',(40.,0.,78.));
#12966 = VECTOR('',#12967,1.);
#12967 = DIRECTION('',(0.,0.,1.));
#12968 = PCURVE('',#12787,#12969);
#12969 = DEFINITIONAL_REPRESENTATION('',(#12970),#12974);
#12970 = LINE('',#12971,#12972);
#12971 = CARTESIAN_POINT('',(-6.28318530718,0.));
#12972 = VECTOR('',#12973,1.);
#12973 = DIRECTION('',(-0.,-1.));
#12974 = ( GEOMETRIC_REPRESENTATION_CONTEXT(2) 
PARAMETRIC_REPRESENTATION_CONTEXT() REPRESENTATION_CONTEXT('2D SPACE',''
  ) );
#12975 = PCURVE('',#12787,#12976);
#12976 = DEFINITIONAL_REPRESENTATION('',(#12977),#12981);
#12977 = LINE('',#12978,#12979);
#12978 = CARTESIAN_POINT('',(-0.,0.));
#12979 = VECTOR('',#12980,1.);
#12980 = DIRECTION('',(-0.,-1.));
#12981 = ( GEOMETRIC_REPRESENTATION_CONTEXT(2) 
PARAMETRIC_REPRESENTATION_CONTEXT() REPRESENTATION_CONTEXT('2D SPACE',''
  ) );
#12982 = ORIENTED_EDGE('',*,*,#12983,.T.);
#12983 = EDGE_CURVE('',#12961,#12961,#12984,.T.);
#12984 = SURFACE_CURVE('',#12985,(#12990,#12997),.PCURVE_S1.);
#12985 = CIRCLE('',#12986,40.);
#12986 = AXIS2_PLACEMENT_3D('',#12987,#12988,#12989);
#12987 = CARTESIAN_POINT('',(0.,0.,119.));
#12988 = DIRECTION('',(0.,0.,1.));
#12989 = DIRECTION('',(1.,0.,-0.));
#12990 = PCURVE('',#12787,#12991);
#12991 = DEFINITIONAL_REPRESENTATION('',(#12992),#12996);
#12992 = LINE('',#12993,#12994);
#12993 = CARTESIAN_POINT('',(-0.,-41.));
#12994 = VECTOR('',#12995,1.);
#12995 = DIRECTION('',(-1.,0.));
#12996 = ( GEOMETRIC_REPRESENTATION_CONTEXT(2) 
PARAMETRIC_REPRESENTATION_CONTEXT() REPRESENTATION_CONTEXT('2D SPACE',''
  ) );
#12997 = PCURVE('',#12998,#13003);
#12998 = TOROIDAL_SURFACE('',#12999,36.,4.);
#12999 = AXIS2_PLACEMENT_3D('',#13000,#13001,#13002);
#13000 = CARTESIAN_POINT('',(0.,0.,119.));
#13001 = DIRECTION('',(0.,0.,1.));
#13002 = DIRECTION('',(1.,0.,-0.));
#13003 = DEFINITIONAL_REPRESENTATION('',(#13004),#13008);
#13004 = LINE('',#13005,#13006);
#13005 = CARTESIAN_POINT('',(0.,0.));
#13006 = VECTOR('',#13007,1.);
#13007 = DIRECTION('',(1.,0.));
#13008 = ( GEOMETRIC_REPRESENTATION_CONTEXT(2) 
PARAMETRIC_REPRESENTATION_CONTEXT() REPRESENTATION_CONTEXT('2D SPACE',''
  ) );
#13009 = ORIENTED_EDGE('',*,*,#12960,.F.);
#13010 = ORIENTED_EDGE('',*,*,#13011,.T.);
#13011 = EDGE_CURVE('',#12932,#13012,#13014,.T.);
#13012 = VERTEX_POINT('',#13013);
#13013 = CARTESIAN_POINT('',(39.492615343462,-6.350852961086,111.5));
#13014 = SURFACE_CURVE('',#13015,(#13020,#13027),.PCURVE_S1.);
#13015 = CIRCLE('',#13016,40.);
#13016 = AXIS2_PLACEMENT_3D('',#13017,#13018,#13019);
#13017 = CARTESIAN_POINT('',(0.,0.,111.5));
#13018 = DIRECTION('',(0.,0.,-1.));
#13019 = DIRECTION('',(1.,0.,0.));
#13020 = PCURVE('',#12787,#13021);
#13021 = DEFINITIONAL_REPRESENTATION('',(#13022),#13026);
#13022 = LINE('',#13023,#13024);
#13023 = CARTESIAN_POINT('',(-6.28318530718,-33.5));
#13024 = VECTOR('',#13025,1.);
#13025 = DIRECTION('',(1.,-0.));
#13026 = ( GEOMETRIC_REPRESENTATION_CONTEXT(2) 
PARAMETRIC_REPRESENTATION_CONTEXT() REPRESENTATION_CONTEXT('2D SPACE',''
  ) );
#13027 = PCURVE('',#12948,#13028);
#13028 = DEFINITIONAL_REPRESENTATION('',(#13029),#13033);
#13029 = CIRCLE('',#13030,40.);
#13030 = AXIS2_PLACEMENT_2D('',#13031,#13032);
#13031 = CARTESIAN_POINT('',(6.350852961086,37.));
#13032 = DIRECTION('',(0.,-1.));
#13033 = ( GEOMETRIC_REPRESENTATION_CONTEXT(2) 
PARAMETRIC_REPRESENTATION_CONTEXT() REPRESENTATION_CONTEXT('2D SPACE',''
  ) );
#13034 = ORIENTED_EDGE('',*,*,#13035,.T.);
#13035 = EDGE_CURVE('',#13012,#13036,#13038,.T.);
#13036 = VERTEX_POINT('',#13037);
#13037 = CARTESIAN_POINT('',(37.929759644198,-12.70170592217,100.5));
#13038 = SURFACE_CURVE('',#13039,(#13044,#13054),.PCURVE_S1.);
#13039 = ELLIPSE('',#13040,80.,40.);
#13040 = AXIS2_PLACEMENT_3D('',#13041,#13042,#13043);
#13041 = CARTESIAN_POINT('',(0.,0.,122.5));
#13042 = DIRECTION('',(0.,0.866025403784,-0.5));
#13043 = DIRECTION('',(0.,-0.5,-0.866025403784));
#13044 = PCURVE('',#12787,#13045);
#13045 = DEFINITIONAL_REPRESENTATION('',(#13046),#13053);
#13046 = B_SPLINE_CURVE_WITH_KNOTS('',5,(#13047,#13048,#13049,#13050,
    #13051,#13052),.UNSPECIFIED.,.F.,.F.,(6,6),(4.855773982094,
    5.052317582346),.PIECEWISE_BEZIER_KNOTS.);
#13047 = CARTESIAN_POINT('',(-6.13980030547,-34.6));
#13048 = CARTESIAN_POINT('',(-6.10049158542,-31.90455947614));
#13049 = CARTESIAN_POINT('',(-6.06118286537,-29.22824047102));
#13050 = CARTESIAN_POINT('',(-6.021874145319,-26.57972009713));
#13051 = CARTESIAN_POINT('',(-5.982565425269,-23.96755159286));
#13052 = CARTESIAN_POINT('',(-5.943256705218,-21.4));
#13053 = ( GEOMETRIC_REPRESENTATION_CONTEXT(2) 
PARAMETRIC_REPRESENTATION_CONTEXT() REPRESENTATION_CONTEXT('2D SPACE',''
  ) );
#13054 = PCURVE('',#13055,#13060);
#13055 = PLANE('',#13056);
#13056 = AXIS2_PLACEMENT_3D('',#13057,#13058,#13059);
#13057 = CARTESIAN_POINT('',(37.,-6.350852961086,111.5));
#13058 = DIRECTION('',(0.,0.866025403784,-0.5));
#13059 = DIRECTION('',(0.,-0.5,-0.866025403784));
#13060 = DEFINITIONAL_REPRESENTATION('',(#13061),#13065);
#13061 = ELLIPSE('',#13062,80.,40.);
#13062 = AXIS2_PLACEMENT_2D('',#13063,#13064);
#13063 = CARTESIAN_POINT('',(-12.70170592217,37.));
#13064 = DIRECTION('',(1.,0.));
#13065 = ( GEOMETRIC_REPRESENTATION_CONTEXT(2) 
PARAMETRIC_REPRESENTATION_CONTEXT() REPRESENTATION_CONTEXT('2D SPACE',''
  ) );
#13066 = ORIENTED_EDGE('',*,*,#13067,.T.);
#13067 = EDGE_CURVE('',#13036,#13068,#13070,.T.);
#13068 = VERTEX_POINT('',#13069);
#13069 = CARTESIAN_POINT('',(39.492615343462,-6.350852961086,89.5));
#13070 = SURFACE_CURVE('',#13071,(#13076,#13086),.PCURVE_S1.);
#13071 = ELLIPSE('',#13072,80.,40.);
#13072 = AXIS2_PLACEMENT_3D('',#13073,#13074,#13075);
#13073 = CARTESIAN_POINT('',(0.,0.,78.5));
#13074 = DIRECTION('',(0.,0.866025403784,0.5));
#13075 = DIRECTION('',(0.,0.5,-0.866025403784));
#13076 = PCURVE('',#12787,#13077);
#13077 = DEFINITIONAL_REPRESENTATION('',(#13078),#13085);
#13078 = B_SPLINE_CURVE_WITH_KNOTS('',5,(#13079,#13080,#13081,#13082,
    #13083,#13084),.UNSPECIFIED.,.F.,.F.,(6,6),(4.372460378423,
    4.569003978676),.PIECEWISE_BEZIER_KNOTS.);
#13079 = CARTESIAN_POINT('',(-5.943256705218,-23.6));
#13080 = CARTESIAN_POINT('',(-5.982565425269,-21.03244840713));
#13081 = CARTESIAN_POINT('',(-6.021874145319,-18.42027990286));
#13082 = CARTESIAN_POINT('',(-6.06118286537,-15.77175952898));
#13083 = CARTESIAN_POINT('',(-6.10049158542,-13.09544052385));
#13084 = CARTESIAN_POINT('',(-6.13980030547,-10.4));
#13085 = ( GEOMETRIC_REPRESENTATION_CONTEXT(2) 
PARAMETRIC_REPRESENTATION_CONTEXT() REPRESENTATION_CONTEXT('2D SPACE',''
  ) );
#13086 = PCURVE('',#13087,#13092);
#13087 = PLANE('',#13088);
#13088 = AXIS2_PLACEMENT_3D('',#13089,#13090,#13091);
#13089 = CARTESIAN_POINT('',(37.,-12.70170592217,100.5));
#13090 = DIRECTION('',(-0.,0.866025403784,0.5));
#13091 = DIRECTION('',(0.,0.5,-0.866025403784));
#13092 = DEFINITIONAL_REPRESENTATION('',(#13093),#13097);
#13093 = ELLIPSE('',#13094,80.,40.);
#13094 = AXIS2_PLACEMENT_2D('',#13095,#13096);
#13095 = CARTESIAN_POINT('',(25.403411844344,37.));
#13096 = DIRECTION('',(1.,0.));
#13097 = ( GEOMETRIC_REPRESENTATION_CONTEXT(2) 
PARAMETRIC_REPRESENTATION_CONTEXT() REPRESENTATION_CONTEXT('2D SPACE',''
  ) );
#13098 = ORIENTED_EDGE('',*,*,#13099,.F.);
#13099 = EDGE_CURVE('',#12812,#13068,#13100,.T.);
#13100 = SURFACE_CURVE('',#13101,(#13106,#13113),.PCURVE_S1.);
#13101 = CIRCLE('',#13102,40.);
#13102 = AXIS2_PLACEMENT_3D('',#13103,#13104,#13105);
#13103 = CARTESIAN_POINT('',(0.,0.,89.5));
#13104 = DIRECTION('',(0.,0.,-1.));
#13105 = DIRECTION('',(1.,0.,0.));
#13106 = PCURVE('',#12787,#13107);
#13107 = DEFINITIONAL_REPRESENTATION('',(#13108),#13112);
#13108 = LINE('',#13109,#13110);
#13109 = CARTESIAN_POINT('',(-6.28318530718,-11.5));
#13110 = VECTOR('',#13111,1.);
#13111 = DIRECTION('',(1.,-0.));
#13112 = ( GEOMETRIC_REPRESENTATION_CONTEXT(2) 
PARAMETRIC_REPRESENTATION_CONTEXT() REPRESENTATION_CONTEXT('2D SPACE',''
  ) );
#13113 = PCURVE('',#12851,#13114);
#13114 = DEFINITIONAL_REPRESENTATION('',(#13115),#13123);
#13115 = ( BOUNDED_CURVE() B_SPLINE_CURVE(2,(#13116,#13117,#13118,#13119
    ,#13120,#13121,#13122),.UNSPECIFIED.,.T.,.F.) 
B_SPLINE_CURVE_WITH_KNOTS((1,2,2,2,2,1),(-2.094395102393,0.,
    2.094395102393,4.188790204786,6.28318530718,8.377580409573),
.UNSPECIFIED.) CURVE() GEOMETRIC_REPRESENTATION_ITEM() 
RATIONAL_B_SPLINE_CURVE((1.,0.5,1.,0.5,1.,0.5,1.)) REPRESENTATION_ITEM(
  '') );
#13116 = CARTESIAN_POINT('',(6.350852961086,-3.));
#13117 = CARTESIAN_POINT('',(-62.93117934166,-3.));
#13118 = CARTESIAN_POINT('',(-28.29016319029,57.));
#13119 = CARTESIAN_POINT('',(6.350852961086,117.));
#13120 = CARTESIAN_POINT('',(40.991869112463,57.));
#13121 = CARTESIAN_POINT('',(75.632885263841,-3.));
#13122 = CARTESIAN_POINT('',(6.350852961086,-3.));
#13123 = ( GEOMETRIC_REPRESENTATION_CONTEXT(2) 
PARAMETRIC_REPRESENTATION_CONTEXT() REPRESENTATION_CONTEXT('2D SPACE',''
  ) );
#13124 = ORIENTED_EDGE('',*,*,#12811,.F.);
#13125 = ADVANCED_FACE('',(#13126,#13129),#12799,.F.);
#13126 = FACE_BOUND('',#13127,.F.);
#13127 = EDGE_LOOP('',(#13128));
#13128 = ORIENTED_EDGE('',*,*,#12777,.T.);
#13129 = FACE_BOUND('',#13130,.F.);
#13130 = EDGE_LOOP('',(#13131));
#13131 = ORIENTED_EDGE('',*,*,#13132,.F.);
#13132 = EDGE_CURVE('',#13133,#13133,#13135,.T.);
#13133 = VERTEX_POINT('',#13134);
#13134 = CARTESIAN_POINT('',(12.,0.,78.));
#13135 = SURFACE_CURVE('',#13136,(#13141,#13148),.PCURVE_S1.);
#13136 = CIRCLE('',#13137,12.);
#13137 = AXIS2_PLACEMENT_3D('',#13138,#13139,#13140);
#13138 = CARTESIAN_POINT('',(0.,0.,78.));
#13139 = DIRECTION('',(0.,0.,1.));
#13140 = DIRECTION('',(1.,0.,0.));
#13141 = PCURVE('',#12799,#13142);
#13142 = DEFINITIONAL_REPRESENTATION('',(#13143),#13147);
#13143 = CIRCLE('',#13144,12.);
#13144 = AXIS2_PLACEMENT_2D('',#13145,#13146);
#13145 = CARTESIAN_POINT('',(2.187904212063E-15,-2.742946025263E-15));
#13146 = DIRECTION('',(1.,0.));
#13147 = ( GEOMETRIC_REPRESENTATION_CONTEXT(2) 
PARAMETRIC_REPRESENTATION_CONTEXT() REPRESENTATION_CONTEXT('2D SPACE',''
  ) );
#13148 = PCURVE('',#13149,#13154);
#13149 = CYLINDRICAL_SURFACE('',#13150,12.);
#13150 = AXIS2_PLACEMENT_3D('',#13151,#13152,#13153);
#13151 = CARTESIAN_POINT('',(0.,0.,68.));
#13152 = DIRECTION('',(-0.,-0.,-1.));
#13153 = DIRECTION('',(1.,0.,0.));
#13154 = DEFINITIONAL_REPRESENTATION('',(#13155),#13159);
#13155 = LINE('',#13156,#13157);
#13156 = CARTESIAN_POINT('',(-0.,-10.));
#13157 = VECTOR('',#13158,1.);
#13158 = DIRECTION('',(-1.,0.));
#13159 = ( GEOMETRIC_REPRESENTATION_CONTEXT(2) 
PARAMETRIC_REPRESENTATION_CONTEXT() REPRESENTATION_CONTEXT('2D SPACE',''
  ) );
#13160 = ADVANCED_FACE('',(#13161),#12851,.F.);
#13161 = FACE_BOUND('',#13162,.F.);
#13162 = EDGE_LOOP('',(#13163,#13164,#13187,#13215,#13236));
#13163 = ORIENTED_EDGE('',*,*,#13099,.T.);
#13164 = ORIENTED_EDGE('',*,*,#13165,.T.);
#13165 = EDGE_CURVE('',#13068,#13166,#13168,.T.);
#13166 = VERTEX_POINT('',#13167);
#13167 = CARTESIAN_POINT('',(51.,-6.350852961086,89.5));
#13168 = SURFACE_CURVE('',#13169,(#13173,#13180),.PCURVE_S1.);
#13169 = LINE('',#13170,#13171);
#13170 = CARTESIAN_POINT('',(37.,-6.350852961086,89.5));
#13171 = VECTOR('',#13172,1.);
#13172 = DIRECTION('',(1.,0.,0.));
#13173 = PCURVE('',#12851,#13174);
#13174 = DEFINITIONAL_REPRESENTATION('',(#13175),#13179);
#13175 = LINE('',#13176,#13177);
#13176 = CARTESIAN_POINT('',(0.,0.));
#13177 = VECTOR('',#13178,1.);
#13178 = DIRECTION('',(0.,-1.));
#13179 = ( GEOMETRIC_REPRESENTATION_CONTEXT(2) 
PARAMETRIC_REPRESENTATION_CONTEXT() REPRESENTATION_CONTEXT('2D SPACE',''
  ) );
#13180 = PCURVE('',#13087,#13181);
#13181 = DEFINITIONAL_REPRESENTATION('',(#13182),#13186);
#13182 = LINE('',#13183,#13184);
#13183 = CARTESIAN_POINT('',(12.701705922172,0.));
#13184 = VECTOR('',#13185,1.);
#13185 = DIRECTION('',(0.,-1.));
#13186 = ( GEOMETRIC_REPRESENTATION_CONTEXT(2) 
PARAMETRIC_REPRESENTATION_CONTEXT() REPRESENTATION_CONTEXT('2D SPACE',''
  ) );
#13187 = ORIENTED_EDGE('',*,*,#13188,.T.);
#13188 = EDGE_CURVE('',#13166,#13189,#13191,.T.);
#13189 = VERTEX_POINT('',#13190);
#13190 = CARTESIAN_POINT('',(51.,6.350852961086,89.5));
#13191 = SURFACE_CURVE('',#13192,(#13196,#13203),.PCURVE_S1.);
#13192 = LINE('',#13193,#13194);
#13193 = CARTESIAN_POINT('',(51.,-6.350852961086,89.5));
#13194 = VECTOR('',#13195,1.);
#13195 = DIRECTION('',(0.,1.,-6.992591586849E-16));
#13196 = PCURVE('',#12851,#13197);
#13197 = DEFINITIONAL_REPRESENTATION('',(#13198),#13202);
#13198 = LINE('',#13199,#13200);
#13199 = CARTESIAN_POINT('',(0.,-14.));
#13200 = VECTOR('',#13201,1.);
#13201 = DIRECTION('',(1.,0.));
#13202 = ( GEOMETRIC_REPRESENTATION_CONTEXT(2) 
PARAMETRIC_REPRESENTATION_CONTEXT() REPRESENTATION_CONTEXT('2D SPACE',''
  ) );
#13203 = PCURVE('',#13204,#13209);
#13204 = PLANE('',#13205);
#13205 = AXIS2_PLACEMENT_3D('',#13206,#13207,#13208);
#13206 = CARTESIAN_POINT('',(51.,-1.118814653896E-15,100.5));
#13207 = DIRECTION('',(1.,0.,0.));
#13208 = DIRECTION('',(-0.,0.,1.));
#13209 = DEFINITIONAL_REPRESENTATION('',(#13210),#13214);
#13210 = LINE('',#13211,#13212);
#13211 = CARTESIAN_POINT('',(-11.,6.350852961086));
#13212 = VECTOR('',#13213,1.);
#13213 = DIRECTION('',(-6.992591586849E-16,-1.));
#13214 = ( GEOMETRIC_REPRESENTATION_CONTEXT(2) 
PARAMETRIC_REPRESENTATION_CONTEXT() REPRESENTATION_CONTEXT('2D SPACE',''
  ) );
#13215 = ORIENTED_EDGE('',*,*,#13216,.F.);
#13216 = EDGE_CURVE('',#12835,#13189,#13217,.T.);
#13217 = SURFACE_CURVE('',#13218,(#13222,#13229),.PCURVE_S1.);
#13218 = LINE('',#13219,#13220);
#13219 = CARTESIAN_POINT('',(37.,6.350852961086,89.5));
#13220 = VECTOR('',#13221,1.);
#13221 = DIRECTION('',(1.,0.,0.));
#13222 = PCURVE('',#12851,#13223);
#13223 = DEFINITIONAL_REPRESENTATION('',(#13224),#13228);
#13224 = LINE('',#13225,#13226);
#13225 = CARTESIAN_POINT('',(12.701705922172,0.));
#13226 = VECTOR('',#13227,1.);
#13227 = DIRECTION('',(0.,-1.));
#13228 = ( GEOMETRIC_REPRESENTATION_CONTEXT(2) 
PARAMETRIC_REPRESENTATION_CONTEXT() REPRESENTATION_CONTEXT('2D SPACE',''
  ) );
#13229 = PCURVE('',#12887,#13230);
#13230 = DEFINITIONAL_REPRESENTATION('',(#13231),#13235);
#13231 = LINE('',#13232,#13233);
#13232 = CARTESIAN_POINT('',(0.,0.));
#13233 = VECTOR('',#13234,1.);
#13234 = DIRECTION('',(0.,-1.));
#13235 = ( GEOMETRIC_REPRESENTATION_CONTEXT(2) 
PARAMETRIC_REPRESENTATION_CONTEXT() REPRESENTATION_CONTEXT('2D SPACE',''
  ) );
#13236 = ORIENTED_EDGE('',*,*,#12834,.T.);
#13237 = ADVANCED_FACE('',(#13238),#13087,.F.);
#13238 = FACE_BOUND('',#13239,.F.);
#13239 = EDGE_LOOP('',(#13240,#13241,#13264,#13285));
#13240 = ORIENTED_EDGE('',*,*,#13067,.F.);
#13241 = ORIENTED_EDGE('',*,*,#13242,.T.);
#13242 = EDGE_CURVE('',#13036,#13243,#13245,.T.);
#13243 = VERTEX_POINT('',#13244);
#13244 = CARTESIAN_POINT('',(51.,-12.70170592217,100.5));
#13245 = SURFACE_CURVE('',#13246,(#13250,#13257),.PCURVE_S1.);
#13246 = LINE('',#13247,#13248);
#13247 = CARTESIAN_POINT('',(37.,-12.70170592217,100.5));
#13248 = VECTOR('',#13249,1.);
#13249 = DIRECTION('',(1.,0.,0.));
#13250 = PCURVE('',#13087,#13251);
#13251 = DEFINITIONAL_REPRESENTATION('',(#13252),#13256);
#13252 = LINE('',#13253,#13254);
#13253 = CARTESIAN_POINT('',(0.,0.));
#13254 = VECTOR('',#13255,1.);
#13255 = DIRECTION('',(0.,-1.));
#13256 = ( GEOMETRIC_REPRESENTATION_CONTEXT(2) 
PARAMETRIC_REPRESENTATION_CONTEXT() REPRESENTATION_CONTEXT('2D SPACE',''
  ) );
#13257 = PCURVE('',#13055,#13258);
#13258 = DEFINITIONAL_REPRESENTATION('',(#13259),#13263);
#13259 = LINE('',#13260,#13261);
#13260 = CARTESIAN_POINT('',(12.701705922172,0.));
#13261 = VECTOR('',#13262,1.);
#13262 = DIRECTION('',(0.,-1.));
#13263 = ( GEOMETRIC_REPRESENTATION_CONTEXT(2) 
PARAMETRIC_REPRESENTATION_CONTEXT() REPRESENTATION_CONTEXT('2D SPACE',''
  ) );
#13264 = ORIENTED_EDGE('',*,*,#13265,.T.);
#13265 = EDGE_CURVE('',#13243,#13166,#13266,.T.);
#13266 = SURFACE_CURVE('',#13267,(#13271,#13278),.PCURVE_S1.);
#13267 = LINE('',#13268,#13269);
#13268 = CARTESIAN_POINT('',(51.,-12.70170592217,100.5));
#13269 = VECTOR('',#13270,1.);
#13270 = DIRECTION('',(0.,0.5,-0.866025403784));
#13271 = PCURVE('',#13087,#13272);
#13272 = DEFINITIONAL_REPRESENTATION('',(#13273),#13277);
#13273 = LINE('',#13274,#13275);
#13274 = CARTESIAN_POINT('',(0.,-14.));
#13275 = VECTOR('',#13276,1.);
#13276 = DIRECTION('',(1.,0.));
#13277 = ( GEOMETRIC_REPRESENTATION_CONTEXT(2) 
PARAMETRIC_REPRESENTATION_CONTEXT() REPRESENTATION_CONTEXT('2D SPACE',''
  ) );
#13278 = PCURVE('',#13204,#13279);
#13279 = DEFINITIONAL_REPRESENTATION('',(#13280),#13284);
#13280 = LINE('',#13281,#13282);
#13281 = CARTESIAN_POINT('',(2.84217094304E-14,12.701705922172));
#13282 = VECTOR('',#13283,1.);
#13283 = DIRECTION('',(-0.866025403784,-0.5));
#13284 = ( GEOMETRIC_REPRESENTATION_CONTEXT(2) 
PARAMETRIC_REPRESENTATION_CONTEXT() REPRESENTATION_CONTEXT('2D SPACE',''
  ) );
#13285 = ORIENTED_EDGE('',*,*,#13165,.F.);
#13286 = ADVANCED_FACE('',(#13287),#13055,.F.);
#13287 = FACE_BOUND('',#13288,.F.);
#13288 = EDGE_LOOP('',(#13289,#13290,#13313,#13334));
#13289 = ORIENTED_EDGE('',*,*,#13035,.F.);
#13290 = ORIENTED_EDGE('',*,*,#13291,.T.);
#13291 = EDGE_CURVE('',#13012,#13292,#13294,.T.);
#13292 = VERTEX_POINT('',#13293);
#13293 = CARTESIAN_POINT('',(51.,-6.350852961086,111.5));
#13294 = SURFACE_CURVE('',#13295,(#13299,#13306),.PCURVE_S1.);
#13295 = LINE('',#13296,#13297);
#13296 = CARTESIAN_POINT('',(37.,-6.350852961086,111.5));
#13297 = VECTOR('',#13298,1.);
#13298 = DIRECTION('',(1.,0.,0.));
#13299 = PCURVE('',#13055,#13300);
#13300 = DEFINITIONAL_REPRESENTATION('',(#13301),#13305);
#13301 = LINE('',#13302,#13303);
#13302 = CARTESIAN_POINT('',(0.,0.));
#13303 = VECTOR('',#13304,1.);
#13304 = DIRECTION('',(0.,-1.));
#13305 = ( GEOMETRIC_REPRESENTATION_CONTEXT(2) 
PARAMETRIC_REPRESENTATION_CONTEXT() REPRESENTATION_CONTEXT('2D SPACE',''
  ) );
#13306 = PCURVE('',#12948,#13307);
#13307 = DEFINITIONAL_REPRESENTATION('',(#13308),#13312);
#13308 = LINE('',#13309,#13310);
#13309 = CARTESIAN_POINT('',(12.701705922172,0.));
#13310 = VECTOR('',#13311,1.);
#13311 = DIRECTION('',(0.,-1.));
#13312 = ( GEOMETRIC_REPRESENTATION_CONTEXT(2) 
PARAMETRIC_REPRESENTATION_CONTEXT() REPRESENTATION_CONTEXT('2D SPACE',''
  ) );
#13313 = ORIENTED_EDGE('',*,*,#13314,.T.);
#13314 = EDGE_CURVE('',#13292,#13243,#13315,.T.);
#13315 = SURFACE_CURVE('',#13316,(#13320,#13327),.PCURVE_S1.);
#13316 = LINE('',#13317,#13318);
#13317 = CARTESIAN_POINT('',(51.,-6.350852961086,111.5));
#13318 = VECTOR('',#13319,1.);
#13319 = DIRECTION('',(0.,-0.5,-0.866025403784));
#13320 = PCURVE('',#13055,#13321);
#13321 = DEFINITIONAL_REPRESENTATION('',(#13322),#13326);
#13322 = LINE('',#13323,#13324);
#13323 = CARTESIAN_POINT('',(0.,-14.));
#13324 = VECTOR('',#13325,1.);
#13325 = DIRECTION('',(1.,0.));
#13326 = ( GEOMETRIC_REPRESENTATION_CONTEXT(2) 
PARAMETRIC_REPRESENTATION_CONTEXT() REPRESENTATION_CONTEXT('2D SPACE',''
  ) );
#13327 = PCURVE('',#13204,#13328);
#13328 = DEFINITIONAL_REPRESENTATION('',(#13329),#13333);
#13329 = LINE('',#13330,#13331);
#13330 = CARTESIAN_POINT('',(11.,6.350852961086));
#13331 = VECTOR('',#13332,1.);
#13332 = DIRECTION('',(-0.866025403784,0.5));
#13333 = ( GEOMETRIC_REPRESENTATION_CONTEXT(2) 
PARAMETRIC_REPRESENTATION_CONTEXT() REPRESENTATION_CONTEXT('2D SPACE',''
  ) );
#13334 = ORIENTED_EDGE('',*,*,#13242,.F.);
#13335 = ADVANCED_FACE('',(#13336),#12948,.F.);
#13336 = FACE_BOUND('',#13337,.F.);
#13337 = EDGE_LOOP('',(#13338,#13339,#13362,#13383,#13384));
#13338 = ORIENTED_EDGE('',*,*,#12931,.F.);
#13339 = ORIENTED_EDGE('',*,*,#13340,.T.);
#13340 = EDGE_CURVE('',#12900,#13341,#13343,.T.);
#13341 = VERTEX_POINT('',#13342);
#13342 = CARTESIAN_POINT('',(51.,6.350852961086,111.5));
#13343 = SURFACE_CURVE('',#13344,(#13348,#13355),.PCURVE_S1.);
#13344 = LINE('',#13345,#13346);
#13345 = CARTESIAN_POINT('',(37.,6.350852961086,111.5));
#13346 = VECTOR('',#13347,1.);
#13347 = DIRECTION('',(1.,0.,0.));
#13348 = PCURVE('',#12948,#13349);
#13349 = DEFINITIONAL_REPRESENTATION('',(#13350),#13354);
#13350 = LINE('',#13351,#13352);
#13351 = CARTESIAN_POINT('',(0.,0.));
#13352 = VECTOR('',#13353,1.);
#13353 = DIRECTION('',(0.,-1.));
#13354 = ( GEOMETRIC_REPRESENTATION_CONTEXT(2) 
PARAMETRIC_REPRESENTATION_CONTEXT() REPRESENTATION_CONTEXT('2D SPACE',''
  ) );
#13355 = PCURVE('',#12919,#13356);
#13356 = DEFINITIONAL_REPRESENTATION('',(#13357),#13361);
#13357 = LINE('',#13358,#13359);
#13358 = CARTESIAN_POINT('',(12.701705922172,0.));
#13359 = VECTOR('',#13360,1.);
#13360 = DIRECTION('',(0.,-1.));
#13361 = ( GEOMETRIC_REPRESENTATION_CONTEXT(2) 
PARAMETRIC_REPRESENTATION_CONTEXT() REPRESENTATION_CONTEXT('2D SPACE',''
  ) );
#13362 = ORIENTED_EDGE('',*,*,#13363,.T.);
#13363 = EDGE_CURVE('',#13341,#13292,#13364,.T.);
#13364 = SURFACE_CURVE('',#13365,(#13369,#13376),.PCURVE_S1.);
#13365 = LINE('',#13366,#13367);
#13366 = CARTESIAN_POINT('',(51.,6.350852961086,111.5));
#13367 = VECTOR('',#13368,1.);
#13368 = DIRECTION('',(0.,-1.,1.39851831737E-16));
#13369 = PCURVE('',#12948,#13370);
#13370 = DEFINITIONAL_REPRESENTATION('',(#13371),#13375);
#13371 = LINE('',#13372,#13373);
#13372 = CARTESIAN_POINT('',(0.,-14.));
#13373 = VECTOR('',#13374,1.);
#13374 = DIRECTION('',(1.,0.));
#13375 = ( GEOMETRIC_REPRESENTATION_CONTEXT(2) 
PARAMETRIC_REPRESENTATION_CONTEXT() REPRESENTATION_CONTEXT('2D SPACE',''
  ) );
#13376 = PCURVE('',#13204,#13377);
#13377 = DEFINITIONAL_REPRESENTATION('',(#13378),#13382);
#13378 = LINE('',#13379,#13380);
#13379 = CARTESIAN_POINT('',(11.,-6.350852961086));
#13380 = VECTOR('',#13381,1.);
#13381 = DIRECTION('',(1.39851831737E-16,1.));
#13382 = ( GEOMETRIC_REPRESENTATION_CONTEXT(2) 
PARAMETRIC_REPRESENTATION_CONTEXT() REPRESENTATION_CONTEXT('2D SPACE',''
  ) );
#13383 = ORIENTED_EDGE('',*,*,#13291,.F.);
#13384 = ORIENTED_EDGE('',*,*,#13011,.F.);
#13385 = ADVANCED_FACE('',(#13386),#12998,.T.);
#13386 = FACE_BOUND('',#13387,.T.);
#13387 = EDGE_LOOP('',(#13388,#13410,#13411,#13412));
#13388 = ORIENTED_EDGE('',*,*,#13389,.F.);
#13389 = EDGE_CURVE('',#12961,#13390,#13392,.T.);
#13390 = VERTEX_POINT('',#13391);
#13391 = CARTESIAN_POINT('',(36.,0.,123.));
#13392 = SEAM_CURVE('',#13393,(#13398,#13404),.PCURVE_S1.);
#13393 = CIRCLE('',#13394,4.);
#13394 = AXIS2_PLACEMENT_3D('',#13395,#13396,#13397);
#13395 = CARTESIAN_POINT('',(36.,0.,119.));
#13396 = DIRECTION('',(0.,-1.,0.));
#13397 = DIRECTION('',(1.,0.,0.));
#13398 = PCURVE('',#12998,#13399);
#13399 = DEFINITIONAL_REPRESENTATION('',(#13400),#13403);
#13400 = B_SPLINE_CURVE_WITH_KNOTS('',1,(#13401,#13402),.UNSPECIFIED.,
  .F.,.F.,(2,2),(0.,1.570796326795),.PIECEWISE_BEZIER_KNOTS.);
#13401 = CARTESIAN_POINT('',(0.,0.));
#13402 = CARTESIAN_POINT('',(0.,1.570796326795));
#13403 = ( GEOMETRIC_REPRESENTATION_CONTEXT(2) 
PARAMETRIC_REPRESENTATION_CONTEXT() REPRESENTATION_CONTEXT('2D SPACE',''
  ) );
#13404 = PCURVE('',#12998,#13405);
#13405 = DEFINITIONAL_REPRESENTATION('',(#13406),#13409);
#13406 = B_SPLINE_CURVE_WITH_KNOTS('',1,(#13407,#13408),.UNSPECIFIED.,
  .F.,.F.,(2,2),(0.,1.570796326795),.PIECEWISE_BEZIER_KNOTS.);
#13407 = CARTESIAN_POINT('',(6.28318530718,0.));
#13408 = CARTESIAN_POINT('',(6.28318530718,1.570796326795));
#13409 = ( GEOMETRIC_REPRESENTATION_CONTEXT(2) 
PARAMETRIC_REPRESENTATION_CONTEXT() REPRESENTATION_CONTEXT('2D SPACE',''
  ) );
#13410 = ORIENTED_EDGE('',*,*,#12983,.T.);
#13411 = ORIENTED_EDGE('',*,*,#13389,.T.);
#13412 = ORIENTED_EDGE('',*,*,#13413,.F.);
#13413 = EDGE_CURVE('',#13390,#13390,#13414,.T.);
#13414 = SURFACE_CURVE('',#13415,(#13420,#13427),.PCURVE_S1.);
#13415 = CIRCLE('',#13416,36.);
#13416 = AXIS2_PLACEMENT_3D('',#13417,#13418,#13419);
#13417 = CARTESIAN_POINT('',(0.,0.,123.));
#13418 = DIRECTION('',(0.,0.,1.));
#13419 = DIRECTION('',(1.,0.,-0.));
#13420 = PCURVE('',#12998,#13421);
#13421 = DEFINITIONAL_REPRESENTATION('',(#13422),#13426);
#13422 = LINE('',#13423,#13424);
#13423 = CARTESIAN_POINT('',(0.,1.570796326795));
#13424 = VECTOR('',#13425,1.);
#13425 = DIRECTION('',(1.,0.));
#13426 = ( GEOMETRIC_REPRESENTATION_CONTEXT(2) 
PARAMETRIC_REPRESENTATION_CONTEXT() REPRESENTATION_CONTEXT('2D SPACE',''
  ) );
#13427 = PCURVE('',#13428,#13433);
#13428 = PLANE('',#13429);
#13429 = AXIS2_PLACEMENT_3D('',#13430,#13431,#13432);
#13430 = CARTESIAN_POINT('',(-2.187904212063E-15,2.742946025263E-15,123.
    ));
#13431 = DIRECTION('',(0.,0.,1.));
#13432 = DIRECTION('',(1.,0.,-0.));
#13433 = DEFINITIONAL_REPRESENTATION('',(#13434),#13438);
#13434 = CIRCLE('',#13435,36.);
#13435 = AXIS2_PLACEMENT_2D('',#13436,#13437);
#13436 = CARTESIAN_POINT('',(2.187904212063E-15,-2.742946025263E-15));
#13437 = DIRECTION('',(1.,0.));
#13438 = ( GEOMETRIC_REPRESENTATION_CONTEXT(2) 
PARAMETRIC_REPRESENTATION_CONTEXT() REPRESENTATION_CONTEXT('2D SPACE',''
  ) );
#13439 = ADVANCED_FACE('',(#13440),#12919,.F.);
#13440 = FACE_BOUND('',#13441,.F.);
#13441 = EDGE_LOOP('',(#13442,#13443,#13466,#13487));
#13442 = ORIENTED_EDGE('',*,*,#12899,.F.);
#13443 = ORIENTED_EDGE('',*,*,#13444,.T.);
#13444 = EDGE_CURVE('',#12868,#13445,#13447,.T.);
#13445 = VERTEX_POINT('',#13446);
#13446 = CARTESIAN_POINT('',(51.,12.701705922172,100.5));
#13447 = SURFACE_CURVE('',#13448,(#13452,#13459),.PCURVE_S1.);
#13448 = LINE('',#13449,#13450);
#13449 = CARTESIAN_POINT('',(37.,12.701705922172,100.5));
#13450 = VECTOR('',#13451,1.);
#13451 = DIRECTION('',(1.,0.,0.));
#13452 = PCURVE('',#12919,#13453);
#13453 = DEFINITIONAL_REPRESENTATION('',(#13454),#13458);
#13454 = LINE('',#13455,#13456);
#13455 = CARTESIAN_POINT('',(0.,0.));
#13456 = VECTOR('',#13457,1.);
#13457 = DIRECTION('',(0.,-1.));
#13458 = ( GEOMETRIC_REPRESENTATION_CONTEXT(2) 
PARAMETRIC_REPRESENTATION_CONTEXT() REPRESENTATION_CONTEXT('2D SPACE',''
  ) );
#13459 = PCURVE('',#12887,#13460);
#13460 = DEFINITIONAL_REPRESENTATION('',(#13461),#13465);
#13461 = LINE('',#13462,#13463);
#13462 = CARTESIAN_POINT('',(12.701705922172,0.));
#13463 = VECTOR('',#13464,1.);
#13464 = DIRECTION('',(0.,-1.));
#13465 = ( GEOMETRIC_REPRESENTATION_CONTEXT(2) 
PARAMETRIC_REPRESENTATION_CONTEXT() REPRESENTATION_CONTEXT('2D SPACE',''
  ) );
#13466 = ORIENTED_EDGE('',*,*,#13467,.T.);
#13467 = EDGE_CURVE('',#13445,#13341,#13468,.T.);
#13468 = SURFACE_CURVE('',#13469,(#13473,#13480),.PCURVE_S1.);
#13469 = LINE('',#13470,#13471);
#13470 = CARTESIAN_POINT('',(51.,12.701705922172,100.5));
#13471 = VECTOR('',#13472,1.);
#13472 = DIRECTION('',(0.,-0.5,0.866025403784));
#13473 = PCURVE('',#12919,#13474);
#13474 = DEFINITIONAL_REPRESENTATION('',(#13475),#13479);
#13475 = LINE('',#13476,#13477);
#13476 = CARTESIAN_POINT('',(0.,-14.));
#13477 = VECTOR('',#13478,1.);
#13478 = DIRECTION('',(1.,0.));
#13479 = ( GEOMETRIC_REPRESENTATION_CONTEXT(2) 
PARAMETRIC_REPRESENTATION_CONTEXT() REPRESENTATION_CONTEXT('2D SPACE',''
  ) );
#13480 = PCURVE('',#13204,#13481);
#13481 = DEFINITIONAL_REPRESENTATION('',(#13482),#13486);
#13482 = LINE('',#13483,#13484);
#13483 = CARTESIAN_POINT('',(2.84217094304E-14,-12.70170592217));
#13484 = VECTOR('',#13485,1.);
#13485 = DIRECTION('',(0.866025403784,0.5));
#13486 = ( GEOMETRIC_REPRESENTATION_CONTEXT(2) 
PARAMETRIC_REPRESENTATION_CONTEXT() REPRESENTATION_CONTEXT('2D SPACE',''
  ) );
#13487 = ORIENTED_EDGE('',*,*,#13340,.F.);
#13488 = ADVANCED_FACE('',(#13489),#12887,.F.);
#13489 = FACE_BOUND('',#13490,.F.);
#13490 = EDGE_LOOP('',(#13491,#13492,#13493,#13514));
#13491 = ORIENTED_EDGE('',*,*,#12867,.F.);
#13492 = ORIENTED_EDGE('',*,*,#13216,.T.);
#13493 = ORIENTED_EDGE('',*,*,#13494,.T.);
#13494 = EDGE_CURVE('',#13189,#13445,#13495,.T.);
#13495 = SURFACE_CURVE('',#13496,(#13500,#13507),.PCURVE_S1.);
#13496 = LINE('',#13497,#13498);
#13497 = CARTESIAN_POINT('',(51.,6.350852961086,89.5));
#13498 = VECTOR('',#13499,1.);
#13499 = DIRECTION('',(0.,0.5,0.866025403784));
#13500 = PCURVE('',#12887,#13501);
#13501 = DEFINITIONAL_REPRESENTATION('',(#13502),#13506);
#13502 = LINE('',#13503,#13504);
#13503 = CARTESIAN_POINT('',(0.,-14.));
#13504 = VECTOR('',#13505,1.);
#13505 = DIRECTION('',(1.,0.));
#13506 = ( GEOMETRIC_REPRESENTATION_CONTEXT(2) 
PARAMETRIC_REPRESENTATION_CONTEXT() REPRESENTATION_CONTEXT('2D SPACE',''
  ) );
#13507 = PCURVE('',#13204,#13508);
#13508 = DEFINITIONAL_REPRESENTATION('',(#13509),#13513);
#13509 = LINE('',#13510,#13511);
#13510 = CARTESIAN_POINT('',(-11.,-6.350852961086));
#13511 = VECTOR('',#13512,1.);
#13512 = DIRECTION('',(0.866025403784,-0.5));
#13513 = ( GEOMETRIC_REPRESENTATION_CONTEXT(2) 
PARAMETRIC_REPRESENTATION_CONTEXT() REPRESENTATION_CONTEXT('2D SPACE',''
  ) );
#13514 = ORIENTED_EDGE('',*,*,#13444,.F.);
#13515 = ADVANCED_FACE('',(#13516),#13149,.T.);
#13516 = FACE_BOUND('',#13517,.F.);
#13517 = EDGE_LOOP('',(#13518,#13541,#13542,#13543));
#13518 = ORIENTED_EDGE('',*,*,#13519,.T.);
#13519 = EDGE_CURVE('',#13520,#13133,#13522,.T.);
#13520 = VERTEX_POINT('',#13521);
#13521 = CARTESIAN_POINT('',(12.,0.,68.));
#13522 = SEAM_CURVE('',#13523,(#13527,#13534),.PCURVE_S1.);
#13523 = LINE('',#13524,#13525);
#13524 = CARTESIAN_POINT('',(12.,0.,68.));
#13525 = VECTOR('',#13526,1.);
#13526 = DIRECTION('',(0.,0.,1.));
#13527 = PCURVE('',#13149,#13528);
#13528 = DEFINITIONAL_REPRESENTATION('',(#13529),#13533);
#13529 = LINE('',#13530,#13531);
#13530 = CARTESIAN_POINT('',(-0.,0.));
#13531 = VECTOR('',#13532,1.);
#13532 = DIRECTION('',(-0.,-1.));
#13533 = ( GEOMETRIC_REPRESENTATION_CONTEXT(2) 
PARAMETRIC_REPRESENTATION_CONTEXT() REPRESENTATION_CONTEXT('2D SPACE',''
  ) );
#13534 = PCURVE('',#13149,#13535);
#13535 = DEFINITIONAL_REPRESENTATION('',(#13536),#13540);
#13536 = LINE('',#13537,#13538);
#13537 = CARTESIAN_POINT('',(-6.28318530718,0.));
#13538 = VECTOR('',#13539,1.);
#13539 = DIRECTION('',(-0.,-1.));
#13540 = ( GEOMETRIC_REPRESENTATION_CONTEXT(2) 
PARAMETRIC_REPRESENTATION_CONTEXT() REPRESENTATION_CONTEXT('2D SPACE',''
  ) );
#13541 = ORIENTED_EDGE('',*,*,#13132,.T.);
#13542 = ORIENTED_EDGE('',*,*,#13519,.F.);
#13543 = ORIENTED_EDGE('',*,*,#13544,.F.);
#13544 = EDGE_CURVE('',#13520,#13520,#13545,.T.);
#13545 = SURFACE_CURVE('',#13546,(#13551,#13558),.PCURVE_S1.);
#13546 = CIRCLE('',#13547,12.);
#13547 = AXIS2_PLACEMENT_3D('',#13548,#13549,#13550);
#13548 = CARTESIAN_POINT('',(0.,0.,68.));
#13549 = DIRECTION('',(0.,0.,1.));
#13550 = DIRECTION('',(1.,0.,0.));
#13551 = PCURVE('',#13149,#13552);
#13552 = DEFINITIONAL_REPRESENTATION('',(#13553),#13557);
#13553 = LINE('',#13554,#13555);
#13554 = CARTESIAN_POINT('',(-0.,0.));
#13555 = VECTOR('',#13556,1.);
#13556 = DIRECTION('',(-1.,0.));
#13557 = ( GEOMETRIC_REPRESENTATION_CONTEXT(2) 
PARAMETRIC_REPRESENTATION_CONTEXT() REPRESENTATION_CONTEXT('2D SPACE',''
  ) );
#13558 = PCURVE('',#13559,#13564);
#13559 = PLANE('',#13560);
#13560 = AXIS2_PLACEMENT_3D('',#13561,#13562,#13563);
#13561 = CARTESIAN_POINT('',(-6.837200662697E-16,-3.40453421458E-17,68.)
  );
#13562 = DIRECTION('',(0.,0.,1.));
#13563 = DIRECTION('',(1.,0.,-0.));
#13564 = DEFINITIONAL_REPRESENTATION('',(#13565),#13569);
#13565 = CIRCLE('',#13566,12.);
#13566 = AXIS2_PLACEMENT_2D('',#13567,#13568);
#13567 = CARTESIAN_POINT('',(6.837200662697E-16,3.40453421458E-17));
#13568 = DIRECTION('',(1.,0.));
#13569 = ( GEOMETRIC_REPRESENTATION_CONTEXT(2) 
PARAMETRIC_REPRESENTATION_CONTEXT() REPRESENTATION_CONTEXT('2D SPACE',''
  ) );
#13570 = ADVANCED_FACE('',(#13571,#13579),#13204,.T.);
#13571 = FACE_BOUND('',#13572,.T.);
#13572 = EDGE_LOOP('',(#13573,#13574,#13575,#13576,#13577,#13578));
#13573 = ORIENTED_EDGE('',*,*,#13467,.T.);
#13574 = ORIENTED_EDGE('',*,*,#13363,.T.);
#13575 = ORIENTED_EDGE('',*,*,#13314,.T.);
#13576 = ORIENTED_EDGE('',*,*,#13265,.T.);
#13577 = ORIENTED_EDGE('',*,*,#13188,.T.);
#13578 = ORIENTED_EDGE('',*,*,#13494,.T.);
#13579 = FACE_BOUND('',#13580,.T.);
#13580 = EDGE_LOOP('',(#13581));
#13581 = ORIENTED_EDGE('',*,*,#13582,.F.);
#13582 = EDGE_CURVE('',#13583,#13583,#13585,.T.);
#13583 = VERTEX_POINT('',#13584);
#13584 = CARTESIAN_POINT('',(51.,8.,100.5));
#13585 = SURFACE_CURVE('',#13586,(#13591,#13598),.PCURVE_S1.);
#13586 = CIRCLE('',#13587,8.);
#13587 = AXIS2_PLACEMENT_3D('',#13588,#13589,#13590);
#13588 = CARTESIAN_POINT('',(51.,0.,100.5));
#13589 = DIRECTION('',(1.,0.,0.));
#13590 = DIRECTION('',(0.,1.,0.));
#13591 = PCURVE('',#13204,#13592);
#13592 = DEFINITIONAL_REPRESENTATION('',(#13593),#13597);
#13593 = CIRCLE('',#13594,8.);
#13594 = AXIS2_PLACEMENT_2D('',#13595,#13596);
#13595 = CARTESIAN_POINT('',(2.84217094304E-14,-1.118814653896E-15));
#13596 = DIRECTION('',(0.,-1.));
#13597 = ( GEOMETRIC_REPRESENTATION_CONTEXT(2) 
PARAMETRIC_REPRESENTATION_CONTEXT() REPRESENTATION_CONTEXT('2D SPACE',''
  ) );
#13598 = PCURVE('',#13599,#13604);
#13599 = CYLINDRICAL_SURFACE('',#13600,8.);
#13600 = AXIS2_PLACEMENT_3D('',#13601,#13602,#13603);
#13601 = CARTESIAN_POINT('',(51.,0.,100.5));
#13602 = DIRECTION('',(-1.,-0.,-0.));
#13603 = DIRECTION('',(0.,1.,0.));
#13604 = DEFINITIONAL_REPRESENTATION('',(#13605),#13609);
#13605 = LINE('',#13606,#13607);
#13606 = CARTESIAN_POINT('',(-0.,0.));
#13607 = VECTOR('',#13608,1.);
#13608 = DIRECTION('',(-1.,0.));
#13609 = ( GEOMETRIC_REPRESENTATION_CONTEXT(2) 
PARAMETRIC_REPRESENTATION_CONTEXT() REPRESENTATION_CONTEXT('2D SPACE',''
  ) );
#13610 = ADVANCED_FACE('',(#13611,#13614),#13428,.T.);
#13611 = FACE_BOUND('',#13612,.T.);
#13612 = EDGE_LOOP('',(#13613));
#13613 = ORIENTED_EDGE('',*,*,#13413,.T.);
#13614 = FACE_BOUND('',#13615,.T.);
#13615 = EDGE_LOOP('',(#13616));
#13616 = ORIENTED_EDGE('',*,*,#13617,.T.);
#13617 = EDGE_CURVE('',#13618,#13618,#13620,.T.);
#13618 = VERTEX_POINT('',#13619);
#13619 = CARTESIAN_POINT('',(30.,0.,123.));
#13620 = SURFACE_CURVE('',#13621,(#13626,#13637),.PCURVE_S1.);
#13621 = CIRCLE('',#13622,30.);
#13622 = AXIS2_PLACEMENT_3D('',#13623,#13624,#13625);
#13623 = CARTESIAN_POINT('',(0.,0.,123.));
#13624 = DIRECTION('',(0.,0.,-1.));
#13625 = DIRECTION('',(1.,0.,0.));
#13626 = PCURVE('',#13428,#13627);
#13627 = DEFINITIONAL_REPRESENTATION('',(#13628),#13636);
#13628 = ( BOUNDED_CURVE() B_SPLINE_CURVE(2,(#13629,#13630,#13631,#13632
    ,#13633,#13634,#13635),.UNSPECIFIED.,.T.,.F.) 
B_SPLINE_CURVE_WITH_KNOTS((1,2,2,2,2,1),(-2.094395102393,0.,
    2.094395102393,4.188790204786,6.28318530718,8.377580409573),
.UNSPECIFIED.) CURVE() GEOMETRIC_REPRESENTATION_ITEM() 
RATIONAL_B_SPLINE_CURVE((1.,0.5,1.,0.5,1.,0.5,1.)) REPRESENTATION_ITEM(
  '') );
#13629 = CARTESIAN_POINT('',(30.,-2.742946025263E-15));
#13630 = CARTESIAN_POINT('',(30.,-51.96152422706));
#13631 = CARTESIAN_POINT('',(-15.,-25.98076211353));
#13632 = CARTESIAN_POINT('',(-60.,-1.009082682015E-14));
#13633 = CARTESIAN_POINT('',(-15.,25.980762113533));
#13634 = CARTESIAN_POINT('',(30.,51.961524227066));
#13635 = CARTESIAN_POINT('',(30.,-2.742946025263E-15));
#13636 = ( GEOMETRIC_REPRESENTATION_CONTEXT(2) 
PARAMETRIC_REPRESENTATION_CONTEXT() REPRESENTATION_CONTEXT('2D SPACE',''
  ) );
#13637 = PCURVE('',#13638,#13643);
#13638 = CYLINDRICAL_SURFACE('',#13639,30.);
#13639 = AXIS2_PLACEMENT_3D('',#13640,#13641,#13642);
#13640 = CARTESIAN_POINT('',(0.,0.,122.));
#13641 = DIRECTION('',(-0.,-0.,-1.));
#13642 = DIRECTION('',(1.,0.,0.));
#13643 = DEFINITIONAL_REPRESENTATION('',(#13644),#13648);
#13644 = LINE('',#13645,#13646);
#13645 = CARTESIAN_POINT('',(-6.28318530718,-1.));
#13646 = VECTOR('',#13647,1.);
#13647 = DIRECTION('',(1.,-0.));
#13648 = ( GEOMETRIC_REPRESENTATION_CONTEXT(2) 
PARAMETRIC_REPRESENTATION_CONTEXT() REPRESENTATION_CONTEXT('2D SPACE',''
  ) );
#13649 = ADVANCED_FACE('',(#13650,#13653),#13559,.F.);
#13650 = FACE_BOUND('',#13651,.F.);
#13651 = EDGE_LOOP('',(#13652));
#13652 = ORIENTED_EDGE('',*,*,#13544,.T.);
#13653 = FACE_BOUND('',#13654,.F.);
#13654 = EDGE_LOOP('',(#13655));
#13655 = ORIENTED_EDGE('',*,*,#13656,.F.);
#13656 = EDGE_CURVE('',#13657,#13657,#13659,.T.);
#13657 = VERTEX_POINT('',#13658);
#13658 = CARTESIAN_POINT('',(9.,0.,68.));
#13659 = SURFACE_CURVE('',#13660,(#13665,#13672),.PCURVE_S1.);
#13660 = CIRCLE('',#13661,9.);
#13661 = AXIS2_PLACEMENT_3D('',#13662,#13663,#13664);
#13662 = CARTESIAN_POINT('',(0.,0.,68.));
#13663 = DIRECTION('',(0.,0.,1.));
#13664 = DIRECTION('',(1.,0.,0.));
#13665 = PCURVE('',#13559,#13666);
#13666 = DEFINITIONAL_REPRESENTATION('',(#13667),#13671);
#13667 = CIRCLE('',#13668,9.);
#13668 = AXIS2_PLACEMENT_2D('',#13669,#13670);
#13669 = CARTESIAN_POINT('',(6.837200662697E-16,3.40453421458E-17));
#13670 = DIRECTION('',(1.,0.));
#13671 = ( GEOMETRIC_REPRESENTATION_CONTEXT(2) 
PARAMETRIC_REPRESENTATION_CONTEXT() REPRESENTATION_CONTEXT('2D SPACE',''
  ) );
#13672 = PCURVE('',#13673,#13678);
#13673 = CYLINDRICAL_SURFACE('',#13674,9.);
#13674 = AXIS2_PLACEMENT_3D('',#13675,#13676,#13677);
#13675 = CARTESIAN_POINT('',(0.,0.,38.));
#13676 = DIRECTION('',(-0.,-0.,-1.));
#13677 = DIRECTION('',(1.,0.,0.));
#13678 = DEFINITIONAL_REPRESENTATION('',(#13679),#13683);
#13679 = LINE('',#13680,#13681);
#13680 = CARTESIAN_POINT('',(-0.,-30.));
#13681 = VECTOR('',#13682,1.);
#13682 = DIRECTION('',(-1.,0.));
#13683 = ( GEOMETRIC_REPRESENTATION_CONTEXT(2) 
PARAMETRIC_REPRESENTATION_CONTEXT() REPRESENTATION_CONTEXT('2D SPACE',''
  ) );
#13684 = ADVANCED_FACE('',(#13685),#13599,.T.);
#13685 = FACE_BOUND('',#13686,.F.);
#13686 = EDGE_LOOP('',(#13687,#13710,#13737,#13738));
#13687 = ORIENTED_EDGE('',*,*,#13688,.T.);
#13688 = EDGE_CURVE('',#13583,#13689,#13691,.T.);
#13689 = VERTEX_POINT('',#13690);
#13690 = CARTESIAN_POINT('',(61.,8.,100.5));
#13691 = SEAM_CURVE('',#13692,(#13696,#13703),.PCURVE_S1.);
#13692 = LINE('',#13693,#13694);
#13693 = CARTESIAN_POINT('',(51.,8.,100.5));
#13694 = VECTOR('',#13695,1.);
#13695 = DIRECTION('',(1.,0.,0.));
#13696 = PCURVE('',#13599,#13697);
#13697 = DEFINITIONAL_REPRESENTATION('',(#13698),#13702);
#13698 = LINE('',#13699,#13700);
#13699 = CARTESIAN_POINT('',(-0.,0.));
#13700 = VECTOR('',#13701,1.);
#13701 = DIRECTION('',(-0.,-1.));
#13702 = ( GEOMETRIC_REPRESENTATION_CONTEXT(2) 
PARAMETRIC_REPRESENTATION_CONTEXT() REPRESENTATION_CONTEXT('2D SPACE',''
  ) );
#13703 = PCURVE('',#13599,#13704);
#13704 = DEFINITIONAL_REPRESENTATION('',(#13705),#13709);
#13705 = LINE('',#13706,#13707);
#13706 = CARTESIAN_POINT('',(-6.28318530718,0.));
#13707 = VECTOR('',#13708,1.);
#13708 = DIRECTION('',(-0.,-1.));
#13709 = ( GEOMETRIC_REPRESENTATION_CONTEXT(2) 
PARAMETRIC_REPRESENTATION_CONTEXT() REPRESENTATION_CONTEXT('2D SPACE',''
  ) );
#13710 = ORIENTED_EDGE('',*,*,#13711,.T.);
#13711 = EDGE_CURVE('',#13689,#13689,#13712,.T.);
#13712 = SURFACE_CURVE('',#13713,(#13718,#13725),.PCURVE_S1.);
#13713 = CIRCLE('',#13714,8.);
#13714 = AXIS2_PLACEMENT_3D('',#13715,#13716,#13717);
#13715 = CARTESIAN_POINT('',(61.,0.,100.5));
#13716 = DIRECTION('',(1.,0.,0.));
#13717 = DIRECTION('',(0.,1.,0.));
#13718 = PCURVE('',#13599,#13719);
#13719 = DEFINITIONAL_REPRESENTATION('',(#13720),#13724);
#13720 = LINE('',#13721,#13722);
#13721 = CARTESIAN_POINT('',(-0.,-10.));
#13722 = VECTOR('',#13723,1.);
#13723 = DIRECTION('',(-1.,0.));
#13724 = ( GEOMETRIC_REPRESENTATION_CONTEXT(2) 
PARAMETRIC_REPRESENTATION_CONTEXT() REPRESENTATION_CONTEXT('2D SPACE',''
  ) );
#13725 = PCURVE('',#13726,#13731);
#13726 = PLANE('',#13727);
#13727 = AXIS2_PLACEMENT_3D('',#13728,#13729,#13730);
#13728 = CARTESIAN_POINT('',(61.,-1.709300165674E-16,100.5));
#13729 = DIRECTION('',(1.,0.,0.));
#13730 = DIRECTION('',(-0.,0.,1.));
#13731 = DEFINITIONAL_REPRESENTATION('',(#13732),#13736);
#13732 = CIRCLE('',#13733,8.);
#13733 = AXIS2_PLACEMENT_2D('',#13734,#13735);
#13734 = CARTESIAN_POINT('',(0.,-1.709300165674E-16));
#13735 = DIRECTION('',(0.,-1.));
#13736 = ( GEOMETRIC_REPRESENTATION_CONTEXT(2) 
PARAMETRIC_REPRESENTATION_CONTEXT() REPRESENTATION_CONTEXT('2D SPACE',''
  ) );
#13737 = ORIENTED_EDGE('',*,*,#13688,.F.);
#13738 = ORIENTED_EDGE('',*,*,#13582,.F.);
#13739 = ADVANCED_FACE('',(#13740),#13638,.F.);
#13740 = FACE_BOUND('',#13741,.T.);
#13741 = EDGE_LOOP('',(#13742,#13771,#13792,#13793));
#13742 = ORIENTED_EDGE('',*,*,#13743,.F.);
#13743 = EDGE_CURVE('',#13744,#13744,#13746,.T.);
#13744 = VERTEX_POINT('',#13745);
#13745 = CARTESIAN_POINT('',(30.,0.,122.));
#13746 = SURFACE_CURVE('',#13747,(#13752,#13759),.PCURVE_S1.);
#13747 = CIRCLE('',#13748,30.);
#13748 = AXIS2_PLACEMENT_3D('',#13749,#13750,#13751);
#13749 = CARTESIAN_POINT('',(0.,0.,122.));
#13750 = DIRECTION('',(0.,0.,1.));
#13751 = DIRECTION('',(1.,0.,0.));
#13752 = PCURVE('',#13638,#13753);
#13753 = DEFINITIONAL_REPRESENTATION('',(#13754),#13758);
#13754 = LINE('',#13755,#13756);
#13755 = CARTESIAN_POINT('',(-0.,0.));
#13756 = VECTOR('',#13757,1.);
#13757 = DIRECTION('',(-1.,0.));
#13758 = ( GEOMETRIC_REPRESENTATION_CONTEXT(2) 
PARAMETRIC_REPRESENTATION_CONTEXT() REPRESENTATION_CONTEXT('2D SPACE',''
  ) );
#13759 = PCURVE('',#13760,#13765);
#13760 = PLANE('',#13761);
#13761 = AXIS2_PLACEMENT_3D('',#13762,#13763,#13764);
#13762 = CARTESIAN_POINT('',(-1.458602808042E-15,2.339560088947E-16,122.
    ));
#13763 = DIRECTION('',(0.,0.,1.));
#13764 = DIRECTION('',(1.,0.,-0.));
#13765 = DEFINITIONAL_REPRESENTATION('',(#13766),#13770);
#13766 = CIRCLE('',#13767,30.);
#13767 = AXIS2_PLACEMENT_2D('',#13768,#13769);
#13768 = CARTESIAN_POINT('',(1.458602808042E-15,-2.339560088947E-16));
#13769 = DIRECTION('',(1.,0.));
#13770 = ( GEOMETRIC_REPRESENTATION_CONTEXT(2) 
PARAMETRIC_REPRESENTATION_CONTEXT() REPRESENTATION_CONTEXT('2D SPACE',''
  ) );
#13771 = ORIENTED_EDGE('',*,*,#13772,.T.);
#13772 = EDGE_CURVE('',#13744,#13618,#13773,.T.);
#13773 = SEAM_CURVE('',#13774,(#13778,#13785),.PCURVE_S1.);
#13774 = LINE('',#13775,#13776);
#13775 = CARTESIAN_POINT('',(30.,0.,122.));
#13776 = VECTOR('',#13777,1.);
#13777 = DIRECTION('',(0.,0.,1.));
#13778 = PCURVE('',#13638,#13779);
#13779 = DEFINITIONAL_REPRESENTATION('',(#13780),#13784);
#13780 = LINE('',#13781,#13782);
#13781 = CARTESIAN_POINT('',(-6.28318530718,0.));
#13782 = VECTOR('',#13783,1.);
#13783 = DIRECTION('',(-0.,-1.));
#13784 = ( GEOMETRIC_REPRESENTATION_CONTEXT(2) 
PARAMETRIC_REPRESENTATION_CONTEXT() REPRESENTATION_CONTEXT('2D SPACE',''
  ) );
#13785 = PCURVE('',#13638,#13786);
#13786 = DEFINITIONAL_REPRESENTATION('',(#13787),#13791);
#13787 = LINE('',#13788,#13789);
#13788 = CARTESIAN_POINT('',(-0.,0.));
#13789 = VECTOR('',#13790,1.);
#13790 = DIRECTION('',(-0.,-1.));
#13791 = ( GEOMETRIC_REPRESENTATION_CONTEXT(2) 
PARAMETRIC_REPRESENTATION_CONTEXT() REPRESENTATION_CONTEXT('2D SPACE',''
  ) );
#13792 = ORIENTED_EDGE('',*,*,#13617,.F.);
#13793 = ORIENTED_EDGE('',*,*,#13772,.F.);
#13794 = ADVANCED_FACE('',(#13795),#13673,.T.);
#13795 = FACE_BOUND('',#13796,.F.);
#13796 = EDGE_LOOP('',(#13797,#13830,#13851,#13852));
#13797 = ORIENTED_EDGE('',*,*,#13798,.T.);
#13798 = EDGE_CURVE('',#13799,#13799,#13801,.T.);
#13799 = VERTEX_POINT('',#13800);
#13800 = CARTESIAN_POINT('',(9.,0.,50.));
#13801 = SURFACE_CURVE('',#13802,(#13807,#13814),.PCURVE_S1.);
#13802 = CIRCLE('',#13803,9.);
#13803 = AXIS2_PLACEMENT_3D('',#13804,#13805,#13806);
#13804 = CARTESIAN_POINT('',(0.,0.,50.));
#13805 = DIRECTION('',(0.,0.,-1.));
#13806 = DIRECTION('',(1.,0.,0.));
#13807 = PCURVE('',#13673,#13808);
#13808 = DEFINITIONAL_REPRESENTATION('',(#13809),#13813);
#13809 = LINE('',#13810,#13811);
#13810 = CARTESIAN_POINT('',(-6.28318530718,-12.));
#13811 = VECTOR('',#13812,1.);
#13812 = DIRECTION('',(1.,-0.));
#13813 = ( GEOMETRIC_REPRESENTATION_CONTEXT(2) 
PARAMETRIC_REPRESENTATION_CONTEXT() REPRESENTATION_CONTEXT('2D SPACE',''
  ) );
#13814 = PCURVE('',#13815,#13820);
#13815 = PLANE('',#13816);
#13816 = AXIS2_PLACEMENT_3D('',#13817,#13818,#13819);
#13817 = CARTESIAN_POINT('',(-9.116267550263E-16,-4.558133775131E-16,50.
    ));
#13818 = DIRECTION('',(0.,0.,1.));
#13819 = DIRECTION('',(1.,0.,-0.));
#13820 = DEFINITIONAL_REPRESENTATION('',(#13821),#13829);
#13821 = ( BOUNDED_CURVE() B_SPLINE_CURVE(2,(#13822,#13823,#13824,#13825
    ,#13826,#13827,#13828),.UNSPECIFIED.,.T.,.F.) 
B_SPLINE_CURVE_WITH_KNOTS((1,2,2,2,2,1),(-2.094395102393,0.,
    2.094395102393,4.188790204786,6.28318530718,8.377580409573),
.UNSPECIFIED.) CURVE() GEOMETRIC_REPRESENTATION_ITEM() 
RATIONAL_B_SPLINE_CURVE((1.,0.5,1.,0.5,1.,0.5,1.)) REPRESENTATION_ITEM(
  '') );
#13822 = CARTESIAN_POINT('',(9.,4.558133775131E-16));
#13823 = CARTESIAN_POINT('',(9.,-15.58845726812));
#13824 = CARTESIAN_POINT('',(-4.5,-7.79422863406));
#13825 = CARTESIAN_POINT('',(-18.,-1.748550860952E-15));
#13826 = CARTESIAN_POINT('',(-4.5,7.79422863406));
#13827 = CARTESIAN_POINT('',(9.,15.58845726812));
#13828 = CARTESIAN_POINT('',(9.,4.558133775131E-16));
#13829 = ( GEOMETRIC_REPRESENTATION_CONTEXT(2) 
PARAMETRIC_REPRESENTATION_CONTEXT() REPRESENTATION_CONTEXT('2D SPACE',''
  ) );
#13830 = ORIENTED_EDGE('',*,*,#13831,.T.);
#13831 = EDGE_CURVE('',#13799,#13657,#13832,.T.);
#13832 = SEAM_CURVE('',#13833,(#13837,#13844),.PCURVE_S1.);
#13833 = LINE('',#13834,#13835);
#13834 = CARTESIAN_POINT('',(9.,0.,38.));
#13835 = VECTOR('',#13836,1.);
#13836 = DIRECTION('',(0.,0.,1.));
#13837 = PCURVE('',#13673,#13838);
#13838 = DEFINITIONAL_REPRESENTATION('',(#13839),#13843);
#13839 = LINE('',#13840,#13841);
#13840 = CARTESIAN_POINT('',(-6.28318530718,0.));
#13841 = VECTOR('',#13842,1.);
#13842 = DIRECTION('',(-0.,-1.));
#13843 = ( GEOMETRIC_REPRESENTATION_CONTEXT(2) 
PARAMETRIC_REPRESENTATION_CONTEXT() REPRESENTATION_CONTEXT('2D SPACE',''
  ) );
#13844 = PCURVE('',#13673,#13845);
#13845 = DEFINITIONAL_REPRESENTATION('',(#13846),#13850);
#13846 = LINE('',#13847,#13848);
#13847 = CARTESIAN_POINT('',(-0.,0.));
#13848 = VECTOR('',#13849,1.);
#13849 = DIRECTION('',(-0.,-1.));
#13850 = ( GEOMETRIC_REPRESENTATION_CONTEXT(2) 
PARAMETRIC_REPRESENTATION_CONTEXT() REPRESENTATION_CONTEXT('2D SPACE',''
  ) );
#13851 = ORIENTED_EDGE('',*,*,#13656,.T.);
#13852 = ORIENTED_EDGE('',*,*,#13831,.F.);
#13853 = ADVANCED_FACE('',(#13854),#13726,.T.);
#13854 = FACE_BOUND('',#13855,.T.);
#13855 = EDGE_LOOP('',(#13856));
#13856 = ORIENTED_EDGE('',*,*,#13711,.T.);
#13857 = ADVANCED_FACE('',(#13858),#13760,.T.);
#13858 = FACE_BOUND('',#13859,.T.);
#13859 = EDGE_LOOP('',(#13860));
#13860 = ORIENTED_EDGE('',*,*,#13743,.T.);
#13861 = ADVANCED_FACE('',(#13862,#14032),#13815,.T.);
#13862 = FACE_BOUND('',#13863,.T.);
#13863 = EDGE_LOOP('',(#13864,#13894,#13922,#13950,#13978,#14006));
#13864 = ORIENTED_EDGE('',*,*,#13865,.T.);
#13865 = EDGE_CURVE('',#13866,#13868,#13870,.T.);
#13866 = VERTEX_POINT('',#13867);
#13867 = CARTESIAN_POINT('',(15.58845726812,0.,50.));
#13868 = VERTEX_POINT('',#13869);
#13869 = CARTESIAN_POINT('',(7.79422863406,13.5,50.));
#13870 = SURFACE_CURVE('',#13871,(#13875,#13882),.PCURVE_S1.);
#13871 = LINE('',#13872,#13873);
#13872 = CARTESIAN_POINT('',(15.58845726812,0.,50.));
#13873 = VECTOR('',#13874,1.);
#13874 = DIRECTION('',(-0.5,0.866025403784,0.));
#13875 = PCURVE('',#13815,#13876);
#13876 = DEFINITIONAL_REPRESENTATION('',(#13877),#13881);
#13877 = LINE('',#13878,#13879);
#13878 = CARTESIAN_POINT('',(15.58845726812,4.558133775131E-16));
#13879 = VECTOR('',#13880,1.);
#13880 = DIRECTION('',(-0.5,0.866025403784));
#13881 = ( GEOMETRIC_REPRESENTATION_CONTEXT(2) 
PARAMETRIC_REPRESENTATION_CONTEXT() REPRESENTATION_CONTEXT('2D SPACE',''
  ) );
#13882 = PCURVE('',#13883,#13888);
#13883 = PLANE('',#13884);
#13884 = AXIS2_PLACEMENT_3D('',#13885,#13886,#13887);
#13885 = CARTESIAN_POINT('',(15.58845726812,0.,42.));
#13886 = DIRECTION('',(-0.866025403784,-0.5,0.));
#13887 = DIRECTION('',(-0.5,0.866025403784,0.));
#13888 = DEFINITIONAL_REPRESENTATION('',(#13889),#13893);
#13889 = LINE('',#13890,#13891);
#13890 = CARTESIAN_POINT('',(0.,-8.));
#13891 = VECTOR('',#13892,1.);
#13892 = DIRECTION('',(1.,0.));
#13893 = ( GEOMETRIC_REPRESENTATION_CONTEXT(2) 
PARAMETRIC_REPRESENTATION_CONTEXT() REPRESENTATION_CONTEXT('2D SPACE',''
  ) );
#13894 = ORIENTED_EDGE('',*,*,#13895,.T.);
#13895 = EDGE_CURVE('',#13868,#13896,#13898,.T.);
#13896 = VERTEX_POINT('',#13897);
#13897 = CARTESIAN_POINT('',(-7.79422863406,13.5,50.));
#13898 = SURFACE_CURVE('',#13899,(#13903,#13910),.PCURVE_S1.);
#13899 = LINE('',#13900,#13901);
#13900 = CARTESIAN_POINT('',(7.79422863406,13.5,50.));
#13901 = VECTOR('',#13902,1.);
#13902 = DIRECTION('',(-1.,1.139533443783E-16,0.));
#13903 = PCURVE('',#13815,#13904);
#13904 = DEFINITIONAL_REPRESENTATION('',(#13905),#13909);
#13905 = LINE('',#13906,#13907);
#13906 = CARTESIAN_POINT('',(7.79422863406,13.5));
#13907 = VECTOR('',#13908,1.);
#13908 = DIRECTION('',(-1.,1.139533443783E-16));
#13909 = ( GEOMETRIC_REPRESENTATION_CONTEXT(2) 
PARAMETRIC_REPRESENTATION_CONTEXT() REPRESENTATION_CONTEXT('2D SPACE',''
  ) );
#13910 = PCURVE('',#13911,#13916);
#13911 = PLANE('',#13912);
#13912 = AXIS2_PLACEMENT_3D('',#13913,#13914,#13915);
#13913 = CARTESIAN_POINT('',(7.79422863406,13.5,42.));
#13914 = DIRECTION('',(-1.139533443783E-16,-1.,0.));
#13915 = DIRECTION('',(-1.,1.139533443783E-16,0.));
#13916 = DEFINITIONAL_REPRESENTATION('',(#13917),#13921);
#13917 = LINE('',#13918,#13919);
#13918 = CARTESIAN_POINT('',(0.,-8.));
#13919 = VECTOR('',#13920,1.);
#13920 = DIRECTION('',(1.,0.));
#13921 = ( GEOMETRIC_REPRESENTATION_CONTEXT(2) 
PARAMETRIC_REPRESENTATION_CONTEXT() REPRESENTATION_CONTEXT('2D SPACE',''
  ) );
#13922 = ORIENTED_EDGE('',*,*,#13923,.T.);
#13923 = EDGE_CURVE('',#13896,#13924,#13926,.T.);
#13924 = VERTEX_POINT('',#13925);
#13925 = CARTESIAN_POINT('',(-15.58845726812,1.909035429705E-15,50.));
#13926 = SURFACE_CURVE('',#13927,(#13931,#13938),.PCURVE_S1.);
#13927 = LINE('',#13928,#13929);
#13928 = CARTESIAN_POINT('',(-7.79422863406,13.5,50.));
#13929 = VECTOR('',#13930,1.);
#13930 = DIRECTION('',(-0.5,-0.866025403784,0.));
#13931 = PCURVE('',#13815,#13932);
#13932 = DEFINITIONAL_REPRESENTATION('',(#13933),#13937);
#13933 = LINE('',#13934,#13935);
#13934 = CARTESIAN_POINT('',(-7.79422863406,13.5));
#13935 = VECTOR('',#13936,1.);
#13936 = DIRECTION('',(-0.5,-0.866025403784));
#13937 = ( GEOMETRIC_REPRESENTATION_CONTEXT(2) 
PARAMETRIC_REPRESENTATION_CONTEXT() REPRESENTATION_CONTEXT('2D SPACE',''
  ) );
#13938 = PCURVE('',#13939,#13944);
#13939 = PLANE('',#13940);
#13940 = AXIS2_PLACEMENT_3D('',#13941,#13942,#13943);
#13941 = CARTESIAN_POINT('',(-7.79422863406,13.5,42.));
#13942 = DIRECTION('',(0.866025403784,-0.5,0.));
#13943 = DIRECTION('',(-0.5,-0.866025403784,0.));
#13944 = DEFINITIONAL_REPRESENTATION('',(#13945),#13949);
#13945 = LINE('',#13946,#13947);
#13946 = CARTESIAN_POINT('',(0.,-8.));
#13947 = VECTOR('',#13948,1.);
#13948 = DIRECTION('',(1.,0.));
#13949 = ( GEOMETRIC_REPRESENTATION_CONTEXT(2) 
PARAMETRIC_REPRESENTATION_CONTEXT() REPRESENTATION_CONTEXT('2D SPACE',''
  ) );
#13950 = ORIENTED_EDGE('',*,*,#13951,.T.);
#13951 = EDGE_CURVE('',#13924,#13952,#13954,.T.);
#13952 = VERTEX_POINT('',#13953);
#13953 = CARTESIAN_POINT('',(-7.79422863406,-13.5,50.));
#13954 = SURFACE_CURVE('',#13955,(#13959,#13966),.PCURVE_S1.);
#13955 = LINE('',#13956,#13957);
#13956 = CARTESIAN_POINT('',(-15.58845726812,1.909035429705E-15,50.));
#13957 = VECTOR('',#13958,1.);
#13958 = DIRECTION('',(0.5,-0.866025403784,0.));
#13959 = PCURVE('',#13815,#13960);
#13960 = DEFINITIONAL_REPRESENTATION('',(#13961),#13965);
#13961 = LINE('',#13962,#13963);
#13962 = CARTESIAN_POINT('',(-15.58845726812,2.364848807218E-15));
#13963 = VECTOR('',#13964,1.);
#13964 = DIRECTION('',(0.5,-0.866025403784));
#13965 = ( GEOMETRIC_REPRESENTATION_CONTEXT(2) 
PARAMETRIC_REPRESENTATION_CONTEXT() REPRESENTATION_CONTEXT('2D SPACE',''
  ) );
#13966 = PCURVE('',#13967,#13972);
#13967 = PLANE('',#13968);
#13968 = AXIS2_PLACEMENT_3D('',#13969,#13970,#13971);
#13969 = CARTESIAN_POINT('',(-15.58845726812,1.909035429705E-15,42.));
#13970 = DIRECTION('',(0.866025403784,0.5,-0.));
#13971 = DIRECTION('',(0.5,-0.866025403784,0.));
#13972 = DEFINITIONAL_REPRESENTATION('',(#13973),#13977);
#13973 = LINE('',#13974,#13975);
#13974 = CARTESIAN_POINT('',(0.,-8.));
#13975 = VECTOR('',#13976,1.);
#13976 = DIRECTION('',(1.,0.));
#13977 = ( GEOMETRIC_REPRESENTATION_CONTEXT(2) 
PARAMETRIC_REPRESENTATION_CONTEXT() REPRESENTATION_CONTEXT('2D SPACE',''
  ) );
#13978 = ORIENTED_EDGE('',*,*,#13979,.T.);
#13979 = EDGE_CURVE('',#13952,#13980,#13982,.T.);
#13980 = VERTEX_POINT('',#13981);
#13981 = CARTESIAN_POINT('',(7.79422863406,-13.5,50.));
#13982 = SURFACE_CURVE('',#13983,(#13987,#13994),.PCURVE_S1.);
#13983 = LINE('',#13984,#13985);
#13984 = CARTESIAN_POINT('',(-7.79422863406,-13.5,50.));
#13985 = VECTOR('',#13986,1.);
#13986 = DIRECTION('',(1.,-6.837200662697E-16,0.));
#13987 = PCURVE('',#13815,#13988);
#13988 = DEFINITIONAL_REPRESENTATION('',(#13989),#13993);
#13989 = LINE('',#13990,#13991);
#13990 = CARTESIAN_POINT('',(-7.79422863406,-13.5));
#13991 = VECTOR('',#13992,1.);
#13992 = DIRECTION('',(1.,-6.837200662697E-16));
#13993 = ( GEOMETRIC_REPRESENTATION_CONTEXT(2) 
PARAMETRIC_REPRESENTATION_CONTEXT() REPRESENTATION_CONTEXT('2D SPACE',''
  ) );
#13994 = PCURVE('',#13995,#14000);
#13995 = PLANE('',#13996);
#13996 = AXIS2_PLACEMENT_3D('',#13997,#13998,#13999);
#13997 = CARTESIAN_POINT('',(-7.79422863406,-13.5,42.));
#13998 = DIRECTION('',(6.837200662697E-16,1.,-0.));
#13999 = DIRECTION('',(1.,-6.837200662697E-16,0.));
#14000 = DEFINITIONAL_REPRESENTATION('',(#14001),#14005);
#14001 = LINE('',#14002,#14003);
#14002 = CARTESIAN_POINT('',(0.,-8.));
#14003 = VECTOR('',#14004,1.);
#14004 = DIRECTION('',(1.,0.));
#14005 = ( GEOMETRIC_REPRESENTATION_CONTEXT(2) 
PARAMETRIC_REPRESENTATION_CONTEXT() REPRESENTATION_CONTEXT('2D SPACE',''
  ) );
#14006 = ORIENTED_EDGE('',*,*,#14007,.T.);
#14007 = EDGE_CURVE('',#13980,#13866,#14008,.T.);
#14008 = SURFACE_CURVE('',#14009,(#14013,#14020),.PCURVE_S1.);
#14009 = LINE('',#14010,#14011);
#14010 = CARTESIAN_POINT('',(7.79422863406,-13.5,50.));
#14011 = VECTOR('',#14012,1.);
#14012 = DIRECTION('',(0.5,0.866025403784,0.));
#14013 = PCURVE('',#13815,#14014);
#14014 = DEFINITIONAL_REPRESENTATION('',(#14015),#14019);
#14015 = LINE('',#14016,#14017);
#14016 = CARTESIAN_POINT('',(7.79422863406,-13.5));
#14017 = VECTOR('',#14018,1.);
#14018 = DIRECTION('',(0.5,0.866025403784));
#14019 = ( GEOMETRIC_REPRESENTATION_CONTEXT(2) 
PARAMETRIC_REPRESENTATION_CONTEXT() REPRESENTATION_CONTEXT('2D SPACE',''
  ) );
#14020 = PCURVE('',#14021,#14026);
#14021 = PLANE('',#14022);
#14022 = AXIS2_PLACEMENT_3D('',#14023,#14024,#14025);
#14023 = CARTESIAN_POINT('',(7.79422863406,-13.5,42.));
#14024 = DIRECTION('',(-0.866025403784,0.5,0.));
#14025 = DIRECTION('',(0.5,0.866025403784,0.));
#14026 = DEFINITIONAL_REPRESENTATION('',(#14027),#14031);
#14027 = LINE('',#14028,#14029);
#14028 = CARTESIAN_POINT('',(0.,-8.));
#14029 = VECTOR('',#14030,1.);
#14030 = DIRECTION('',(1.,0.));
#14031 = ( GEOMETRIC_REPRESENTATION_CONTEXT(2) 
PARAMETRIC_REPRESENTATION_CONTEXT() REPRESENTATION_CONTEXT('2D SPACE',''
  ) );
#14032 = FACE_BOUND('',#14033,.T.);
#14033 = EDGE_LOOP('',(#14034));
#14034 = ORIENTED_EDGE('',*,*,#13798,.T.);
#14035 = ADVANCED_FACE('',(#14036),#13883,.F.);
#14036 = FACE_BOUND('',#14037,.F.);
#14037 = EDGE_LOOP('',(#14038,#14061,#14062,#14085));
#14038 = ORIENTED_EDGE('',*,*,#14039,.T.);
#14039 = EDGE_CURVE('',#14040,#13866,#14042,.T.);
#14040 = VERTEX_POINT('',#14041);
#14041 = CARTESIAN_POINT('',(15.58845726812,0.,42.));
#14042 = SURFACE_CURVE('',#14043,(#14047,#14054),.PCURVE_S1.);
#14043 = LINE('',#14044,#14045);
#14044 = CARTESIAN_POINT('',(15.58845726812,0.,42.));
#14045 = VECTOR('',#14046,1.);
#14046 = DIRECTION('',(0.,0.,1.));
#14047 = PCURVE('',#13883,#14048);
#14048 = DEFINITIONAL_REPRESENTATION('',(#14049),#14053);
#14049 = LINE('',#14050,#14051);
#14050 = CARTESIAN_POINT('',(0.,0.));
#14051 = VECTOR('',#14052,1.);
#14052 = DIRECTION('',(0.,-1.));
#14053 = ( GEOMETRIC_REPRESENTATION_CONTEXT(2) 
PARAMETRIC_REPRESENTATION_CONTEXT() REPRESENTATION_CONTEXT('2D SPACE',''
  ) );
#14054 = PCURVE('',#14021,#14055);
#14055 = DEFINITIONAL_REPRESENTATION('',(#14056),#14060);
#14056 = LINE('',#14057,#14058);
#14057 = CARTESIAN_POINT('',(15.58845726812,0.));
#14058 = VECTOR('',#14059,1.);
#14059 = DIRECTION('',(0.,-1.));
#14060 = ( GEOMETRIC_REPRESENTATION_CONTEXT(2) 
PARAMETRIC_REPRESENTATION_CONTEXT() REPRESENTATION_CONTEXT('2D SPACE',''
  ) );
#14061 = ORIENTED_EDGE('',*,*,#13865,.T.);
#14062 = ORIENTED_EDGE('',*,*,#14063,.F.);
#14063 = EDGE_CURVE('',#14064,#13868,#14066,.T.);
#14064 = VERTEX_POINT('',#14065);
#14065 = CARTESIAN_POINT('',(7.79422863406,13.5,42.));
#14066 = SURFACE_CURVE('',#14067,(#14071,#14078),.PCURVE_S1.);
#14067 = LINE('',#14068,#14069);
#14068 = CARTESIAN_POINT('',(7.79422863406,13.5,42.));
#14069 = VECTOR('',#14070,1.);
#14070 = DIRECTION('',(0.,0.,1.));
#14071 = PCURVE('',#13883,#14072);
#14072 = DEFINITIONAL_REPRESENTATION('',(#14073),#14077);
#14073 = LINE('',#14074,#14075);
#14074 = CARTESIAN_POINT('',(15.58845726812,0.));
#14075 = VECTOR('',#14076,1.);
#14076 = DIRECTION('',(0.,-1.));
#14077 = ( GEOMETRIC_REPRESENTATION_CONTEXT(2) 
PARAMETRIC_REPRESENTATION_CONTEXT() REPRESENTATION_CONTEXT('2D SPACE',''
  ) );
#14078 = PCURVE('',#13911,#14079);
#14079 = DEFINITIONAL_REPRESENTATION('',(#14080),#14084);
#14080 = LINE('',#14081,#14082);
#14081 = CARTESIAN_POINT('',(0.,0.));
#14082 = VECTOR('',#14083,1.);
#14083 = DIRECTION('',(0.,-1.));
#14084 = ( GEOMETRIC_REPRESENTATION_CONTEXT(2) 
PARAMETRIC_REPRESENTATION_CONTEXT() REPRESENTATION_CONTEXT('2D SPACE',''
  ) );
#14085 = ORIENTED_EDGE('',*,*,#14086,.F.);
#14086 = EDGE_CURVE('',#14040,#14064,#14087,.T.);
#14087 = SURFACE_CURVE('',#14088,(#14092,#14099),.PCURVE_S1.);
#14088 = LINE('',#14089,#14090);
#14089 = CARTESIAN_POINT('',(15.58845726812,0.,42.));
#14090 = VECTOR('',#14091,1.);
#14091 = DIRECTION('',(-0.5,0.866025403784,0.));
#14092 = PCURVE('',#13883,#14093);
#14093 = DEFINITIONAL_REPRESENTATION('',(#14094),#14098);
#14094 = LINE('',#14095,#14096);
#14095 = CARTESIAN_POINT('',(0.,0.));
#14096 = VECTOR('',#14097,1.);
#14097 = DIRECTION('',(1.,0.));
#14098 = ( GEOMETRIC_REPRESENTATION_CONTEXT(2) 
PARAMETRIC_REPRESENTATION_CONTEXT() REPRESENTATION_CONTEXT('2D SPACE',''
  ) );
#14099 = PCURVE('',#14100,#14105);
#14100 = PLANE('',#14101);
#14101 = AXIS2_PLACEMENT_3D('',#14102,#14103,#14104);
#14102 = CARTESIAN_POINT('',(-9.116267550263E-16,-4.558133775131E-16,42.
    ));
#14103 = DIRECTION('',(0.,0.,1.));
#14104 = DIRECTION('',(1.,0.,-0.));
#14105 = DEFINITIONAL_REPRESENTATION('',(#14106),#14110);
#14106 = LINE('',#14107,#14108);
#14107 = CARTESIAN_POINT('',(15.58845726812,4.558133775131E-16));
#14108 = VECTOR('',#14109,1.);
#14109 = DIRECTION('',(-0.5,0.866025403784));
#14110 = ( GEOMETRIC_REPRESENTATION_CONTEXT(2) 
PARAMETRIC_REPRESENTATION_CONTEXT() REPRESENTATION_CONTEXT('2D SPACE',''
  ) );
#14111 = ADVANCED_FACE('',(#14112),#14021,.F.);
#14112 = FACE_BOUND('',#14113,.F.);
#14113 = EDGE_LOOP('',(#14114,#14137,#14138,#14139));
#14114 = ORIENTED_EDGE('',*,*,#14115,.T.);
#14115 = EDGE_CURVE('',#14116,#13980,#14118,.T.);
#14116 = VERTEX_POINT('',#14117);
#14117 = CARTESIAN_POINT('',(7.79422863406,-13.5,42.));
#14118 = SURFACE_CURVE('',#14119,(#14123,#14130),.PCURVE_S1.);
#14119 = LINE('',#14120,#14121);
#14120 = CARTESIAN_POINT('',(7.79422863406,-13.5,42.));
#14121 = VECTOR('',#14122,1.);
#14122 = DIRECTION('',(0.,0.,1.));
#14123 = PCURVE('',#14021,#14124);
#14124 = DEFINITIONAL_REPRESENTATION('',(#14125),#14129);
#14125 = LINE('',#14126,#14127);
#14126 = CARTESIAN_POINT('',(0.,0.));
#14127 = VECTOR('',#14128,1.);
#14128 = DIRECTION('',(0.,-1.));
#14129 = ( GEOMETRIC_REPRESENTATION_CONTEXT(2) 
PARAMETRIC_REPRESENTATION_CONTEXT() REPRESENTATION_CONTEXT('2D SPACE',''
  ) );
#14130 = PCURVE('',#13995,#14131);
#14131 = DEFINITIONAL_REPRESENTATION('',(#14132),#14136);
#14132 = LINE('',#14133,#14134);
#14133 = CARTESIAN_POINT('',(15.58845726812,0.));
#14134 = VECTOR('',#14135,1.);
#14135 = DIRECTION('',(0.,-1.));
#14136 = ( GEOMETRIC_REPRESENTATION_CONTEXT(2) 
PARAMETRIC_REPRESENTATION_CONTEXT() REPRESENTATION_CONTEXT('2D SPACE',''
  ) );
#14137 = ORIENTED_EDGE('',*,*,#14007,.T.);
#14138 = ORIENTED_EDGE('',*,*,#14039,.F.);
#14139 = ORIENTED_EDGE('',*,*,#14140,.F.);
#14140 = EDGE_CURVE('',#14116,#14040,#14141,.T.);
#14141 = SURFACE_CURVE('',#14142,(#14146,#14153),.PCURVE_S1.);
#14142 = LINE('',#14143,#14144);
#14143 = CARTESIAN_POINT('',(7.79422863406,-13.5,42.));
#14144 = VECTOR('',#14145,1.);
#14145 = DIRECTION('',(0.5,0.866025403784,0.));
#14146 = PCURVE('',#14021,#14147);
#14147 = DEFINITIONAL_REPRESENTATION('',(#14148),#14152);
#14148 = LINE('',#14149,#14150);
#14149 = CARTESIAN_POINT('',(0.,0.));
#14150 = VECTOR('',#14151,1.);
#14151 = DIRECTION('',(1.,0.));
#14152 = ( GEOMETRIC_REPRESENTATION_CONTEXT(2) 
PARAMETRIC_REPRESENTATION_CONTEXT() REPRESENTATION_CONTEXT('2D SPACE',''
  ) );
#14153 = PCURVE('',#14100,#14154);
#14154 = DEFINITIONAL_REPRESENTATION('',(#14155),#14159);
#14155 = LINE('',#14156,#14157);
#14156 = CARTESIAN_POINT('',(7.79422863406,-13.5));
#14157 = VECTOR('',#14158,1.);
#14158 = DIRECTION('',(0.5,0.866025403784));
#14159 = ( GEOMETRIC_REPRESENTATION_CONTEXT(2) 
PARAMETRIC_REPRESENTATION_CONTEXT() REPRESENTATION_CONTEXT('2D SPACE',''
  ) );
#14160 = ADVANCED_FACE('',(#14161),#13911,.F.);
#14161 = FACE_BOUND('',#14162,.F.);
#14162 = EDGE_LOOP('',(#14163,#14164,#14165,#14188));
#14163 = ORIENTED_EDGE('',*,*,#14063,.T.);
#14164 = ORIENTED_EDGE('',*,*,#13895,.T.);
#14165 = ORIENTED_EDGE('',*,*,#14166,.F.);
#14166 = EDGE_CURVE('',#14167,#13896,#14169,.T.);
#14167 = VERTEX_POINT('',#14168);
#14168 = CARTESIAN_POINT('',(-7.79422863406,13.5,42.));
#14169 = SURFACE_CURVE('',#14170,(#14174,#14181),.PCURVE_S1.);
#14170 = LINE('',#14171,#14172);
#14171 = CARTESIAN_POINT('',(-7.79422863406,13.5,42.));
#14172 = VECTOR('',#14173,1.);
#14173 = DIRECTION('',(0.,0.,1.));
#14174 = PCURVE('',#13911,#14175);
#14175 = DEFINITIONAL_REPRESENTATION('',(#14176),#14180);
#14176 = LINE('',#14177,#14178);
#14177 = CARTESIAN_POINT('',(15.58845726812,0.));
#14178 = VECTOR('',#14179,1.);
#14179 = DIRECTION('',(0.,-1.));
#14180 = ( GEOMETRIC_REPRESENTATION_CONTEXT(2) 
PARAMETRIC_REPRESENTATION_CONTEXT() REPRESENTATION_CONTEXT('2D SPACE',''
  ) );
#14181 = PCURVE('',#13939,#14182);
#14182 = DEFINITIONAL_REPRESENTATION('',(#14183),#14187);
#14183 = LINE('',#14184,#14185);
#14184 = CARTESIAN_POINT('',(0.,0.));
#14185 = VECTOR('',#14186,1.);
#14186 = DIRECTION('',(0.,-1.));
#14187 = ( GEOMETRIC_REPRESENTATION_CONTEXT(2) 
PARAMETRIC_REPRESENTATION_CONTEXT() REPRESENTATION_CONTEXT('2D SPACE',''
  ) );
#14188 = ORIENTED_EDGE('',*,*,#14189,.F.);
#14189 = EDGE_CURVE('',#14064,#14167,#14190,.T.);
#14190 = SURFACE_CURVE('',#14191,(#14195,#14202),.PCURVE_S1.);
#14191 = LINE('',#14192,#14193);
#14192 = CARTESIAN_POINT('',(7.79422863406,13.5,42.));
#14193 = VECTOR('',#14194,1.);
#14194 = DIRECTION('',(-1.,1.139533443783E-16,0.));
#14195 = PCURVE('',#13911,#14196);
#14196 = DEFINITIONAL_REPRESENTATION('',(#14197),#14201);
#14197 = LINE('',#14198,#14199);
#14198 = CARTESIAN_POINT('',(0.,0.));
#14199 = VECTOR('',#14200,1.);
#14200 = DIRECTION('',(1.,0.));
#14201 = ( GEOMETRIC_REPRESENTATION_CONTEXT(2) 
PARAMETRIC_REPRESENTATION_CONTEXT() REPRESENTATION_CONTEXT('2D SPACE',''
  ) );
#14202 = PCURVE('',#14100,#14203);
#14203 = DEFINITIONAL_REPRESENTATION('',(#14204),#14208);
#14204 = LINE('',#14205,#14206);
#14205 = CARTESIAN_POINT('',(7.79422863406,13.5));
#14206 = VECTOR('',#14207,1.);
#14207 = DIRECTION('',(-1.,1.139533443783E-16));
#14208 = ( GEOMETRIC_REPRESENTATION_CONTEXT(2) 
PARAMETRIC_REPRESENTATION_CONTEXT() REPRESENTATION_CONTEXT('2D SPACE',''
  ) );
#14209 = ADVANCED_FACE('',(#14210),#13995,.F.);
#14210 = FACE_BOUND('',#14211,.F.);
#14211 = EDGE_LOOP('',(#14212,#14235,#14236,#14237));
#14212 = ORIENTED_EDGE('',*,*,#14213,.T.);
#14213 = EDGE_CURVE('',#14214,#13952,#14216,.T.);
#14214 = VERTEX_POINT('',#14215);
#14215 = CARTESIAN_POINT('',(-7.79422863406,-13.5,42.));
#14216 = SURFACE_CURVE('',#14217,(#14221,#14228),.PCURVE_S1.);
#14217 = LINE('',#14218,#14219);
#14218 = CARTESIAN_POINT('',(-7.79422863406,-13.5,42.));
#14219 = VECTOR('',#14220,1.);
#14220 = DIRECTION('',(0.,0.,1.));
#14221 = PCURVE('',#13995,#14222);
#14222 = DEFINITIONAL_REPRESENTATION('',(#14223),#14227);
#14223 = LINE('',#14224,#14225);
#14224 = CARTESIAN_POINT('',(0.,0.));
#14225 = VECTOR('',#14226,1.);
#14226 = DIRECTION('',(0.,-1.));
#14227 = ( GEOMETRIC_REPRESENTATION_CONTEXT(2) 
PARAMETRIC_REPRESENTATION_CONTEXT() REPRESENTATION_CONTEXT('2D SPACE',''
  ) );
#14228 = PCURVE('',#13967,#14229);
#14229 = DEFINITIONAL_REPRESENTATION('',(#14230),#14234);
#14230 = LINE('',#14231,#14232);
#14231 = CARTESIAN_POINT('',(15.58845726812,0.));
#14232 = VECTOR('',#14233,1.);
#14233 = DIRECTION('',(0.,-1.));
#14234 = ( GEOMETRIC_REPRESENTATION_CONTEXT(2) 
PARAMETRIC_REPRESENTATION_CONTEXT() REPRESENTATION_CONTEXT('2D SPACE',''
  ) );
#14235 = ORIENTED_EDGE('',*,*,#13979,.T.);
#14236 = ORIENTED_EDGE('',*,*,#14115,.F.);
#14237 = ORIENTED_EDGE('',*,*,#14238,.F.);
#14238 = EDGE_CURVE('',#14214,#14116,#14239,.T.);
#14239 = SURFACE_CURVE('',#14240,(#14244,#14251),.PCURVE_S1.);
#14240 = LINE('',#14241,#14242);
#14241 = CARTESIAN_POINT('',(-7.79422863406,-13.5,42.));
#14242 = VECTOR('',#14243,1.);
#14243 = DIRECTION('',(1.,-6.837200662697E-16,0.));
#14244 = PCURVE('',#13995,#14245);
#14245 = DEFINITIONAL_REPRESENTATION('',(#14246),#14250);
#14246 = LINE('',#14247,#14248);
#14247 = CARTESIAN_POINT('',(0.,0.));
#14248 = VECTOR('',#14249,1.);
#14249 = DIRECTION('',(1.,0.));
#14250 = ( GEOMETRIC_REPRESENTATION_CONTEXT(2) 
PARAMETRIC_REPRESENTATION_CONTEXT() REPRESENTATION_CONTEXT('2D SPACE',''
  ) );
#14251 = PCURVE('',#14100,#14252);
#14252 = DEFINITIONAL_REPRESENTATION('',(#14253),#14257);
#14253 = LINE('',#14254,#14255);
#14254 = CARTESIAN_POINT('',(-7.79422863406,-13.5));
#14255 = VECTOR('',#14256,1.);
#14256 = DIRECTION('',(1.,-6.837200662697E-16));
#14257 = ( GEOMETRIC_REPRESENTATION_CONTEXT(2) 
PARAMETRIC_REPRESENTATION_CONTEXT() REPRESENTATION_CONTEXT('2D SPACE',''
  ) );
#14258 = ADVANCED_FACE('',(#14259),#13939,.F.);
#14259 = FACE_BOUND('',#14260,.F.);
#14260 = EDGE_LOOP('',(#14261,#14262,#14263,#14286));
#14261 = ORIENTED_EDGE('',*,*,#14166,.T.);
#14262 = ORIENTED_EDGE('',*,*,#13923,.T.);
#14263 = ORIENTED_EDGE('',*,*,#14264,.F.);
#14264 = EDGE_CURVE('',#14265,#13924,#14267,.T.);
#14265 = VERTEX_POINT('',#14266);
#14266 = CARTESIAN_POINT('',(-15.58845726812,1.909035429705E-15,42.));
#14267 = SURFACE_CURVE('',#14268,(#14272,#14279),.PCURVE_S1.);
#14268 = LINE('',#14269,#14270);
#14269 = CARTESIAN_POINT('',(-15.58845726812,1.909035429705E-15,42.));
#14270 = VECTOR('',#14271,1.);
#14271 = DIRECTION('',(0.,0.,1.));
#14272 = PCURVE('',#13939,#14273);
#14273 = DEFINITIONAL_REPRESENTATION('',(#14274),#14278);
#14274 = LINE('',#14275,#14276);
#14275 = CARTESIAN_POINT('',(15.58845726812,0.));
#14276 = VECTOR('',#14277,1.);
#14277 = DIRECTION('',(0.,-1.));
#14278 = ( GEOMETRIC_REPRESENTATION_CONTEXT(2) 
PARAMETRIC_REPRESENTATION_CONTEXT() REPRESENTATION_CONTEXT('2D SPACE',''
  ) );
#14279 = PCURVE('',#13967,#14280);
#14280 = DEFINITIONAL_REPRESENTATION('',(#14281),#14285);
#14281 = LINE('',#14282,#14283);
#14282 = CARTESIAN_POINT('',(0.,0.));
#14283 = VECTOR('',#14284,1.);
#14284 = DIRECTION('',(0.,-1.));
#14285 = ( GEOMETRIC_REPRESENTATION_CONTEXT(2) 
PARAMETRIC_REPRESENTATION_CONTEXT() REPRESENTATION_CONTEXT('2D SPACE',''
  ) );
#14286 = ORIENTED_EDGE('',*,*,#14287,.F.);
#14287 = EDGE_CURVE('',#14167,#14265,#14288,.T.);
#14288 = SURFACE_CURVE('',#14289,(#14293,#14300),.PCURVE_S1.);
#14289 = LINE('',#14290,#14291);
#14290 = CARTESIAN_POINT('',(-7.79422863406,13.5,42.));
#14291 = VECTOR('',#14292,1.);
#14292 = DIRECTION('',(-0.5,-0.866025403784,0.));
#14293 = PCURVE('',#13939,#14294);
#14294 = DEFINITIONAL_REPRESENTATION('',(#14295),#14299);
#14295 = LINE('',#14296,#14297);
#14296 = CARTESIAN_POINT('',(0.,0.));
#14297 = VECTOR('',#14298,1.);
#14298 = DIRECTION('',(1.,0.));
#14299 = ( GEOMETRIC_REPRESENTATION_CONTEXT(2) 
PARAMETRIC_REPRESENTATION_CONTEXT() REPRESENTATION_CONTEXT('2D SPACE',''
  ) );
#14300 = PCURVE('',#14100,#14301);
#14301 = DEFINITIONAL_REPRESENTATION('',(#14302),#14306);
#14302 = LINE('',#14303,#14304);
#14303 = CARTESIAN_POINT('',(-7.79422863406,13.5));
#14304 = VECTOR('',#14305,1.);
#14305 = DIRECTION('',(-0.5,-0.866025403784));
#14306 = ( GEOMETRIC_REPRESENTATION_CONTEXT(2) 
PARAMETRIC_REPRESENTATION_CONTEXT() REPRESENTATION_CONTEXT('2D SPACE',''
  ) );
#14307 = ADVANCED_FACE('',(#14308),#13967,.F.);
#14308 = FACE_BOUND('',#14309,.F.);
#14309 = EDGE_LOOP('',(#14310,#14311,#14312,#14313));
#14310 = ORIENTED_EDGE('',*,*,#14264,.T.);
#14311 = ORIENTED_EDGE('',*,*,#13951,.T.);
#14312 = ORIENTED_EDGE('',*,*,#14213,.F.);
#14313 = ORIENTED_EDGE('',*,*,#14314,.F.);
#14314 = EDGE_CURVE('',#14265,#14214,#14315,.T.);
#14315 = SURFACE_CURVE('',#14316,(#14320,#14327),.PCURVE_S1.);
#14316 = LINE('',#14317,#14318);
#14317 = CARTESIAN_POINT('',(-15.58845726812,1.909035429705E-15,42.));
#14318 = VECTOR('',#14319,1.);
#14319 = DIRECTION('',(0.5,-0.866025403784,0.));
#14320 = PCURVE('',#13967,#14321);
#14321 = DEFINITIONAL_REPRESENTATION('',(#14322),#14326);
#14322 = LINE('',#14323,#14324);
#14323 = CARTESIAN_POINT('',(0.,0.));
#14324 = VECTOR('',#14325,1.);
#14325 = DIRECTION('',(1.,0.));
#14326 = ( GEOMETRIC_REPRESENTATION_CONTEXT(2) 
PARAMETRIC_REPRESENTATION_CONTEXT() REPRESENTATION_CONTEXT('2D SPACE',''
  ) );
#14327 = PCURVE('',#14100,#14328);
#14328 = DEFINITIONAL_REPRESENTATION('',(#14329),#14333);
#14329 = LINE('',#14330,#14331);
#14330 = CARTESIAN_POINT('',(-15.58845726812,2.364848807218E-15));
#14331 = VECTOR('',#14332,1.);
#14332 = DIRECTION('',(0.5,-0.866025403784));
#14333 = ( GEOMETRIC_REPRESENTATION_CONTEXT(2) 
PARAMETRIC_REPRESENTATION_CONTEXT() REPRESENTATION_CONTEXT('2D SPACE',''
  ) );
#14334 = ADVANCED_FACE('',(#14335,#14343),#14100,.F.);
#14335 = FACE_BOUND('',#14336,.F.);
#14336 = EDGE_LOOP('',(#14337,#14338,#14339,#14340,#14341,#14342));
#14337 = ORIENTED_EDGE('',*,*,#14086,.T.);
#14338 = ORIENTED_EDGE('',*,*,#14189,.T.);
#14339 = ORIENTED_EDGE('',*,*,#14287,.T.);
#14340 = ORIENTED_EDGE('',*,*,#14314,.T.);
#14341 = ORIENTED_EDGE('',*,*,#14238,.T.);
#14342 = ORIENTED_EDGE('',*,*,#14140,.T.);
#14343 = FACE_BOUND('',#14344,.F.);
#14344 = EDGE_LOOP('',(#14345));
#14345 = ORIENTED_EDGE('',*,*,#14346,.T.);
#14346 = EDGE_CURVE('',#14347,#14347,#14349,.T.);
#14347 = VERTEX_POINT('',#14348);
#14348 = CARTESIAN_POINT('',(9.,0.,42.));
#14349 = SURFACE_CURVE('',#14350,(#14355,#14366),.PCURVE_S1.);
#14350 = CIRCLE('',#14351,9.);
#14351 = AXIS2_PLACEMENT_3D('',#14352,#14353,#14354);
#14352 = CARTESIAN_POINT('',(0.,0.,42.));
#14353 = DIRECTION('',(0.,0.,-1.));
#14354 = DIRECTION('',(1.,0.,0.));
#14355 = PCURVE('',#14100,#14356);
#14356 = DEFINITIONAL_REPRESENTATION('',(#14357),#14365);
#14357 = ( BOUNDED_CURVE() B_SPLINE_CURVE(2,(#14358,#14359,#14360,#14361
    ,#14362,#14363,#14364),.UNSPECIFIED.,.T.,.F.) 
B_SPLINE_CURVE_WITH_KNOTS((1,2,2,2,2,1),(-2.094395102393,0.,
    2.094395102393,4.188790204786,6.28318530718,8.377580409573),
.UNSPECIFIED.) CURVE() GEOMETRIC_REPRESENTATION_ITEM() 
RATIONAL_B_SPLINE_CURVE((1.,0.5,1.,0.5,1.,0.5,1.)) REPRESENTATION_ITEM(
  '') );
#14358 = CARTESIAN_POINT('',(9.,4.558133775131E-16));
#14359 = CARTESIAN_POINT('',(9.,-15.58845726812));
#14360 = CARTESIAN_POINT('',(-4.5,-7.79422863406));
#14361 = CARTESIAN_POINT('',(-18.,-1.748550860952E-15));
#14362 = CARTESIAN_POINT('',(-4.5,7.79422863406));
#14363 = CARTESIAN_POINT('',(9.,15.58845726812));
#14364 = CARTESIAN_POINT('',(9.,4.558133775131E-16));
#14365 = ( GEOMETRIC_REPRESENTATION_CONTEXT(2) 
PARAMETRIC_REPRESENTATION_CONTEXT() REPRESENTATION_CONTEXT('2D SPACE',''
  ) );
#14366 = PCURVE('',#14367,#14372);
#14367 = CYLINDRICAL_SURFACE('',#14368,9.);
#14368 = AXIS2_PLACEMENT_3D('',#14369,#14370,#14371);
#14369 = CARTESIAN_POINT('',(0.,0.,38.));
#14370 = DIRECTION('',(-0.,-0.,-1.));
#14371 = DIRECTION('',(1.,0.,0.));
#14372 = DEFINITIONAL_REPRESENTATION('',(#14373),#14377);
#14373 = LINE('',#14374,#14375);
#14374 = CARTESIAN_POINT('',(-6.28318530718,-4.));
#14375 = VECTOR('',#14376,1.);
#14376 = DIRECTION('',(1.,-0.));
#14377 = ( GEOMETRIC_REPRESENTATION_CONTEXT(2) 
PARAMETRIC_REPRESENTATION_CONTEXT() REPRESENTATION_CONTEXT('2D SPACE',''
  ) );
#14378 = ADVANCED_FACE('',(#14379),#14367,.T.);
#14379 = FACE_BOUND('',#14380,.F.);
#14380 = EDGE_LOOP('',(#14381,#14410,#14431,#14432));
#14381 = ORIENTED_EDGE('',*,*,#14382,.F.);
#14382 = EDGE_CURVE('',#14383,#14383,#14385,.T.);
#14383 = VERTEX_POINT('',#14384);
#14384 = CARTESIAN_POINT('',(9.,0.,38.));
#14385 = SURFACE_CURVE('',#14386,(#14391,#14398),.PCURVE_S1.);
#14386 = CIRCLE('',#14387,9.);
#14387 = AXIS2_PLACEMENT_3D('',#14388,#14389,#14390);
#14388 = CARTESIAN_POINT('',(0.,0.,38.));
#14389 = DIRECTION('',(0.,0.,1.));
#14390 = DIRECTION('',(1.,0.,0.));
#14391 = PCURVE('',#14367,#14392);
#14392 = DEFINITIONAL_REPRESENTATION('',(#14393),#14397);
#14393 = LINE('',#14394,#14395);
#14394 = CARTESIAN_POINT('',(-0.,0.));
#14395 = VECTOR('',#14396,1.);
#14396 = DIRECTION('',(-1.,0.));
#14397 = ( GEOMETRIC_REPRESENTATION_CONTEXT(2) 
PARAMETRIC_REPRESENTATION_CONTEXT() REPRESENTATION_CONTEXT('2D SPACE',''
  ) );
#14398 = PCURVE('',#14399,#14404);
#14399 = PLANE('',#14400);
#14400 = AXIS2_PLACEMENT_3D('',#14401,#14402,#14403);
#14401 = CARTESIAN_POINT('',(-3.038755850088E-16,2.403571302733E-16,38.)
  );
#14402 = DIRECTION('',(0.,0.,1.));
#14403 = DIRECTION('',(1.,0.,-0.));
#14404 = DEFINITIONAL_REPRESENTATION('',(#14405),#14409);
#14405 = CIRCLE('',#14406,9.);
#14406 = AXIS2_PLACEMENT_2D('',#14407,#14408);
#14407 = CARTESIAN_POINT('',(3.038755850088E-16,-2.403571302733E-16));
#14408 = DIRECTION('',(1.,0.));
#14409 = ( GEOMETRIC_REPRESENTATION_CONTEXT(2) 
PARAMETRIC_REPRESENTATION_CONTEXT() REPRESENTATION_CONTEXT('2D SPACE',''
  ) );
#14410 = ORIENTED_EDGE('',*,*,#14411,.T.);
#14411 = EDGE_CURVE('',#14383,#14347,#14412,.T.);
#14412 = SEAM_CURVE('',#14413,(#14417,#14424),.PCURVE_S1.);
#14413 = LINE('',#14414,#14415);
#14414 = CARTESIAN_POINT('',(9.,0.,38.));
#14415 = VECTOR('',#14416,1.);
#14416 = DIRECTION('',(0.,0.,1.));
#14417 = PCURVE('',#14367,#14418);
#14418 = DEFINITIONAL_REPRESENTATION('',(#14419),#14423);
#14419 = LINE('',#14420,#14421);
#14420 = CARTESIAN_POINT('',(-6.28318530718,0.));
#14421 = VECTOR('',#14422,1.);
#14422 = DIRECTION('',(-0.,-1.));
#14423 = ( GEOMETRIC_REPRESENTATION_CONTEXT(2) 
PARAMETRIC_REPRESENTATION_CONTEXT() REPRESENTATION_CONTEXT('2D SPACE',''
  ) );
#14424 = PCURVE('',#14367,#14425);
#14425 = DEFINITIONAL_REPRESENTATION('',(#14426),#14430);
#14426 = LINE('',#14427,#14428);
#14427 = CARTESIAN_POINT('',(-0.,0.));
#14428 = VECTOR('',#14429,1.);
#14429 = DIRECTION('',(-0.,-1.));
#14430 = ( GEOMETRIC_REPRESENTATION_CONTEXT(2) 
PARAMETRIC_REPRESENTATION_CONTEXT() REPRESENTATION_CONTEXT('2D SPACE',''
  ) );
#14431 = ORIENTED_EDGE('',*,*,#14346,.F.);
#14432 = ORIENTED_EDGE('',*,*,#14411,.F.);
#14433 = ADVANCED_FACE('',(#14434),#14399,.F.);
#14434 = FACE_BOUND('',#14435,.F.);
#14435 = EDGE_LOOP('',(#14436));
#14436 = ORIENTED_EDGE('',*,*,#14382,.T.);
#14437 = ( GEOMETRIC_REPRESENTATION_CONTEXT(3) 
GLOBAL_UNCERTAINTY_ASSIGNED_CONTEXT((#14441)) 
GLOBAL_UNIT_ASSIGNED_CONTEXT((#14438,#14439,#14440)) 
REPRESENTATION_CONTEXT('Context #1',
  '3D Context with UNIT and UNCERTAINTY') );
#14438 = ( LENGTH_UNIT() NAMED_UNIT(*) SI_UNIT(.MILLI.,.METRE.) );
#14439 = ( NAMED_UNIT(*) PLANE_ANGLE_UNIT() SI_UNIT($,.RADIAN.) );
#14440 = ( NAMED_UNIT(*) SI_UNIT($,.STERADIAN.) SOLID_ANGLE_UNIT() );
#14441 = UNCERTAINTY_MEASURE_WITH_UNIT(LENGTH_MEASURE(1.E-07),#14438,
  'distance_accuracy_value','confusion accuracy');
#14442 = CONTEXT_DEPENDENT_SHAPE_REPRESENTATION(#14443,#14445);
#14443 = ( REPRESENTATION_RELATIONSHIP('','',#12770,#10) 
REPRESENTATION_RELATIONSHIP_WITH_TRANSFORMATION(#14444) 
SHAPE_REPRESENTATION_RELATIONSHIP() );
#14444 = ITEM_DEFINED_TRANSFORMATION('','',#11,#23);
#14445 = PRODUCT_DEFINITION_SHAPE('Placement','Placement of an item',
  #14446);
#14446 = NEXT_ASSEMBLY_USAGE_OCCURRENCE('3','sensor_cabecote','',#5,
  #12765,$);
#14447 = PRODUCT_RELATED_PRODUCT_CATEGORY('part',$,(#12767));
#14448 = MECHANICAL_DESIGN_GEOMETRIC_PRESENTATION_REPRESENTATION('',(
    #14449),#6991);
#14449 = STYLED_ITEM('color',(#14450),#41);
#14450 = PRESENTATION_STYLE_ASSIGNMENT((#14451));
#14451 = SURFACE_STYLE_USAGE(.BOTH.,#14452);
#14452 = SURFACE_SIDE_STYLE('',(#14453));
#14453 = SURFACE_STYLE_FILL_AREA(#14454);
#14454 = FILL_AREA_STYLE('',(#14455));
#14455 = FILL_AREA_STYLE_COLOUR('',#14456);
#14456 = COLOUR_RGB('',0.750000000934,0.750000000934,0.78000000177);
#14457 = MECHANICAL_DESIGN_GEOMETRIC_PRESENTATION_REPRESENTATION('',(
    #14458),#14437);
#14458 = STYLED_ITEM('color',(#14459),#12771);
#14459 = PRESENTATION_STYLE_ASSIGNMENT((#14460));
#14460 = SURFACE_STYLE_USAGE(.BOTH.,#14461);
#14461 = SURFACE_SIDE_STYLE('',(#14462));
#14462 = SURFACE_STYLE_FILL_AREA(#14463);
#14463 = FILL_AREA_STYLE('',(#14464));
#14464 = FILL_AREA_STYLE_COLOUR('',#14465);
#14465 = COLOUR_RGB('',0.149999997808,0.350000000377,0.649999988539);
#14466 = MECHANICAL_DESIGN_GEOMETRIC_PRESENTATION_REPRESENTATION('',(
    #14467),#12752);
#14467 = STYLED_ITEM('color',(#14468),#7010);
#14468 = PRESENTATION_STYLE_ASSIGNMENT((#14469));
#14469 = SURFACE_STYLE_USAGE(.BOTH.,#14470);
#14470 = SURFACE_SIDE_STYLE('',(#14471));
#14471 = SURFACE_STYLE_FILL_AREA(#14472);
#14472 = FILL_AREA_STYLE('',(#14473));
#14473 = FILL_AREA_STYLE_COLOUR('',#14474);
#14474 = COLOUR_RGB('',0.55000000909,0.55000000909,0.599999994755);
ENDSEC;
END-ISO-10303-21;
